file,ogham_id,stone_key,title,ciic,cisp,cisp_url,tm,smr,repository,pn_building,pn_graveyard,pn_ecclesiastical_site,pn_site,pn_lake,pn_townland,pn_civil_parish,pn_parish,pn_town,pn_city,pn_sheading,pn_county,pn_region,pn_island,pn_historical,pn_country,pn_vernacular,geo_source,geo_note,geo_qid,geo_settled,gazetteer_uris,geo_raw,geo_cert,geo_hedge,geo_status,lat,lon,grid_raw,origplace_text
E-CON-001.xml,E-CON-001,E-CON-001,Worthyvale,470,WVALE/1,https://www.ucl.ac.uk/archaeology/cisp/database/stone/wvale_1.html,168506,,,,,,,,,,Forrabury and Minster,,,,Cornwall,,,,England,,,,,,,"50.640058, -4.675453",,,asserted,50.640058,-4.675453,SX 1092 8568,"Forrabury and Minster, Cornwall England 50.640058, -4.675453 National Grid Reference: SX 1092 8568"
E-CON-002.xml,E-CON-002,E-CON-002,Lannwenek | Lewannick 1,466,LWNCK/1,https://www.ucl.ac.uk/archaeology/cisp/database/stone/lwnck_1.html,172292,,,,,,,,,,Lewannick,,,,Cornwall,,,,England,,,,,,,"50.600492, -4.437475",,,asserted,50.600492,-4.437475,SX 2760 8070,"Lewannick, Cornwall England 50.600492, -4.437475 National Grid Reference: SX 2760 8070"
E-CON-003.xml,E-CON-003,E-CON-003,Lannwenek | Lewannick 2,467,LWNCK/2,https://www.ucl.ac.uk/archaeology/cisp/database/stone/lwnck_2.html,172763,,,,,,,,,,Lewannick,,,,Cornwall,,,,England,,,,,,,"50.600492, -4.437476",,,asserted,50.600492,-4.437476,SX 2760 8070,"Lewannick, Cornwall England 50.600492, -4.437476 National Grid Reference: SX 2760 8070"
E-CON-004.xml,E-CON-004,E-CON-004,Lanndohow | St Kew,484,STKEW/1,https://www.ucl.ac.uk/archaeology/cisp/database/stone/stkew_1.html,172385,,,,,,,,,,St Kew,,,,Cornwall,,,,England,,,,,,,"50.558014, -4.794633",,,asserted,50.558014,-4.794633,SX 0215 7687,"St Kew, Cornwall England 50.558014, -4.794633 National Grid Reference: SX 0215 7687"
E-CON-005.xml,E-CON-005,E-CON-005,Pennwydh | Penwith,-,x,,,,Royal Cornwall Museum,,,,,,,,Penzance | Penwith,,,,Cornwall,,,,England,,,,,,,"50.088333, -5.545833",,,asserted,50.088333,-5.545833,SW 46459 26933,"Penzance | Penwith, Cornwall England 50.088333, -5.545833 National Grid Reference: SW 46459 26933"
E-CON-X01.xml,E-CON-X01,E-CON-X01,Lewannick 3,,LWNCC/1,https://www.ucl.ac.uk/archaeology/cisp/database/stone/lwncc_1.html,,,,,,,,,,,Lewannick,,,,Cornwall,,,,England,,,,,,,"50.594025, -4.445619",,,asserted,50.594025,-4.445619,SX 2700 8000,"Lewannick, Cornwall England 50.594025, -4.445619 National Grid Reference: SX 2700 8000"
E-CON-X02.xml,E-CON-X02,E-CON-X02,Lancarffe,457,LCARF/1,https://www.ucl.ac.uk/archaeology/cisp/database/stone/lcarf_1.html,173851,,,,,,,,,,Helland,,,,Cornwall,,,,England,,,,,,,"50.489336, -4.705275",,,asserted,50.489336,-4.705275,SX 0820 6900,"Helland, Cornwall, England 50.489336, -4.705275 National Grid Reference: SX 0820 6900"
E-CON-X03.xml,E-CON-X03,E-CON-X03,St Clement,473,SCLEM/1,https://www.ucl.ac.uk/archaeology/cisp/database/stone/sclem_1.html,168498,,,,,,,,,,St Clement,,,,Cornwall,,,,England,,,,,,,"50.255903, -5.016133",,,asserted,50.255903,-5.016133,SW 8510 4390,"St Clement, Cornwall England 50.255903, -5.016133 National Grid Reference: SW 8510 4390"
E-CON-X04.xml,E-CON-X04,E-CON-X04,St Endellion,478,SENDL/1,https://www.ucl.ac.uk/archaeology/cisp/database/stone/sendl_1.html,168504,,,,,,,,,,St Endellion,,,,Cornwall,,,,England,,,,,,,"50.582325, -4.841989",,,asserted,50.582325,-4.841989,SW 9890 7970,"St Endellion, Cornwall England 50.582325, -4.841989 National Grid Reference: SW 9890 7970"
E-DEV-001.xml,E-DEV-001,E-DEV-001,Fardel,489,FARDL/1,https://www.ucl.ac.uk/archaeology/cisp/database/stone/fardl_1.html,168513,,British Museum,,,,,,,,Cornwood,,,,Devon,,,,England,,,,,,,"50.400019, -3.955761",,,asserted,50.400019,-3.955761,SX 6110 5740,"Cornwood, Devon England 50.400019, -3.955761 National Grid Reference: SX 6110 5740"
E-DEV-002.xml,E-DEV-002,E-DEV-002,Roborough Down,488,TVST3/1,https://www.ucl.ac.uk/archaeology/cisp/database/stone/tvst3_1.html,173860,,,,,,,,,,Buckland Monachorum,,,,Devon,,,,England,,,,,,,"50.503978, -4.130694",,,asserted,50.503978,-4.130694,SX 4900 6930,"Buckland Monachorum, Devon England 50.503978, -4.130694 National Grid Reference: SX 4900 6930"
E-DEV-X01.xml,E-DEV-X01,E-DEV-X01,Brendon,,,,,,,,,,,,,,Brendon,,,,Devon,,,,England,,,,,,,"51.199733, -3.810378",,,asserted,51.199733,-3.810378,SS 7361 4606,"Brendon, Devon England 51.199733, -3.810378 National Grid Reference: SS 7361 4606"
E-HAM-001.xml,E-HAM-001,E-HAM-001,Silchester,496,SILCH/1,https://www.ucl.ac.uk/archaeology/cisp/database/stone/silch_1.html,172377,,Reading Museum,,,,,,,,Silchester Roman Town,,,,Hampshire,,,,England,,,,,,,"51.357914, -1.019333",,,asserted,51.357914,-1.019333,SU 6838 6255,"Silchester Roman Town, Hampshire England 51.357914, -1.019333 National Grid Reference: SU 6838 6255"
E-NFK-001.xml,E-NFK-001,E-NFK-001,Weeting-with-Broomhill,,,,,,Norwich Castle Museum,,,,,,,,Weeting-with-Broomhill,,,,Norfolk,,,,England,,,,,,,"52.477039, 0.581231",,,asserted,52.477039,0.581231,TL 7540 8970,"Weeting-with-Broomhill, Norfolk, England 52.477039, 0.581231 National Grid Reference: TL 7540 8970"
E-STS-001.xml,E-STS-001,E-STS-001,Uttoxeter,,,,,,,,,,,,,,Uttoxeter,,,,Staffordshire,,,,England,,,,,,,"52.8983, -1.8678",,,asserted,52.8983,-1.8678,SK 0949 3264,"Uttoxeter, Staffordshire England 52.8983, -1.8678 approx. National Grid Reference: SK 0949 3264"
E-WAR-001.xml,E-WAR-001,E-WAR-001,Coventry,,,,,,Herbert Art Gallery and Museum,,,,,,,,Binley and Willenhall,,,,Warwickshire,,,,England,,,,,,,"52.398772, -1.457633",,,asserted,52.398772,-1.457633,SP 37 78,"Binley and Willenhall, Warwickshire, England 52.398772, -1.457633 National Grid Reference: SP 37 78"
E-WRY-001.xml,E-WRY-001,E-WRY-001,Vale of York brooch fragment,,,,,,British Museum,,,,,,,,Harrogate,,,,West Riding of Yorkshire,,,,England,,,,,,,"53.989228, -1.530225",,,asserted,53.989228,-1.530225,SE 3090 5490,"Harrogate, West Riding of Yorkshire, England 53.989228, -1.530225 National Grid Reference: SE 3090 5490"
I-ANT-001.xml,I-ANT-001,I-ANT-001,Carn Coim | Carncome 1,309,CRCOM/1,https://www.ucl.ac.uk/archaeology/cisp/database/stone/crcom_1.html,,,,,,,,,Carncome,,,,,,Co. Antrim,,,,Northern Ireland,Carn Coim (ga),,,,,https://www.logainm.ie/ga/61366,"54.8045, -6.1961",,,asserted,54.8045,-6.1961,J1604096680,"Carncome (Carn Coim), Co. Antrim, Northern Ireland 54.8045, -6.1961 approximate. National Grid Reference: J1604096680"
I-ANT-002.xml,I-ANT-002,I-ANT-002,Carn Coim | Carncome 2,310,CRCOM/2,https://www.ucl.ac.uk/archaeology/cisp/database/stone/crcom_2.html,,,National Museum of Ireland,,,,,,Carncome,,,,,,Co. Antrim,,,,Northern Ireland,Carn Coim (ga),,,,,https://www.logainm.ie/ga/61366,"54.8045, -6.1961",,,asserted,54.8045,-6.1961,J1604096680,"Carncome (Carn Coim), Co. Antrim, Northern Ireland 54.8045, -6.1961 approximate. National Grid Reference: J1604096680"
I-ANT-003.xml,I-ANT-003,I-ANT-003,Gartree,,,,,,,,,,,,Gartree (?),,,,,,Co. Antrim,,,,Northern Ireland,Gort Rí (ga),,,,,,"54.617977, -6.288513",,,asserted,54.617977,-6.288513,J 1054775774,"Gartree (Gort Rí?) Co. Antrim Northern Ireland 54.617977, -6.288513 National Grid Reference: J 1054775774"
I-ARM-001.xml,I-ARM-001,I-ARM-001,Droim Conmhaoil | Drumconwell,311,DRCOM/1,https://www.ucl.ac.uk/archaeology/cisp/database/stone/drcom_1.html,,,Armagh Robinson library (No 5 Vicars’ Hill Museum),,,,,,Drumconwell,,,,,,Co. Armagh,,,,Northern Ireland,Droim Conmhaoil (ga),,,,,https://www.logainm.ie/en/56262,"54.302925, -6.651108",,,asserted,54.302925,-6.651108,H 8780 4020,"Drumconwell (Droim Conmhaoil), Co. Armagh, Northern Ireland 54.302925, -6.651108 National Grid Reference: H 8780 4020"
I-CAR-001.xml,I-CAR-001,I-CAR-001,Cluain Mhór | Clonmore,15,CLMOR/1,,,CW009-028021-,,,,Clonmore,,,Glebe,,,,,,Co. Carlow,,,,Ireland,Cluain Mhór (ga),,,,,https://www.logainm.ie/en/3008,"52.827268, -6.57009",,,asserted,52.827268,-6.57009,"696369, 676093","Clonmore (Cluain Mhór) Glebe Co. Carlow Ireland 52.827268, -6.57009 ITM Coordinates: 696369, 676093"
I-CAR-002.xml,I-CAR-002,I-CAR-002,Tobar Phádraig | Patrickswell,,PTWEL/1,,,CW004-011----,,,,,,,Patrickswell,,,,,,Co. Carlow,,,,Ireland,Tobar Phádraig (ga),,,,,https://www.logainm.ie/en/3089,"52.884113, -6.682746",,,asserted,52.884113,-6.682746,"688656, 682280","Patrickswell (Tobar Phádraig) Co. Carlow Ireland 52.884113, -6.682746 ITM Coordinates: 688656, 682280"
I-CAR-003.xml,I-CAR-003,I-CAR-003,An Ráth Ghlas | Rathglass,16,RGLAS/1,,,CW013-018001-,,,,,,,Rathglass,,,,,,Co. Carlow,,,,Ireland,An Ráth Ghlas (ga),,,,,https://www.logainm.ie/en/3546,"52.784879, -6.720159",,,asserted,52.784879,-6.720159,"686333, 671194","Rathglass (An Ráth Ghlas) Co. Carlow Ireland 52.784879, -6.720159 ITM Coordinates: 686333, 671194"
I-CAR-004.xml,I-CAR-004,I-CAR-004,Tuca Mín | Tuckamine,17,TMINE/1,https://www.ucl.ac.uk/archaeology/cisp/database/stone/TMINE/1.html,172719,CW003-023----,National Museum of Ireland,,,,,,Tuckamine,,,,,,Co. Carlow,,,,Ireland,Tuca Mín (ga),,,,,https://www.logainm.ie/en/23480,"52.84355, -6.72916",,,asserted,52.84355,-6.72916,,"Tuckamine (Tuca Mín) Co. Carlow Ireland 52.84355, -6.72916 Possible original location"
I-CLA-003.xml,I-CLA-003,I-CLA-003,Inis | Ennis bead,53,,,,,British Museum,,,,,,,,,Ennis,,,Co. Clare,,,,Ireland,Inis (ga),,,,,https://www.logainm.ie/en/6104,"52.840588, -8.978509",,,asserted,52.840588,-8.978509,,"Ennis (Inis), Co. Clare, Ireland 52.840588, -8.978509 approximate location only"
I-CLA-004.xml,I-CLA-004,I-CLA-004,Cill Dalua | Killaloe,54,KLLOE/1,https://www.ucl.ac.uk/archaeology/cisp/database/stone/klloe_1.html,,CL045-033010-,,,,,,,Shantraud,Killaloe,,,,,Co. Clare,,,,Ireland,An tSeantsráid (ga) | Cill Dalua (ga),,,,,https://www.logainm.ie/en/56262 | https://www.logainm.ie/en/438,"52.806278, -8.439168",,,asserted,52.806278,-8.439168,"570383, 672893","Shantraud (An tSeantsráid), Killaloe (Cill Dalua), Co. Clare, Ireland 52.806278, -8.439168 ITM coordinates: 570383, 672893"
I-CLA-005.xml,I-CLA-005,I-CLA-005,Inis Cathaigh | Scattery Island,,SCATT/2,https://www.ucl.ac.uk/archaeology/cisp/database/stone/SCATT/2.html,,CL067-024016-,,,,,,,Scattery Island,,,,,,Co. Clare,,,,Ireland,Inis Cathaigh (ga),,,,,https://www.logainm.ie/en/7214,"52.615481, -9.517808",,,asserted,52.615481,-9.517808,"497218, 652664","Scattery Island (Inis Cathaigh) Co. Clare Ireland 52.615481, -9.517808 ITM coordinates: 497218, 652664"
I-COR-001.xml,I-COR-001,I-COR-001,An Com Liath Thoir | Coomleagh East,55,COOME/1,https://www.ucl.ac.uk/archaeology/cisp/database/stone/coome_1.html,172523,CO106-064----,,,,,,,Coomleagh East,,,,,,Co. Cork,,,,Ireland,An Com Liath Thoir (ga),,,,,https://www.logainm.ie/en/8558,"51.72827, -9.30337",,,asserted,51.72827,-9.30337,"509969, 553646","Coomleagh East (An Com Liath Thoir), Co. Cork, Ireland 51.72827, -9.30337 ITM Coordinates: 509969, 553646"
I-COR-002.xml,I-COR-002,I-COR-002,Ráth an Tóiteáin | Burnfort,56,BURNF/1,https://www.ucl.ac.uk/archaeology/cisp/database/stone/burnf_1.html,172484,CO042-052003-,,,,,,,Burnfort,,,,,,Co. Cork,,,,Ireland,Ráth an Tóiteáin (ga),,,,,https://www.logainm.ie/ga/11662,"52.072146, -8.597752",,,asserted,52.072146,-8.597752,"559024, 591294","Burnfort (Ráth an Tóiteáin), Co. Cork, Ireland 52.072146, -8.597752 ITM Coordinates: 559024, 591294"
I-COR-003.xml,I-COR-003,I-COR-003,Plácas | Greenhill 1,57,GRENL/1,https://www.ucl.ac.uk/archaeology/cisp/database/stone/grenl_1.html,172586,CO042-049002-,,,,,,,Greenhill,,,,,,Co. Cork,,,,Ireland,Plácas (ga),,,,,https://www.logainm.ie/ga/11670,"52.077602, -8.606835",,,asserted,52.077602,-8.606835,"558399, 591925","Greenhill (Plácas), Co. Cork Ireland 52.077602, -8.606835 ITM Coordinates: 558399, 591925"
I-COR-004.xml,I-COR-004,I-COR-004,Plácas | Greenhill 2,58,GRENL/2,https://www.ucl.ac.uk/archaeology/cisp/database/stone/grenl_2.html,172799,CO042-049001-,,,,,,,Greenhill,,,,,,Co. Cork,,,,Ireland,Plácas (ga),,,,,https://www.logainm.ie/ga/11670,"52.078072, -8.606918",,,asserted,52.078072,-8.606918,"558398, 591970","Greenhill (Plácas), Co. Cork, Ireland 52.078072, -8.606918 ITM Coordinates: 558398, 591970"
I-COR-005.xml,I-COR-005,I-COR-005,Baile na bPórtach | Ballynabortagh 1,59,BABOR/1,https://www.ucl.ac.uk/archaeology/cisp/database/stone/babor_1.html,172464,CO052-039001-,,,,,,,Ballynabortagh,,,,,,Co. Cork,,,,Ireland,Baile na bPórtach (ga),,,,,https://www.logainm.ie/ga/9511,"52.000015, -8.433359",,,asserted,52.000015,-8.433359,"570245, 583199","Ballynabortagh (Baile na bPórtach), Co. Cork, Ireland 52.000015, -8.433359 ITM Coordinates: 570245, 583199"
I-COR-006.xml,I-COR-006,I-COR-006,Baile na bPórtach | Ballynabortagh 2,60,BABOR/2,https://www.ucl.ac.uk/archaeology/cisp/database/stone/babor_2.html,,CO052-053----,,,,,,,Ballynabortagh,,,,,,Co. Cork,,,,Ireland,Baile na bPórtach (ga),,,,,https://www.logainm.ie/ga/9511,"51.999763, -8.433330",,,asserted,51.999763,-8.43333,"570245, 583170 (approximate only)","Ballynabortagh (Baile na bPórtach), Co. Cork, Ireland 51.999763, -8.433330 ITM Coordinates: 570245, 583170 (approximate only)"
I-COR-007.xml,I-COR-007,I-COR-007,Baile na bPórtach | Ballynabortagh 3,,,,,CO052-061002-,,,,,,,Ballynabortagh,,,,,,Co. Cork,,,,Ireland,Baile na bPórtach (ga),,,,,https://www.logainm.ie/ga/9511,"51.999912, -8.433859",,,asserted,51.999912,-8.433859,"570210, 583188","Ballynabortagh (Baile na bPórtach), Co. Cork, Ireland 51.999912, -8.433859 ITM Coordinates: 570210, 583188"
I-COR-008.xml,I-COR-008,I-COR-008,Baile na bPórtach | Ballynabortagh 4,,,,,CO052-061003-,,,,,,,Ballynabortagh,,,,,,Co. Cork,,,,Ireland,Baile na bPórtach (ga),,,,,https://www.logainm.ie/ga/9511,"51.999912, -8.433859",,,asserted,51.999912,-8.433859,"570210, 583188","Ballynabortagh (Baile na bPórtach), Co. Cork, Ireland 51.999912, -8.433859 ITM Coordinates: 570210, 583188"
I-COR-009.xml,I-COR-009,I-COR-009,Oileán an Easpaig | Bishop’s Island,61,BIISL/1,https://www.ucl.ac.uk/archaeology/cisp/database/stone/biisl_1.html,,CO053-072----,University College Cork,,,,,,Bishop’s Island,,,,,,Co. Cork,,,,Ireland,Oileán an Easpaig (ga),,,,,https://www.logainm.ie/ga/10395,"52.004, -8.358",low,,qualified,52.004,-8.358,,"Bishop’s Island (Oileán an Easpaig), Co. Cork, Ireland 52.004, -8.358 Approximate location"
I-COR-010.xml,I-COR-010,I-COR-010,Dún Bolg | Dunbulloge,62,DNBUL/1,https://www.ucl.ac.uk/archaeology/cisp/database/stone/dnbul_1.html,,CO063-026----,,,,,,,Dunbulloge,,,,,,Co. Cork,,,,Ireland,Dún Bolg (ga),,,,,https://www.logainm.ie/ga/9514,"51.980163, -8.457148",,,asserted,51.980163,-8.457148,"568598, 581001","Dunbulloge (Dún Bolg), Co. Cork Ireland 51.980163, -8.457148 ITM Coordinates: 568598, 581001"
I-COR-011.xml,I-COR-011,I-COR-011,Gleann an Mhuilinn | Glenawillin 1,63,GLEWI/1,https://www.ucl.ac.uk/archaeology/cisp/database/stone/glewi_1.html,,CO065-098----,University College Cork,,,,,,Glenawillin,,,,,,Co. Cork,,,,Ireland,Gleann an Mhuilinn (ga),,,,,https://www.logainm.ie/ga/12562,"51.969371, -8.179727",,,asserted,51.969371,-8.179727,"587641, 579717","Glenawillin (Gleann an Mhuilinn), Co. Cork, Ireland 51.969371, -8.179727 ITM Coordinates: 587641, 579717"
I-COR-012.xml,I-COR-012,I-COR-012,Gleann an Mhuilinn | Glenawillin 2,64,GLEWI/2,https://www.ucl.ac.uk/archaeology/cisp/database/stone/glewi_2.html,,CO065-033----,,,,,,,Glenawillin,,,,,,Co. Cork,,,,Ireland,Gleann an Mhuilinn (ga),,,,,https://www.logainm.ie/ga/12562,"51.969371, -8.179727",,,asserted,51.969371,-8.179727,"587934, 579450","Glenawillin (Gleann an Mhuilinn), Co. Cork, Ireland 51.969371, -8.179727 ITM Coordinates: 587934, 579450"
I-COR-013.xml,I-COR-013,I-COR-013,Ráth Ghobáin | Rathcobane,65,RACOB/1,https://www.ucl.ac.uk/archaeology/cisp/database/stone/racob_1.html,,CO054-067----,,,,,,,Rathcobane,,,,,,Co. Cork,,,,Ireland,Ráth Ghobáin (ga),,,,,https://www.logainm.ie/ga/12537,"52.0089, -8.2519",,,asserted,52.0089,-8.2519,"582705, 584120","Rathcobane (Ráth Ghobáin), Co. Cork, Ireland 52.0089, -8.2519 ITM Coordinates: 582705, 584120"
I-COR-014.xml,I-COR-014,I-COR-014,Fánchoill agus Na Coillte | Faunkill and the Woods,66,FKWOO/1,https://www.ucl.ac.uk/archaeology/cisp/database/stone/fkwoo_1.html,,CO102-013----,,,,,,,Faunkill and the Woods,,,,,,Co. Cork,,,,Ireland,Fánchoill agus Na Coillte (ga),,,,,https://www.logainm.ie/ga/8780,"51.712874, -9.944582",,,asserted,51.712874,-9.944582,"465690, 552974","Faunkill and the Woods (Fánchoill agus Na Coillte), Co. Cork, Ireland 51.712874, -9.944582 ITM Coordinates: 465690, 552974"
I-COR-015.xml,I-COR-015,I-COR-015,Gamhair | Gour,67,GOUR/1,https://www.ucl.ac.uk/archaeology/cisp/database/stone/gour_1.html,,CO127-006----,,,,,,,Gour,,,,,,Co. Cork,,,,Ireland,Gamhair (ga),,,,,https://www.logainm.ie/ga/8815,"51.634283, -9.978493",,,asserted,51.634283,-9.978493,"463052, 544287","Gour (Gamhair), Co. Cork, Ireland 51.634283, -9.978493 ITM Coordinates: 463052, 544287"
I-COR-016.xml,I-COR-016,I-COR-016,Chill Cháscann | Kilcaskan,68,KLCAS/1,https://www.ucl.ac.uk/archaeology/cisp/database/stone/klcas_1.html,,SMR ID: CO103-003003-,,,,,,,Kilcaskan,,,,,,Co. Cork,,,,Ireland,Chill Cháscann (ga),,,,,https://www.logainm.ie/en/8679,"51.708247, -9.710550",,,asserted,51.708247,-9.71055,"481786, 552037","Kilcaskan (Chill Cháscann), Co. Cork, Ireland 51.708247, -9.710550 ITM Coordinates: 481786, 552037"
I-COR-017.xml,I-COR-017,I-COR-017,Achadh Loiscthe | Ahalisky 1,69,AHLIS/1,https://www.ucl.ac.uk/archaeology/cisp/database/stone/ahlis_1.html,,CO122-049003-,National Museum of Ireland,,,,,,Ahalisky,,,,,,Co. Cork,,,,Ireland,Achadh Loiscthe (ga),,,,,https://www.logainm.ie/ga/9071,"51.681206, -8.847020",,,asserted,51.681206,-8.84702,"541423, 547985","Ahalisky (Achadh Loiscthe), Co. Cork, Ireland 51.681206, -8.847020 ITM Coordinates: 541423, 547985"
I-COR-018.xml,I-COR-018,I-COR-018,Achadh Loiscthe | Ahalisky 2,70,AHLIS/2,https://www.ucl.ac.uk/archaeology/cisp/database/stone/ahlis_2.html,,CO122-049004-,National Museum of Ireland,,,,,,Ahalisky,,,,,,Co. Cork,,,,Ireland,Achadh Loiscthe (ga),,,,,https://www.logainm.ie/ga/9071,"51.681206, -8.847020",,,asserted,51.681206,-8.84702,"541423, 547985","Ahalisky (Achadh Loiscthe), Co. Cork, Ireland 51.681206, -8.847020 ITM Coordinates: 541423, 547985"
I-COR-019.xml,I-COR-019,I-COR-019,Achadh Loiscthe | Ahalisky 3,71,AHLIS/3,https://www.ucl.ac.uk/archaeology/cisp/database/stone/ahlis_3.html,,CO122-049005-,National Museum of Ireland,,,,,,Ahalisky,,,,,,Co. Cork,,,,Ireland,Achadh Loiscthe (ga),,,,,https://www.logainm.ie/ga/9071,"51.681206, -8.847020",,,asserted,51.681206,-8.84702,"541423, 547985","Ahalisky (Achadh Loiscthe), Co. Cork, Ireland 51.681206, -8.847020 ITM Coordinates: 541423, 547985"
I-COR-020.xml,I-COR-020,I-COR-020,Alltach | Aultagh,72,AUTAG/1,https://www.ucl.ac.uk/archaeology/cisp/database/stone/autag_1.html,,CO094-073----,,,,,,,Aultagh,,,,,,Co. Cork,,,,Ireland,Alltach (ga),,,,,https://www.logainm.ie/ga/9686,"51.770030, -9.09023",low,,qualified,51.77003,-9.09023,"524750, 558081","Aultagh (Alltach), Co. Cork, Ireland 51.770030, -9.09023 ITM Coordinates (approximate): 524750, 558081"
I-COR-021.xml,I-COR-021,I-COR-021,Ceathrú Bhaldair | Carhoovauler 1,73,CARHA/1,https://www.ucl.ac.uk/archaeology/cisp/database/stone/carha_1.html,,CO122-001003-,,,,,,,Carhoovauler,,,,,,Co. Cork,,,,Ireland,Ceathrú Bhaldair (ga),,,,,https://www.logainm.ie/ga/9111,"51.690842, -8.962643",,,asserted,51.690842,-8.962643,"533446, 549155","Carhoovauler (Ceathrú Bhaldair), Co. Cork, Ireland 51.690842, -8.962643 ITM Coordinates: 533446, 549155"
I-COR-022.xml,I-COR-022,I-COR-022,Ceathrú Bhaldair | Carhoovauler 2,74,CARHA/2,https://www.ucl.ac.uk/archaeology/cisp/database/stone/carha_2.html,,CO122-001004-,,,,,,,Carhoovauler,,,,,,Co. Cork,,,,Ireland,Ceathrú Bhaldair (ga),,,,,https://www.logainm.ie/ga/9111,"51.690842, -8.962643",,,asserted,51.690842,-8.962643,"533446, 549155","Carhoovauler (Ceathrú Bhaldair), Co. Cork, Ireland 51.690842, -8.962643 ITM Coordinates: 533446, 549155"
I-COR-023.xml,I-COR-023,I-COR-023,Ceathrú Bhaldair | Carhoovauler 3,,CARHA/3,https://www.ucl.ac.uk/archaeology/cisp/database/stone/carha_3.html,,CO122-001005-,,,,,,,Carhoovauler,,,,,,Co. Cork,,,,Ireland,Ceathrú Bhaldair (ga),,,,,https://www.logainm.ie/ga/9111,"51.690842, -8.962643",,,asserted,51.690842,-8.962643,"533446, 549155","Carhoovauler (Ceathrú Bhaldair), Co. Cork, Ireland 51.690842, -8.962643 ITM Coordinates: 533446, 549155"
I-COR-024.xml,I-COR-024,I-COR-024,Caoinráth | Keenrath,75,KEENH/1,https://www.ucl.ac.uk/archaeology/cisp/database/stone/keenh_1.html,,CO093-063----,,,,,,,Keenrath,,,,,,Co. Cork,,,,Ireland,Caoinráth (ga),,,,,https://www.logainm.ie/ga/9881,"51.759532, -9.177449",,,asserted,51.759532,-9.177449,"518717, 557012","Keenrath (Caoinráth), Co. Cork, Ireland 51.759532, -9.177449 ITM Coordinates: 518717, 557012"
I-COR-025.xml,I-COR-025,I-COR-025,Teampall Brianaid Thuaidh | Templebryan North,76,TEMAN/1,https://www.ucl.ac.uk/archaeology/cisp/database/stone/teman_1.html,,CO122-075004-,,,,,,,Templebryan North,,,,,,Co. Cork,,,,Ireland,Teampall Brianaid Thuaidh (ga),,,,,https://www.logainm.ie/ga/8996,"51.644724, -8.885746",,,asserted,51.644724,-8.885746,"538701, 543959","Templebryan North (Teampall Brianaid Thuaidh), Co. Cork, Ireland 51.644724, -8.885746 ITM Coordinates: 538701, 543959"
I-COR-026.xml,I-COR-026,I-COR-026,An Bhuirgéiseach | Burgatia,77,BURGA/1,https://www.ucl.ac.uk/archaeology/cisp/database/stone/burga_1.html,,CO143-100----,,,,,,,Burgatia,,,,,,Co. Cork,,,,Ireland,An Bhuirgéiseach (ga),,,,,https://www.logainm.ie/ga/9138,"51.578654, -9.008003",,,asserted,51.578654,-9.008003,"530105, 536690","Burgatia (An Bhuirgéiseach), Co. Cork, Ireland 51.578654, -9.008003 ITM Coordinates: 530105, 536690"
I-COR-027.xml,I-COR-027,I-COR-027,Cúil an Fhéich | Coolineagh 3,,,,,,"Pitt-Rivers Museum, Oxford",,,,,,Coolineagh,,,,,,Co. Cork,,,,Ireland,,,,,,https://www.logainm.ie/ga/11342,"51.952526, -8.815681",,,asserted,51.952526,-8.815681,"543865, 578136","Coolineagh (Cúil an Fhéich), Co. Cork, Ireland 51.952526, -8.815681approximate only ITM Coordinates: 543865, 578136"
I-COR-028.xml,I-COR-028,I-COR-028,Gleann an Phúca | Glenaphuca 1,79,RTHCA/1,https://www.ucl.ac.uk/archaeology/cisp/database/stone/rthca_1.html,,CO066-009----,National Museum of Ireland,,,,,,Glenaphuca,,,,,,Co. Cork,,,,Ireland,Gleann an Phúca (ga),,,,,https://www.logainm.ie/ga/12339,"51.96797, -8.07234",,,asserted,51.96797,-8.07234,"595063, 579538","Glenaphuca (Gleann an Phúca), Co. Cork Ireland 51.96797, -8.07234 ITM Coordinates (approximate): 595063, 579538"
I-COR-029.xml,I-COR-029,I-COR-029,Gleann an Phúca | Glenaphuca 2,80,RTHCA/2,https://www.ucl.ac.uk/archaeology/cisp/database/stone/rthca_2.html,,CO066-053----,National Museum of Ireland,,,,Rathcanning (Ráth an Cheanainn),,Glenaphuca,,,,,,Co. Cork,,,,Ireland,Gleann an Phúca (ga),,,,,https://www.logainm.ie/en/12340 | https://www.logainm.ie/ga/12339,"51.967973, -8.072345",,,asserted,51.967973,-8.072345,"594779, 579938","Rathcanning (Ráth an Cheanainn), Glenaphuca (Gleann an Phúca), Co. Cork, Ireland 51.967973, -8.072345 ITM Coordinates: 594779, 579938"
I-COR-030.xml,I-COR-030,I-COR-030,An Garrán | Garranes,81,GARES/1,https://www.ucl.ac.uk/archaeology/cisp/database/stone/gares_1.html,,CO084-090003-,University College Cork,,,,,,Garranes,,,,,,Co. Cork,,,,Ireland,An Garrán (ga),,,,,https://www.logainm.ie/ga/8299,"51.816848, -8.765479",,,asserted,51.816848,-8.765479,"547221, 563003","Garranes (An Garrán), Co. Cork, Ireland 51.816848, -8.765479 ITM Coordinates: 547221, 563003"
I-COR-031.xml,I-COR-031,I-COR-031,Baile an Chamhaicigh Thuaidh | Ballyknock North 1,82,BAKNK/1,https://www.ucl.ac.uk/archaeology/cisp/database/stone/baknk_1.html,,CO055-007002-,,,,,,,Ballyknock North,,,,,,Co. Cork,,,,Ireland,Baile an Chamhaicigh Thuaidh (ga),,,,,https://www.logainm.ie/ga/9971,"52.034620, -8.082370",,,asserted,52.03462,-8.08237,"594327, 586954","Ballyknock North (Baile an Chamhaicigh Thuaidh), Co. Cork Ireland 52.034620, -8.082370 ITM Coordinates: 594327, 586954"
I-COR-032.xml,I-COR-032,I-COR-032,Baile an Chamhaicigh Thuaidh | Ballyknock North 2,83,BAKNK/2,https://www.ucl.ac.uk/archaeology/cisp/database/stone/baknk_2.html,,CO055-007005-,University College Cork,,,,,,Ballyknock North,,,,,,Co. Cork,,,,Ireland,Baile an Chamhaicigh Thuaidh (ga),,,,,https://www.logainm.ie/ga/9971,"52.034620, -8.082370",,,asserted,52.03462,-8.08237,"594327, 586954","Ballyknock North (Baile an Chamhaicigh Thuaidh), Co. Cork Ireland 52.034620, -8.082370 ITM Coordinates: 594327, 586954"
I-COR-033.xml,I-COR-033,I-COR-033,Baile an Chamhaicigh Thuaidh | Ballyknock North 3,84,BAKNK/3,https://www.ucl.ac.uk/archaeology/cisp/database/stone/baknk_3.html,,CO055-007006-,,,,,,,Ballyknock North,,,,,,Co. Cork,,,,Ireland,Baile an Chamhaicigh Thuaidh (ga),,,,,https://www.logainm.ie/ga/9971,"52.034620, -8.082370",,,asserted,52.03462,-8.08237,"594327, 586954","Ballyknock North (Baile an Chamhaicigh Thuaidh), Co. Cork Ireland 52.034620, -8.082370 ITM Coordinates: 594327, 586954"
I-COR-034.xml,I-COR-034,I-COR-034,Baile an Chamhaicigh Thuaidh | Ballyknock North 4,85,BAKNK/4,https://www.ucl.ac.uk/archaeology/cisp/database/stone/baknk_4.html,,CO055-007007-,University College Cork,,,,,,Ballyknock North,,,,,,Co. Cork,,,,Ireland,Baile an Chamhaicigh Thuaidh (ga),,,,,https://www.logainm.ie/ga/9971,"52.034620, -8.082370",,,asserted,52.03462,-8.08237,"594327, 586954","Ballyknock North (Baile an Chamhaicigh Thuaidh), Co. Cork Ireland 52.034620, -8.082370 ITM Coordinates: 594327, 586954"
I-COR-035.xml,I-COR-035,I-COR-035,Baile an Chamhaicigh Thuaidh | Ballyknock North 5,86,BAKNK/5,https://www.ucl.ac.uk/archaeology/cisp/database/stone/baknk_5.html,173055,CO055-007008-,University College Cork,,,,,,Ballyknock North,,,,,,Co. Cork,,,,Ireland,Baile an Chamhaicigh Thuaidh (ga),,,,,https://www.logainm.ie/ga/9971,"52.034620, -8.082370",,,asserted,52.03462,-8.08237,"594327, 586954","Ballyknock North (Baile an Chamhaicigh Thuaidh), Co. Cork, Ireland 52.034620, -8.082370 ITM Coordinates: 594327, 586954"
I-COR-036.xml,I-COR-036,I-COR-036,Baile an Chamhaicigh Thuaidh | Ballyknock North 6,87,BAKNK/6,https://www.ucl.ac.uk/archaeology/cisp/database/stone/baknk_6.html,173056,CO055-007009-,University College Cork,,,,,,Ballyknock North,,,,,,Co. Cork,,,,Ireland,Baile an Chamhaicigh Thuaidh (ga),,,,,https://www.logainm.ie/ga/9971,"52.034620, -8.082370",,,asserted,52.03462,-8.08237,"594327, 586954","Ballyknock North (Baile an Chamhaicigh Thuaidh), Co. Cork Ireland 52.034620, -8.082370 ITM Coordinates: 594327, 586954"
I-COR-037.xml,I-COR-037,I-COR-037,Baile an Chamhaicigh Thuaidh | Ballyknock North 7,88,BAKNK/7,https://www.ucl.ac.uk/archaeology/cisp/database/stone/baknk_7.html,173057,CO055-007010-,University College Cork,,,,,,Ballyknock North,,,,,,Co. Cork,,,,Ireland,Baile an Chamhaicigh Thuaidh (ga),,,,,https://www.logainm.ie/ga/9971,"52.034620, -8.082370",,,asserted,52.03462,-8.08237,"594327, 586954","Ballyknock North (Baile an Chamhaicigh Thuaidh), Co. Cork, Ireland 52.034620, -8.082370 ITM Coordinates: 594327, 586954"
I-COR-038.xml,I-COR-038,I-COR-038,Baile an Chamhaicigh Thuaidh | Ballyknock North 8,89,BAKNK/8,https://www.ucl.ac.uk/archaeology/cisp/database/stone/baknk_8.html,,CO055-007011-,University College Cork,,,,,,Ballyknock North,,,,,,Co. Cork,,,,Ireland,Baile an Chamhaicigh Thuaidh (ga),,,,,https://www.logainm.ie/ga/9971,"52.034620, -8.082370",,,asserted,52.03462,-8.08237,"594327, 586954","Ballyknock North (Baile an Chamhaicigh Thuaidh), Co. Cork, Ireland 52.034620, -8.082370 ITM Coordinates: 594327, 586954"
I-COR-039.xml,I-COR-039,I-COR-039,Baile an Chamhaicigh Thuaidh | Ballyknock North 9,90,BAKNK/9,https://www.ucl.ac.uk/archaeology/cisp/database/stone/baknk_9.html,,CO055-007012-,University College Cork,,,,,,Ballyknock North,,,,,,Co. Cork,,,,Ireland,Baile an Chamhaicigh Thuaidh (ga),,,,,https://www.logainm.ie/ga/9971,"52.034620, -8.082370",,,asserted,52.03462,-8.08237,"594327, 586954","Ballyknock North (Baile an Chamhaicigh Thuaidh), Co. Cork Ireland 52.034620, -8.082370 ITM Coordinates: 594327, 586954"
I-COR-040.xml,I-COR-040,I-COR-040,Baile an Chamhaicigh Thuaidh | Ballyknock North 10,91,BAKNK/10,https://www.ucl.ac.uk/archaeology/cisp/database/stone/baknk_10.html,,CO055-007013-,,,,,,,Ballyknock North,,,,,,Co. Cork,,,,Ireland,Baile an Chamhaicigh Thuaidh (ga),,,,,https://www.logainm.ie/ga/9971,"52.034620, -8.082370",,,asserted,52.03462,-8.08237,"594327, 586954","Ballyknock North (Baile an Chamhaicigh Thuaidh), Co. Cork Ireland 52.034620, -8.082370 ITM Coordinates: 594327, 586954"
I-COR-041.xml,I-COR-041,I-COR-041,Baile an Chamhaicigh Thuaidh | Ballyknock North 11,92,BAKNK/11,https://www.ucl.ac.uk/archaeology/cisp/database/stone/baknk_11.html,,CO055-007014-,University College Cork,,,,,,Ballyknock North,,,,,,Co. Cork,,,,Ireland,Baile an Chamhaicigh Thuaidh (ga),,,,,https://www.logainm.ie/ga/9971,"52.034620, -8.082370",,,asserted,52.03462,-8.08237,"594327, 586954","Ballyknock North (Baile an Chamhaicigh Thuaidh), Co. Cork, Ireland 52.034620, -8.082370 ITM Coordinates: 594327, 586954"
I-COR-042.xml,I-COR-042,I-COR-042,Baile an Chamhaicigh Thuaidh | Ballyknock North 12,93,BAKNK/12,https://www.ucl.ac.uk/archaeology/cisp/database/stone/baknk_12.html,,CO055-007015-,University College Cork,,,,,,Ballyknock North,,,,,,Co. Cork,,,,Ireland,Baile an Chamhaicigh Thuaidh (ga),,,,,https://www.logainm.ie/ga/9971,"52.034620, -8.082370",,,asserted,52.03462,-8.08237,"594327, 586954","Ballyknock North (Baile an Chamhaicigh Thuaidh), Co. Cork Ireland 52.034620, -8.082370 ITM Coordinates: 594327, 586954"
I-COR-043.xml,I-COR-043,I-COR-043,Baile an Chamhaicigh Thuaidh | Ballyknock North 13,94,BAKNK/13,https://www.ucl.ac.uk/archaeology/cisp/database/stone/baknk_13.html,,CO055-007016-,University College Cork,,,,,,Ballyknock North,,,,,,Co. Cork,,,,Ireland,Baile an Chamhaicigh Thuaidh (ga),,,,,https://www.logainm.ie/ga/9971,"52.034620, -8.082370",,,asserted,52.03462,-8.08237,"594327, 586954","Ballyknock North (Baile an Chamhaicigh Thuaidh), Co. Cork Ireland 52.034620, -8.082370 ITM Coordinates: 594327, 586954"
I-COR-044.xml,I-COR-044,I-COR-044,Baile an Chamhaicigh Thuaidh | Ballyknock North 14,95,BAKNK/14,https://www.ucl.ac.uk/archaeology/cisp/database/stone/baknk_14.html,,CO055-007017-,University College Cork,,,,,,Ballyknock North,,,,,,Co. Cork,,,,Ireland,Baile an Chamhaicigh Thuaidh (ga),,,,,https://www.logainm.ie/ga/9971,"52.034620, -8.082370",,,asserted,52.03462,-8.08237,"594327, 586954","Ballyknock North (Baile an Chamhaicigh Thuaidh), Co. Cork Ireland 52.034620, -8.082370 ITM Coordinates: 594327, 586954"
I-COR-045.xml,I-COR-045,I-COR-045,Baile an Chamhaicigh Thuaidh | Ballyknock North 15,96,BAKNK/15,https://www.ucl.ac.uk/archaeology/cisp/database/stone/baknk_15.html,,CO055-007018-,University College Cork,,,,,,Ballyknock North,,,,,,Co. Cork,,,,Ireland,Baile an Chamhaicigh Thuaidh (ga),,,,,https://www.logainm.ie/ga/9971,"52.034620, -8.082370",,,asserted,52.03462,-8.08237,"594327, 586954","Ballyknock North (Baile an Chamhaicigh Thuaidh), Co. Cork Ireland 52.034620, -8.082370 ITM Coordinates: 594327, 586954"
I-COR-046.xml,I-COR-046,I-COR-046,Baile Sheanc | Ballyhank 1,97,BAHAN/1,https://www.ucl.ac.uk/archaeology/cisp/database/stone/bahan_1.html,,CO085-067003-,National Museum of Ireland,,,,,,Ballyhank,,,,,,Co. Cork,,,,Ireland,Baile Sheanc (ga),,,,,https://www.logainm.ie/ga/9212,"51.831516, -8.609832",,,asserted,51.831516,-8.609832,"557971, 564534","Ballyhank (Baile Sheanc), Co. Cork, Ireland 51.831516, -8.609832 ITM Coordinates: 557971, 564534"
I-COR-047.xml,I-COR-047,I-COR-047,Baile Sheanc | Ballyhank 2,98,BAHAN/2,https://www.ucl.ac.uk/archaeology/cisp/database/stone/bahan_2.html,172921,CO085-067004-,National Museum of Ireland,,,,,,Ballyhank,,,,,,Co. Cork,,,,Ireland,Baile Sheanc (ga),,,,,https://www.logainm.ie/ga/9212,"51.831516, -8.609832",,,asserted,51.831516,-8.609832,"557971, 564534","Ballyhank (Baile Sheanc), Co. Cork, Ireland 51.831516, -8.609832 ITM Coordinates: 557971, 564534"
I-COR-048.xml,I-COR-048,I-COR-048,Baile Sheanc | Ballyhank 3,99,BAHAN/3,https://www.ucl.ac.uk/archaeology/cisp/database/stone/bahan_3.html,,CO085-067005-,National Museum of Ireland,,,,,,Ballyhank,,,,,,Co. Cork,,,,Ireland,Baile Sheanc (ga),,,,,https://www.logainm.ie/ga/9212,"51.831516, -8.609832",,,asserted,51.831516,-8.609832,"557971, 564534","Ballyhank (Baile Sheanc), Co. Cork, Ireland 51.831516, -8.609832 ITM Coordinates: 557971, 564534"
I-COR-049.xml,I-COR-049,I-COR-049,Baile Sheanc | Ballyhank 4,100,BAHAN/4,https://www.ucl.ac.uk/archaeology/cisp/database/stone/bahan_4.html,,CO085-067006-,National Museum of Ireland,,,,,,Ballyhank,,,,,,Co. Cork,,,,Ireland,Baile Sheanc (ga),,,,,https://www.logainm.ie/ga/9212,"51.831516, -8.609832",,,asserted,51.831516,-8.609832,"557971, 564534","Ballyhank (Baile Sheanc), Co. Cork, Ireland 51.831516, -8.609832 ITM Coordinates: 557971, 564534"
I-COR-050.xml,I-COR-050,I-COR-050,Baile Sheanc | Ballyhank 5,101,BAHAN/5,https://www.ucl.ac.uk/archaeology/cisp/database/stone/bahan_5.html,,CO085-067007-,National Museum of Ireland,,,,,,Ballyhank,,,,,,Co. Cork,,,,Ireland,Baile Sheanc (ga),,,,,https://www.logainm.ie/ga/9212,"51.831516, -8.609832",,,asserted,51.831516,-8.609832,"557971, 564534","Ballyhank (Baile Sheanc), Co. Cork, Ireland 51.831516, -8.609832 ITM Coordinates: 557971, 564534"
I-COR-051.xml,I-COR-051,I-COR-051,Baile Sheanc | Ballyhank 6,102,BAHAN/6,https://www.ucl.ac.uk/archaeology/cisp/database/stone/bahan_6.html,,CO085-067008-,National Museum of Ireland,,,,,,Ballyhank,,,,,,Co. Cork,,,,Ireland,Baile Sheanc (ga),,,,,https://www.logainm.ie/ga/9212,"51.831516, -8.609832",,,asserted,51.831516,-8.609832,"557971, 564534","Ballyhank (Baile Sheanc), Co. Cork, Ireland 51.831516, -8.609832 ITM Coordinates: 557971, 564534"
I-COR-052.xml,I-COR-052,I-COR-052,Barr an Chárthainn | Barrahaurin,103,BARHA/1,https://www.ucl.ac.uk/archaeology/cisp/database/stone/barha_1.html,,CO050-045003-,University College Cork,,,,,,Barrahaurin,,,,,,Co. Cork,,,,Ireland,Barr an Chárthainn (ga),,,,,https://www.logainm.ie/ga/11454,"51.999993, -8.813893",,,asserted,51.999993,-8.813893,"544112, 583414","Barrahaurin (Barr an Chárthainn) Co. Cork Ireland 51.999993, -8.813893 ITM Coordinates: 544112, 583414"
I-COR-053.xml,I-COR-053,I-COR-053,Cúil an Fhéich | Coolineagh 1,104,COOGH/1,https://www.ucl.ac.uk/archaeology/cisp/database/stone/coogh_1.html,,CO061-080005-,,,,,,,Coolineagh,,,,,,Co. Cork,,,,Ireland,Cúil an Fhéich (ga),,,,,https://www.logainm.ie/ga/11342,"51.952236, -8.815354",,,asserted,51.952236,-8.815354,"543956, 578104","Coolineagh (Cúil an Fhéich), Co. Cork Ireland 51.952236, -8.815354 ITM Coordinates: 543956, 578104"
I-COR-054.xml,I-COR-054,I-COR-054,Cúil an Fhéich | Coolineagh 2,105,COOGH/2,https://www.ucl.ac.uk/archaeology/cisp/database/stone/coogh_2.html,,CO061-080007-,University College Cork,,,,,,Coolineagh,,,,,,Co. Cork,,,,Ireland,Cúil an Fhéich (ga),,,,,https://www.logainm.ie/ga/11342,"51.95252, -8.81568",,,asserted,51.95252,-8.81568,"543865, 578136","Coolineagh (Cúil an Fhéich), Co. Cork, Ireland 51.95252, -8.81568 ITM Coordinates (approximate): 543865, 578136"
I-COR-055.xml,I-COR-055,I-COR-055,Duílis | Deelish,106,DEELI/1,https://www.ucl.ac.uk/archaeology/cisp/database/stone/deeli_1.html,,CO060-172----,British Museum,,,,,,Deelish,,,,,,Co. Cork,,,,Ireland,Duílis (ga),,,,,https://www.logainm.ie/ga/11434,"51.9387, -8.88666",,,asserted,51.9387,-8.88666,,"Deelish (Duílis), Co. Cork, Ireland 51.9387, -8.88666 Findspot uncertain"
I-COR-056.xml,I-COR-056,I-COR-056,Gleann na gCloch Thuaidh | Glenaglogh,107,GLLOG/1,https://www.ucl.ac.uk/archaeology/cisp/database/stone/gllog_1.html,,CO060-190----,University College Cork,,,,,,Glenaglogh North,,,,,,Co. Cork,,,,Ireland,Gleann na gCloch Thuaidh (ga),,,,,https://www.logainm.ie/en/11549,"51.9907, -8.8671",,,asserted,51.9907,-8.8671,,"Glenaglogh North (Gleann na gCloch Thuaidh), Co. Cork Ireland 51.9907, -8.8671 Approximate location only."
I-COR-057.xml,I-COR-057,I-COR-057,Cill Chuilinn Theas | Kilcullen South,108,KILTH/1,https://www.ucl.ac.uk/archaeology/cisp/database/stone/kilth_1.html,,CO061-187----,,,,,,,Kilcullen South,,,,,,Co. Cork,,,,Ireland,Cill Chuilinn Theas (ga),,,,,https://www.logainm.ie/ga/11458,"51.981435, -8.797595",,,asserted,51.981435,-8.797595,"545217, 581342","Kilcullen South (Cill Chuilinn Theas), Co. Cork, Ireland 51.981435, -8.797595 ITM Coordinates: 545217, 581342"
I-COR-058.xml,I-COR-058,I-COR-058,Cill Martan Íochtarach | Kilmartin Lower,109,KLWER/1,https://www.ucl.ac.uk/archaeology/cisp/database/stone/klwer_1.html,,CO050-062003-,,,,,,,Kilmartin Lower,,,,,,Co. Cork,,,,Ireland,Cill Martan Íochtarach (ga),,,,,https://www.logainm.ie/ga/11460,"51.99226, -8.79807",,,asserted,51.99226,-8.79807,"545194, 582543","Kilmartin Lower (Cill Martan Íochtarach), Co. Cork, Ireland 51.99226, -8.79807 ITM Coordinates (approximate): 545194, 582543"
I-COR-059.xml,I-COR-059,I-COR-059,An Cnoc Ramhar | Knockrour 1,110,KNOUR/1,https://www.ucl.ac.uk/archaeology/cisp/database/stone/knour_1.html,,CO060-187----,,,,,,,Knockrour/Oughtihery,,,,,,Co. Cork,,,,Ireland,An Cnoc Ramhar (ga),,,,,https://www.logainm.ie/ga/11552,"51.96999, -8.84582",,,asserted,51.96999,-8.84582,"541859, 580127","Knockrour/Oughtihery (An Cnoc Ramhar), Co. Cork, Ireland 51.96999, -8.84582 ITM coordinates (approximate): 541859, 580127"
I-COR-060.xml,I-COR-060,I-COR-060,An Cnoc Ramhar | Knockrour 2,111,KNOUR/2,https://www.ucl.ac.uk/archaeology/cisp/database/stone/knour_2.html,,CO060-185----,,,,,,,Knockrour/Oughtihery,,,,,,Co. Cork,,,,Ireland,An Cnoc Ramhar (ga),,,,,https://www.logainm.ie/ga/11552,"51.969997, -8.845821",,,asserted,51.969997,-8.845821,"541866, 580109","Knockrour/Oughtihery (An Cnoc Ramhar), Co. Cork, Ireland 51.969997, -8.845821 ITM Coordinates: 541866, 580109"
I-COR-061.xml,I-COR-061,I-COR-061,An Cnoc Ramhar | Knockrour 3,,,,,CO060-188----,"Pitt-Rivers Museum, Oxford",,,,,,Knockrour/Oughtihery,,,,,,Co. Cork,,,,Ireland,An Cnoc Ramhar (ga),,,,,https://www.logainm.ie/ga/11552,"51.96999, -8.84582",,,asserted,51.96999,-8.84582,"541859, 580127","Knockrour/Oughtihery (An Cnoc Ramhar), Co. Cork, Ireland 51.96999, -8.84582 ITM Coordinates (approximate): 541859, 580127"
I-COR-062.xml,I-COR-062,I-COR-062,Cnoc Seanmhaí | Knockshanawee 1,112,KNWEE/1,https://www.ucl.ac.uk/archaeology/cisp/database/stone/knwee_1.html,,CO072-078003-,University College Cork,,,,,,Knockshanawee,,,,,,Co. Cork,,,,Ireland,Cnoc Seanmhaí (ga),,,,,https://www.logainm.ie/en/8237,"51.872673, -8.796211",,,asserted,51.872673,-8.796211,"545175, 569241","Knockshanawee (Cnoc Seanmhaí), Co. Cork, Ireland 51.872673, -8.796211 ITM Coordinates: 545175, 569241"
I-COR-063.xml,I-COR-063,I-COR-063,Cnoc Seanmhaí | Knockshanawee 2,113,KNWEE/2,https://www.ucl.ac.uk/archaeology/cisp/database/stone/knwee_2.html,,CO072-078004-,University College Cork,,,,,,Knockshanawee,,,,,,Co. Cork,,,,Ireland,Cnoc Seanmhaí (ga),,,,,https://www.logainm.ie/en/8237,"51.872673, -8.796211",,,asserted,51.872673,-8.796211,"545175, 569241","Knockshanawee (Cnoc Seanmhaí), Co. Cork, Ireland 51.872673, -8.796211 ITM Coordinates: 545175, 569241"
I-COR-064.xml,I-COR-064,I-COR-064,Cnoc Seanmhaí | Knockshanawee 3,114,KNWEE/3,https://www.ucl.ac.uk/archaeology/cisp/database/stone/knwee_3.html,,CO072-078005-,University College Cork,,,,,,Knockshanawee,,,,,,Co. Cork,,,,Ireland,Cnoc Seanmhaí (ga),,,,,https://www.logainm.ie/en/8237,"51.872673, -8.796211",,,asserted,51.872673,-8.796211,"545175, 569241","Knockshanawee (Cnoc Seanmhaí), Co. Cork Ireland 51.872673, -8.796211 ITM Coordinates: 545175, 569241"
I-COR-065.xml,I-COR-065,I-COR-065,Cnoc Seanmhaí | Knockshanawee 4,115,KNWEE/4,https://www.ucl.ac.uk/archaeology/cisp/database/stone/knwee_4.html,,CO072-078006-,University College Cork,,,,,,Knockshanawee,,,,,,Co. Cork,,,,Ireland,Cnoc Seanmhaí (ga),,,,,https://www.logainm.ie/en/8237,"51.872673, -8.796211",,,asserted,51.872673,-8.796211,"545175, 569241","Knockshanawee (Cnoc Seanmhaí), Co. Cork, Ireland 51.872673, -8.796211 ITM Coordinates: 545175, 569241"
I-COR-066.xml,I-COR-066,I-COR-066,Cnoc Seanmhaí | Knockshanawee 5,116,KNWEE/5,https://www.ucl.ac.uk/archaeology/cisp/database/stone/knwee_5.html,,CO072-078007-,University College Cork,,,,,,Knockshanawee,,,,,,Co. Cork,,,,Ireland,Cnoc Seanmhaí (ga),,,,,https://www.logainm.ie/en/8237,"51.872673, -8.796211",,,asserted,51.872673,-8.796211,"545175, 569241","Knockshanawee (Cnoc Seanmhaí), Co. Cork, Ireland 51.872673, -8.796211 ITM Coordinates: 545175, 569241"
I-COR-067.xml,I-COR-067,I-COR-067,Cnoc Seanmhaí | Knockshanawee 6,117,KNWEE/6,https://www.ucl.ac.uk/archaeology/cisp/database/stone/knwee_6.html,,CO072-078008-,University College Cork,,,,,,Knockshanawee,,,,,,Co. Cork,,,,Ireland,Cnoc Seanmhaí (ga),,,,,https://www.logainm.ie/en/8237,"51.872673, -8.796211",,,asserted,51.872673,-8.796211,"545175, 569241","Knockshanawee (Cnoc Seanmhaí), Co. Cork Ireland 51.872673, -8.796211 ITM Coordinates: 545175, 569241"
I-COR-068.xml,I-COR-068,I-COR-068,Caisleán Chúirt an Bharraigh | Barryscourt Castle,,,,,SMR ID: CO075-018001-,,,,,,,Barryscourt,,,,,,Co. Cork,,,,Ireland,Cúirt an Bharraigh (ga),,,,,https://www.logainm.ie/ga/12183,"51.90476, -8.25959",,,asserted,51.90476,-8.25959,"582156, 572523","Barryscourt (Cúirt an Bharraigh), Co. Cork, Ireland 51.90476, -8.25959 ITM Coordinates: 582156, 572523"
I-COR-069.xml,I-COR-069,I-COR-069,Móin an tSagairt | Monataggart 1,118,MONAT/1,https://www.ucl.ac.uk/archaeology/cisp/database/stone/monat_1.html,,SMR ID: CO061-022002-,National Museum of Ireland,,,,,,Monataggart,,,,,,Co. Cork,,,,Ireland,Móin an tSagairt (ga),,,,,https://www.logainm.ie/ga/11463,"51.976513, -8.787796",,,asserted,51.976513,-8.787796,"545879, 580808","Monataggart (Móin an tSagairt), Co. Cork, Ireland 51.976513, -8.787796 ITM Coordinates: 545879, 580808"
I-COR-070.xml,I-COR-070,I-COR-070,Móin an tSagairt | Monataggart 2,119,MONAT/2,https://www.ucl.ac.uk/archaeology/cisp/database/stone/monat_2.html,,SMR ID: CO061-022003-,National Museum of Ireland,,,,,,Monataggart,,,,,,Co. Cork,,,,Ireland,Móin an tSagairt (ga),,,,,https://www.logainm.ie/ga/11463,"51.976513, -8.787796",,,asserted,51.976513,-8.787796,"545879, 580808","Monataggart (Móin an tSagairt), Co. Cork, Ireland 51.976513, -8.787796 ITM Coordinates: 545879, 580808"
I-COR-071.xml,I-COR-071,I-COR-071,Móin an tSagairt | Monataggart 3,120,MONAT/3,https://www.ucl.ac.uk/archaeology/cisp/database/stone/monat_3.html,,SMR ID: CO061-022004-,National Museum of Ireland,,,,,,Monataggart,,,,,,Co. Cork,,,,Ireland,Móin an tSagairt (ga),,,,,https://www.logainm.ie/ga/11463,"51.976513, -8.787796",,,asserted,51.976513,-8.787796,"545879, 580808","Monataggart (Móin an tSagairt), Co. Cork Ireland 51.976513, -8.787796 ITM Coordinates: 545879, 580808"
I-COR-072.xml,I-COR-072,I-COR-072,Móin an tSagairt | Monataggart 4,121,MONAT/4,https://www.ucl.ac.uk/archaeology/cisp/database/stone/monat_4.html,,SMR ID: CO061-022005-,,,,,,,Monataggart,,,,,,Co. Cork,,,,Ireland,Móin an tSagairt (ga),,,,,https://www.logainm.ie/ga/11463,"51.976513, -8.787796",,,asserted,51.976513,-8.787796,"545879, 580808","Monataggart (Móin an tSagairt), Co. Cork, Ireland 51.976513, -8.787796 ITM Coordinates: 545879, 580808"
I-COR-073.xml,I-COR-073,I-COR-073,Cnoc idir Dhá Abhainn | Mountrivers 1,122,MNTRI/1,https://www.ucl.ac.uk/archaeology/cisp/database/stone/mntri_1.html,,SMR ID: CO061-079003-,,,,,,,Mountrivers,,,,,,Co. Cork,,,,Ireland,Cnoc idir Dhá Abhainn (ga),,,,,https://www.logainm.ie/ga/11553,"51.957629, -8.812110",,,asserted,51.957629,-8.81211,"544176, 578708","Mountrivers (Cnoc idir Dhá Abhainn), Co. Cork, Ireland 51.957629, -8.812110 ITM Coordinates: 544176, 578708"
I-COR-074.xml,I-COR-074,I-COR-074,Cnoc idir Dhá Abhainn | Mountrivers 2,123,MNTRI/2,https://www.ucl.ac.uk/archaeology/cisp/database/stone/mntri_2.html,,SMR ID: CO061-079004-,British Museum,,,,,,Mountrivers,,,,,,Co. Cork,,,,Ireland,Cnoc idir Dhá Abhainn (ga),,,,,https://www.logainm.ie/ga/11553,"51.957629, -8.812110",,,asserted,51.957629,-8.81211,"544176, 578708","Mountrivers (Cnoc idir Dhá Abhainn), Co. Cork, Ireland 51.957629, -8.812110 ITM Coordinates: 544176, 578708"
I-COR-076.xml,I-COR-076,I-COR-076,An Rú Mór | Rooves More 1,124,ROVMO/1,https://www.ucl.ac.uk/archaeology/cisp/database/stone/rovmo_1.html,,SMR ID: CO072-070003-,British Museum,,,,,,Rooves More,,,,,,Co. Cork,,,,Ireland,An Rú Mór (ga),,,,,https://www.logainm.ie/ga/11243,"51.883240, -8.788478",,,asserted,51.88324,-8.788478,"545708, 570419","Rooves More (An Rú Mór), Co. Cork, Ireland 51.883240, -8.788478 ITM Coordinates: 545708, 570419"
I-COR-077.xml,I-COR-077,I-COR-077,An Rú Mór | Rooves More 2,125,ROVMO/2,https://www.ucl.ac.uk/archaeology/cisp/database/stone/rovmo_2.html,,SMR ID: CO072-070004-,British Museum,,,,,,Rooves More,,,,,,Co. Cork,,,,Ireland,An Rú Mór (ga),,,,,https://www.logainm.ie/ga/11243,"51.883240, -8.788478",,,asserted,51.88324,-8.788478,"545708, 570419","Rooves More (An Rú Mór), Co. Cork, Ireland 51.883240, -8.788478 ITM Coordinates: 545708, 570419"
I-COR-078.xml,I-COR-078,I-COR-078,An Rú Mór | Rooves More 3,126,ROVMO/3,https://www.ucl.ac.uk/archaeology/cisp/database/stone/rovmo_3.html,,CO072-070002-,British Museum,,,,,,Rooves More,,,,,,Co. Cork,,,,Ireland,An Rú Mór (ga),,,,,https://www.logainm.ie/ga/11243,"51.883240, -8.788478",,,asserted,51.88324,-8.788478,"545708, 570419","Rooves More (An Rú Mór), Co. Cork, Ireland 51.883240, -8.788478 ITM Coordinates: 545708, 570419"
I-COR-079.xml,I-COR-079,I-COR-079,An Tulaigh Mhór | Tullig More,127,TLGMO/1,https://www.ucl.ac.uk/archaeology/cisp/database/stone/tlgmo_1.html,,CO061-182----,University College Cork,,,,,,Tullig More,,,,,,Co. Cork,,,,Ireland,An Tulaigh Mhór (ga),,,,,https://www.logainm.ie/ga/11538,"51.947, -8.758",,,asserted,51.947,-8.758,,"Tullig More (An Tulaigh Mhór), Co. Cork, Ireland 51.947, -8.758 Coordinates approximate to townland"
I-COR-080.xml,I-COR-080,I-COR-080,Carraig an Ghiolla | Carrigagulla,128,CRGUL/1,https://www.ucl.ac.uk/archaeology/cisp/database/stone/crgul_1.html,,CO049-052----,University College Cork,,,,,,Carrigagulla,,,,,,Co. Cork,,,,Ireland,Carraig an Ghiolla (ga),,,,,https://www.logainm.ie/ga/11451,"52.015, -8.909",,,asserted,52.015,-8.909,,"Carrigagulla (Carraig an Ghiolla), Co. Cork, Ireland 52.015, -8.909 Coordinates approximate to townland"
I-COR-081.xml,I-COR-081,I-COR-081,An Chúil Dorcha | Cooldorragha,129,COOLH/1,https://www.ucl.ac.uk/archaeology/cisp/database/stone/coolh_1.html,,SMR ID: CO082-045002-,,,,,,,Cooldorragha,,,,,,Co. Cork,,,,Ireland,An Chúil Dorcha (ga),,,,,https://www.logainm.ie/ga/9939,"51.83908, -9.02702",,,asserted,51.83908,-9.02702,"529224, 565704","Cooldorragha (An Chúil Dorcha), Co. Cork, Ireland 51.83908, -9.02702 ITM Coordinates (approximate): 529224, 565704"
I-COR-082.xml,I-COR-082,I-COR-082,Crionna Lua | Crinnaloo,130,CRNLO/1,https://www.ucl.ac.uk/archaeology/cisp/database/stone/crnlo_1.html,,SMR ID: CO040-053002-,,,,,,,Crinnaloo,,,,,,Co. Cork,,,,Ireland,Crionna Lua (ga),,,,,https://www.logainm.ie/ga/1372141,"52.069190, -8.935787",,,asserted,52.06919,-8.935787,"535846, 591206","Crinnaloo (Crionna Lua), Co. Cork, Ireland 52.069190, -8.935787 ITM Coordinates: 535846, 591206"
I-COR-083.xml,I-COR-083,I-COR-083,An tSeanchluain | Shanacloon 1,131,GLEBE/1,https://www.ucl.ac.uk/archaeology/cisp/database/stone/glebe_1.html,,SMR ID: CO058-039001-,,,,,,,Shanacloon,,,,,,Co. Cork,,,,Ireland,An tSeanchluain (ga),,,,,https://www.logainm.ie/ga/11382,"51.93525, -9.15294",,,asserted,51.93525,-9.15294,"520703, 576557","Shanacloon (An tSeanchluain), Co. Cork, Ireland 51.93525, -9.15294 ITM Coordinates (approximate): 520703, 576557"
I-COR-084.xml,I-COR-084,I-COR-084,An tSeanchluain | Shanacloon 2,132,GLEBE/2,https://www.ucl.ac.uk/archaeology/cisp/database/stone/glebe_2.html,,SMR ID: CO058-039006-,,,,,,,Shanacloon,,,,,,Co. Cork,,,,Ireland,An tSeanchluain (ga),,,,,https://www.logainm.ie/ga/11382,"51.93525, -9.15294",,,asserted,51.93525,-9.15294,"520703, 576557","Shanacloon (An tSeanchluain), Co. Cork, Ireland 51.93525, -9.15294 ITM Coordinates (approximate): 520703, 576557"
I-COR-085.xml,I-COR-085,I-COR-085,An tSeanchluain | Shanacloon 3,133,GLEBE/3,https://www.ucl.ac.uk/archaeology/cisp/database/stone/glebe_3.html,,SMR ID: CO058-039005-,,,,,,,Shanacloon,,,,,,Co. Cork,,,,Ireland,An tSeanchluain (ga),,,,,https://www.logainm.ie/ga/11382,"51.93525, -9.15294",,,asserted,51.93525,-9.15294,"520703, 576557","Shanacloon (An tSeanchluain), Co. Cork, Ireland 51.93525, -9.15294 ITM Coordinates (approximate): 520703, 576557"
I-COR-086.xml,I-COR-086,I-COR-086,Caolmhagh Mór | Kealvaugh More,134,KLVMO/1,https://www.ucl.ac.uk/archaeology/cisp/database/stone/klvmo_1.html,,SMR ID: CO081-018----,,,,,,,Kealvaugh More,,,,,,Co. Cork,,,,Ireland,Caolmhagh Mór (ga),,,,,https://www.logainm.ie/ga/9754,"51.83004, -9.2355",,,asserted,51.83004,-9.2355,"514843, 564927","Kealvaugh More (Caolmhagh Mór), Co. Cork, Ireland 51.83004, -9.2355 ITM Coordinates: 514843, 564927"
I-COR-087.xml,I-COR-087,I-COR-087,Cnoc Amhráin | Mountmusic,135,MUSIC/1,https://www.ucl.ac.uk/archaeology/cisp/database/stone/music_1.html,,CO082-095----,University College Cork,,,,,,Mountmusic,,,,,,Co. Cork,,,,Ireland,Cnoc Amhráin (ga),"CISP MUSIC/1; Macalister 1945, 131; Wikidata Q85394128","Mount Music / Knockoran, West Muskerry, Co. Cork. The edition carries an empty <geo/>. Macalister 1945, 131: Windele found the stone prostrate in a field in 1845, set it up again, later moved it to his own house; acquired from his representatives and now in University College Cork. The coordinate is the field, i.e. the findspot, not the college.",Q85394128,,https://www.logainm.ie/ga/9946,,,,supplied,51.926111,-9.083889,,"Mountmusic (Cnoc Amhráin), Co. Cork, Ireland Coordinates unknown"
I-COR-088.xml,I-COR-088,I-COR-088,Bun an Chnoic | Underhill 1,,,,,SMR ID: CO107-060----,National Museum of Ireland,,,,,,Underhill,,,,,,Co. Cork,,,,Ireland,Bun an Chnoic (ga),,,,,https://www.logainm.ie/ga/9871,"51.715236, -9.111685",,,asserted,51.715236,-9.111685,"523185, 552012","Underhill (Bun an Chnoic), Co. Cork, Ireland 51.715236, -9.111685 ITM Coordinates: 523185, 552012"
I-COR-089.xml,I-COR-089,I-COR-089,Bun an Chnoic | Underhill 2,,,,,SMR ID: CO107-059----,National Museum of Ireland,,,,,,Underhill,,,,,,Co. Cork,,,,Ireland,Bun an Chnoic (ga),,,,,https://www.logainm.ie/ga/9871,"51.715236, -9.111685",,,asserted,51.715236,-9.111685,"523185, 552012","Underhill (Bun an Chnoic), Co. Cork Ireland 51.715236, -9.111685 ITM Coordinates: 523185, 552012"
I-COR-090.xml,I-COR-090,I-COR-090,Bun an Chnoic | Underhill 3,,,,,SMR ID: CO107-058----,National Museum of Ireland,,,,,,Underhill,,,,,,Co. Cork,,,,Ireland,Bun an Chnoic (ga),,,,,https://www.logainm.ie/ga/9871,"51.715236, -9.111685",,,asserted,51.715236,-9.111685,"523185, 552012","Underhill (Bun an Chnoic), Co. Cork, Ireland 51.715236, -9.111685 ITM Coordinates: 523185, 552012"
I-COR-091.xml,I-COR-091,I-COR-091,Lios Catháin | Liscahane 1,,LHANE/1,https://www.ucl.ac.uk/archaeology/cisp/database/stone/lhane_1.html,,SMR ID: CO039-062004-,Millstreet Museum,,,,,,Liscahane,,,,,,Co. Cork,,,,Ireland,Lios Catháin (ga),,,,,https://www.logainm.ie/ga/12681,"52.052268, -9.045799",,,asserted,52.052268,-9.045799,"528271, 589435","Liscahane (Lios Catháin), Co. Cork, Ireland 52.052268, -9.045799 ITM Coordinates: 528271, 589435"
I-COR-092.xml,I-COR-092,I-COR-092,Lios Catháin | Liscahane 2,,LHANE/2,https://www.ucl.ac.uk/archaeology/cisp/database/stone/lhane_2.html,,SMR ID: CO039-062005-,Millstreet Museum,,,,,,Liscahane,,,,,,Co. Cork,,,,Ireland,Lios Catháin (ga),,,,,https://www.logainm.ie/ga/12681,"52.052268, -9.045799",,,asserted,52.052268,-9.045799,"528271, 589435","Liscahane (Lios Catháin), Co. Cork, Ireland 52.052268, -9.045799 ITM Coordinates: 528271, 589435"
I-COR-093.xml,I-COR-093,I-COR-093,Bun Coille | Bunkilla,,,,,SMR ID: CO061-074----,National Museum of Ireland,,,,,,Bunkilla,,,,,,Co. Cork,,,,Ireland,Bun Coille (ga),,,,,https://www.logainm.ie/ga/11387,"51.978115, -8.699242",,,asserted,51.978115,-8.699242,"551963, 580904","Bunkilla (Bun Coille), Co. Cork Ireland 51.978115, -8.699242 ITM Coordinates: 551963, 580904"
I-COR-094.xml,I-COR-094,I-COR-094,An Leaca Bhán | Lackabane,,,,,SMR ID: CO050-100003-,,,,,,,Lackabane,,,,,,Co. Cork,,,,Ireland,An Leaca Bhán (ga),,,,,https://www.logainm.ie/ga/11395,"51.995929, -8.741727",,,asserted,51.995929,-8.741727,"549065, 582921","Lackabane (An Leaca Bhán), Co. Cork, Ireland 51.995929, -8.741727 ITM Coordinates: 549065, 582921"
I-COR-095.xml,I-COR-095,I-COR-095,Na Barraí | Barrees,,,,,SMR ID: CO102-037----,,,,,,,Barrees,,,,,,Co. Cork,,,,Ireland,Na Barraí (ga),,,,,https://www.logainm.ie/ga/8767,"51.7112, -9.9272",,,asserted,51.7112,-9.9272,"466822, 552748","Barrees (Na Barraí), Co. Cork Ireland 51.7112, -9.9272 ITM Coordinates (approximate): 466822, 552748"
I-COR-096.xml,I-COR-096,I-COR-096,Gort na hEorna | Kilbrittain/Barleyfield,,,,,SMR ID: CO123-081----,,,,,,,Barleyfield,,,,,,Co. Cork,,,,Ireland,Gort na hEorna (ga),,,,,https://www.logainm.ie/ga/8271,"51.681223, -8.709778",,,asserted,51.681223,-8.709778,,"Barleyfield (Gort na hEorna), Co. Cork Ireland 51.681223, -8.709778"
I-COR-097.xml,I-COR-097,I-COR-097,Crosdoire | Crushterra,,,,,SMR ID: CO093-049----,,,,,,,Crushterra,,,,,,Co. Cork,,,,Ireland,Crosdoire (ga),,,,,https://www.logainm.ie/ga/9827,"51.793610, -9.132629",,,asserted,51.79361,-9.132629,"521874, 560758","Crushterra (Crosdoire), Co. Cork, Ireland 51.793610, -9.132629 ITM Coordinates: 521874, 560758"
I-COR-L11.xml,I-COR-L11,I-COR-L11,Cúil Eoghain | Coolowen,78,COOLN/1,,,CO063-101----,,,,,,,Coolowen,,,,,,Co. Cork,,,,Ireland,Cúil Eoghain (ga),,,,,https://www.logainm.ie/ga/9671,"51.955391, -8.534280",,,asserted,51.955391,-8.53428,,"Coolowen (Cúil Eoghain), Co. Cork, Ireland 51.955391, -8.534280 Precise location unknown"
I-COR-L13.xml,I-COR-L13,I-COR-L13,Cnoc Uí Ruairc | Knockyrourke,,,,,SMR ID: CO050-155----,,,,,,,Knockyrourke,,,,,,Co. Cork,,,,Ireland,Cnoc Uí Ruairc (ga),,,,,https://www.logainm.ie/ga/11394,"51.993410, -8.762792",,,asserted,51.99341,-8.762792,,"Knockyrourke (Cnoc Uí Ruairc), Co. Cork Ireland 51.993410, -8.762792 Approximate"
I-DON-001.xml,I-DON-001,I-DON-001,An Machaire Riabhach | Magherareagh,,,,,DG079-020----,,,,,,,Magherareagh,,,,,,Co. Donegal,,,,Ireland,An Machaire Riabhach (ga),,,,,https://www.logainm.ie/en/16139,"54.800162, -7.560190",,,asserted,54.800162,-7.56019,"628279, 894793","Magherareagh (An Machaire Riabhach) Co. Donegal Ireland 54.800162, -7.560190 ITM Coordinates: 628279, 894793"
I-FER-001.xml,I-FER-001,I-FER-001,Mullach an Chnoic | Topped Mountain,315,TMOUN/1,https://www.ucl.ac.uk/archaeology/cisp/database/stone/TMOUN/1.html,,,"Ulster Museum, Belfast",,,,,,Topped Mountain (also Toppid Mountain),,,,,,Co. Fermanagh,,,,Northern Ireland,Mullach an Chnoic (ga),,,,,https://www.logainm.ie/en/121032,"54.3594, -7.5217",,,asserted,54.3594,-7.5217,,"Topped Mountain (also Toppid Mountain) or Mulluknock (Mullach an Chnoic) Co. Fermanagh Northern Ireland 54.3594, -7.5217 National Grid Ref (Carn): H3114045750"
I-FER-L01.xml,I-FER-L01,I-FER-L01,Drumnarullagh,,,,,,,,,,,,Drumnarullagh,,,,,,Co. Fermanagh,,,,Northern Ireland,,,,,,,"54.524002, -7.7184727",,,asserted,54.524002,-7.7184727,,"Drumnarullagh Co. Fermanagh Northern Ireland 54.524002, -7.7184727 National Grid Ref: H1822864003"
I-FER-X01.xml,I-FER-X01,I-FER-X01,Ballydoolagh,,,,,,National Museum of Ireland,,,,,,Ballydoolaghh,,,,,,Co. Fermanagh,,,,Northern Ireland,Baile Dúlocha (ga),,,,,https://www.logainm.ie/en/61181,"54.38069, -7.56255",,,asserted,54.38069,-7.56255,,"Ballydoolaghh (Baile Dúlocha) Co. Fermanagh Northern Ireland 54.38069, -7.56255 National Grid Ref: H2849048170"
I-KER-001.xml,I-KER-001,I-KER-001,Ard Fhearta | Ardfert 1,136,ARDFE/1,https://www.ucl.ac.uk/archaeology/cisp/database/stone/ARDFE/1.html,www.trismegistos.org/text/172439,KE020-046029-,,,,,,,Ardfert,,,,,,Co. Kerry,,,,Ireland,Ard Fhearta (ga),,,,,https://www.logainm.ie/en/1411932,"52.32876, -9.78406",,,asserted,52.32876,-9.78406,,"Ardfert (Ard Fhearta) Co. Kerry Ireland 52.32876, -9.78406 approximate"
I-KER-002.xml,I-KER-002,I-KER-002,Ard Fhearta | Ardfert 2,,,https://www.ucl.ac.uk/archaeology/cisp/database/stone/.html,,KE020-046030-,,,,,,,Ardfert,,,,,,Co. Kerry,,,,Ireland,Ard Fhearta (ga),,,,,https://www.logainm.ie/en/1411932,"52.328817, -9.782728",,,asserted,52.328817,-9.782728,"478493, 621188","Ardfert (Ard Fhearta) Co. Kerry Ireland 52.328817, -9.782728 ITM coordinates: 478493, 621188"
I-KER-003.xml,I-KER-003,I-KER-003,An Deirc | Derk,,,https://www.ucl.ac.uk/archaeology/cisp/database/stone/.html,,KE017-022----,National Museum of Ireland,,,,,,Derk,,,,,,Co. Kerry,,,,Ireland,An Deirc (ga),,,,,https://www.logainm.ie/en/24130,"52.37150, -9.38419",,,asserted,52.3715,-9.38419,,"Derk (An Deirc) Co. Kerry Ireland 52.37150, -9.38419 Approximate only"
I-KER-004.xml,I-KER-004,I-KER-004,Clochán Ruairc | Fortwilliam,137,FORTW/1,https://www.ucl.ac.uk/archaeology/cisp/database/stone/FORTW/1.html,www.trismegistos.org/text/172566,KE021-138----,Trinity College Dublin,,,,,,Fortwilliam,,,,,,Co. Kerry,,,,Ireland,Clochán Ruairc (ga),,,,,https://www.logainm.ie/en/24261,"52.365209, -9.726907",,,asserted,52.365209,-9.726907,"482393, 625144 (probable)","Fortwilliam (Clochán Ruairc) Co. Kerry Ireland 52.365209, -9.726907 ITM coordinates: 482393, 625144 (probable)"
I-KER-005.xml,I-KER-005,I-KER-005,Áth an Charbaill | Aghacarrible 1,138,AGHIB/1,https://www.ucl.ac.uk/archaeology/cisp/database/stone/AGHIB/1.html,www.trismegistos.org/text/172431,KE054-006004-,,,,,,,Aghacarrible,,,,,,Co. Kerry,,,,Ireland,Áth an Charbaill (ga),,,,,https://www.logainm.ie/en/22713,"52.131899, -10.173865",,,asserted,52.131899,-10.173865,"451179, 600006","Aghacarrible (Áth an Charbaill) Co. Kerry Ireland 52.131899, -10.173865 ITM coordinates: 451179, 600006"
I-KER-006.xml,I-KER-006,I-KER-006,Áth an Charbaill | Aghacarrible 2,139,AGHIB/2,https://www.ucl.ac.uk/archaeology/cisp/database/stone/AGHIB/2.html,www.trismegistos.org/text/172834,KE054-006002-,,,,,,,Aghacarrible,,,,,,Co. Kerry,,,,Ireland,Áth an Charbaill (ga),,,,,https://www.logainm.ie/en/22713,"52.131899, -10.173865",,,asserted,52.131899,-10.173865,"451179, 600006","Aghacarrible (Áth an Charbaill) Co. Kerry Ireland 52.131899, -10.173865 ITM coordinates: 451179, 600006"
I-KER-007.xml,I-KER-007,I-KER-007,Áth an Charbaill | Aghacarrible 3,140,AGHIB/3,https://www.ucl.ac.uk/archaeology/cisp/database/stone/AGHIB/3.html,www.trismegistos.org/text/172861,KE054-006005-,,,,,,,Aghacarrible,,,,,,Co. Kerry,,,,Ireland,Áth an Charbaill (ga),,,,,https://www.logainm.ie/en/22713,"52.131899, -10.173865",,,asserted,52.131899,-10.173865,"451179, 600006","Aghacarrible (Áth an Charbaill) Co. Kerry Ireland 52.131899, -10.173865 ITM coordinates: 451179, 600006"
I-KER-008.xml,I-KER-008,I-KER-008,An Eaglais | Aglish 1,141,AGLIS/1,https://www.ucl.ac.uk/archaeology/cisp/database/stone/AGLIS/1.html,www.trismegistos.org/text/172434,KE054-032003-,National Museum of Ireland,,,,,,Aglish,,,,,,Co. Kerry,,,,Ireland,An Eaglais (ga),,,,,https://www.logainm.ie/en/22749,"52.13606, -10.13772",,,asserted,52.13606,-10.13772,"453672, 600395 approximate","Aglish (An Eaglais) Co. Kerry Ireland 52.13606, -10.13772 ITM coordinates: 453672, 600395 approximate"
I-KER-009.xml,I-KER-009,I-KER-009,An Eaglais | Aglish 2,142,AGLIS/2,https://www.ucl.ac.uk/archaeology/cisp/database/stone/AGLIS/2.html,www.trismegistos.org/text/172779,KE054-032004-,,,,,,,Aglish,,,,,,Co. Kerry,,,,Ireland,An Eaglais (ga),,,,,https://www.logainm.ie/en/22749,"52.13607, -10.13764",,,asserted,52.13607,-10.13764,"453663, 600395","Aglish (An Eaglais) Co. Kerry Ireland 52.13607, -10.13764 ITM coordinates (approximate): 453663, 600395"
I-KER-010.xml,I-KER-010,I-KER-010,Áth na gCeap | Annagap,143,ANGAP/1,https://www.ucl.ac.uk/archaeology/cisp/database/stone/ANGAP/1.html,www.trismegistos.org/text/172436,KE044-065003-,Cork Public Museum,,,,,,Annagap,,,,,,Co. Kerry,,,,Ireland,Áth na gCeap (ga),,,,,https://www.logainm.ie/en/22479,"52.16010, -10.05993",,,asserted,52.1601,-10.05993,"459066, 602920","Annagap (Áth na gCeap) Co. Kerry Ireland 52.16010, -10.05993 ITM coordinates (approximate): 459066, 602920"
I-KER-011.xml,I-KER-011,I-KER-011,Ard Draighneáin | Ardrinane,144,ARDNE/1,https://www.ucl.ac.uk/archaeology/cisp/database/stone/ARDNE/1.html,www.trismegistos.org/text/173394,KE044-126----,,,,,,,Ardrinane,,,,,,Co. Kerry,,,,Ireland,Ard Draighneáin (ga),,,,,https://www.logainm.ie/en/22455,"52.1468, -10.0516",,,asserted,52.1468,-10.0516,,"Ardrinane (Ard Draighneáin) Co. Kerry Ireland 52.1468, -10.0516 very approximate"
I-KER-012.xml,I-KER-012,I-KER-012,Airghleann | Arraglen,145,ARRAG/1,https://www.ucl.ac.uk/archaeology/cisp/database/stone/ARRAG/1.html,www.trismegistos.org/text/172441,KE025-002001-,,,,,,,Arraglen,,,,,,Co. Kerry,,,,Ireland,Airghleann (ga),,,,,https://www.logainm.ie/en/22488,"52.257799, -10.248991",,,asserted,52.257799,-10.248991,"446495, 614181","Arraglen (Airghleann ) Co. Kerry Ireland 52.257799, -10.248991 ITM coordinates: 446495, 614181"
I-KER-013.xml,I-KER-013,I-KER-013,An Riasc | Reask (Ballineanig),146,BLNIG/1,https://www.ucl.ac.uk/archaeology/cisp/database/stone/BLNIG/1.html,www.trismegistos.org/text/860655,KE042-151----,National Museum of Ireland,,,,,,Reask,,,,,,Co. Kerry,,,,Ireland,An Riasc (ga),,,,,https://www.logainm.ie/en/22747,"52.1639, -10.3909",,,asserted,52.1639,-10.3909,,"Reask (An Riasc ) Co. Kerry Ireland 52.1639, -10.3909 Very approximate"
I-KER-014.xml,I-KER-014,I-KER-014,Baile an Ístínigh | Ballineesteenig,147,BALEE/1,https://www.ucl.ac.uk/archaeology/cisp/database/stone/BALEE/1.html,www.trismegistos.org/text/172445,KE043-248----,,,,,,,Ballineesteenig,,,,,,Co. Kerry,,,,Ireland,Baile an Ístínigh (ga),,,,,https://www.logainm.ie/en/22707,"52.140119, -10.204740",,,asserted,52.140119,-10.20474,"449092, 600990","Ballineesteenig (Baile an Ístínigh ) Co. Kerry Ireland 52.140119, -10.204740 ITM coordinates: 449092, 600990"
I-KER-015.xml,I-KER-015,I-KER-015,Baile an Reannaigh | Ballinrannig 1,148,BALIG/1,https://www.ucl.ac.uk/archaeology/cisp/database/stone/BALIG/1.html,www.trismegistos.org/text/172447,KE042-057007-,,,,,,,Ballinrannig,,,,,,Co. Kerry,,,,Ireland,Baile an Reannaigh (ga),,,,,https://www.logainm.ie/en/22741,"52.1788, -10.3879",,,asserted,52.1788,-10.3879,"436682, 605700","Ballinrannig (Baile an Reannaigh) Co. Kerry Ireland 52.1788, -10.3879 ITM coordinates (approximate - location of remaining stone): 436682, 605700"
I-KER-016.xml,I-KER-016,I-KER-016,Baile an Reannaigh | Ballinrannig 2,149,BALIG/2,https://www.ucl.ac.uk/archaeology/cisp/database/stone/BALIG/2.html,www.trismegistos.org/text/172963,KE042-057006-,,,,,,,Ballinrannig,,,,,,Co. Kerry,,,,Ireland,Baile an Reannaigh (ga),,,,,https://www.logainm.ie/en/22741,"52.1788, -10.3879",,,asserted,52.1788,-10.3879,"436682, 605700","Ballinrannig (Baile an Reannaigh) Co. Kerry Ireland 52.1788, -10.3879 ITM coordinates (approximate - location of remaining stone): 436682, 605700"
I-KER-017.xml,I-KER-017,I-KER-017,Baile an Reannaigh | Ballinrannig 3,150,BALIG/3,https://www.ucl.ac.uk/archaeology/cisp/database/stone/BALIG/3.html,www.trismegistos.org/text/172968,KE042-057008-,,,,,,,Ballinrannig,,,,,,Co. Kerry,,,,Ireland,Baile an Reannaigh (ga),,,,,https://www.logainm.ie/en/22741,"52.1788, -10.3879",,,asserted,52.1788,-10.3879,"436682, 605700","Ballinrannig (Baile an Reannaigh) Co. Kerry Ireland 52.1788, -10.3879 ITM coordinates (approximate - location of remaining stone): 436682, 605700"
I-KER-018.xml,I-KER-018,I-KER-018,Baile an Reannaigh | Ballinrannig 4,151,BALIG/4,https://www.ucl.ac.uk/archaeology/cisp/database/stone/BALIG/4.html,www.trismegistos.org/text/172973,KE042-057009-,,,,,,,Ballinrannig,,,,,,Co. Kerry,,,,Ireland,Baile an Reannaigh (ga),,,,,https://www.logainm.ie/en/22741,"52.1788, -10.3879",,,asserted,52.1788,-10.3879,"436682, 605700","Ballinrannig (Baile an Reannaigh) Co. Kerry Ireland 52.1788, -10.3879 ITM coordinates (approximate - location of remaining stone): 436682, 605700"
I-KER-019.xml,I-KER-019,I-KER-019,Baile an Reannaigh | Ballinrannig 5,152,BALIG/5,https://www.ucl.ac.uk/archaeology/cisp/database/stone/BALIG/5.html,www.trismegistos.org/text/172978,KE042-057010-,,,,,,,Ballinrannig (>),,,,,,Co. Kerry,,,,Ireland,Baile an Reannaigh (ga),,,,,https://www.logainm.ie/en/22741,"52.1788, -10.3879",,,asserted,52.1788,-10.3879,"436682, 605700","Ballinrannig (Baile an Reannaigh>) Co. Kerry Ireland 52.1788, -10.3879 ITM coordinates (approximate - location of remaining stone): 436682, 605700"
I-KER-020.xml,I-KER-020,I-KER-020,Baile an Reannaigh | Ballinrannig 6,153,BALIG/6,https://www.ucl.ac.uk/archaeology/cisp/database/stone/BALIG/6.html,www.trismegistos.org/text/172983,KE042-057011-,,,,,,,Ballinrannig,,,,,,Co. Kerry,,,,Ireland,Baile an Reannaigh (ga),,,,,https:/www.logainm.ie/en/22741,"52.1788, -10.3879",,,asserted,52.1788,-10.3879,"436682, 605700","Ballinrannig (Baile an Reannaigh) Co. Kerry Ireland 52.1788, -10.3879 ITM coordinates (approximate - location of remaining stone): 436682, 605700"
I-KER-021.xml,I-KER-021,I-KER-021,Baile an Reannaigh | Ballinrannig 7,154,BALIG/7,https://www.ucl.ac.uk/archaeology/cisp/database/stone/BALIG/7.html,www.trismegistos.org/text/172988,KE042-057003-,,,,,,,Ballinrannig,,,,,,Co. Kerry,,,,Ireland,Baile an Reannaigh (ga),,,,,https://www.logainm.ie/en/22741,"52.1788, -10.3879",,,asserted,52.1788,-10.3879,"436682, 605700","Ballinrannig (Baile an Reannaigh) Co. Kerry Ireland 52.1788, -10.3879 ITM coordinates (approximate - location of remaining stone): 436682, 605700"
I-KER-022.xml,I-KER-022,I-KER-022,Baile an tSagairt | Ballintaggart 1,155,BLTAG/1,https://www.ucl.ac.uk/archaeology/cisp/database/stone/BLTAG/1.html,www.trismegistos.org/text/172448,KE053-033005-,,,,,,,Ballintaggart,,,,,,Co. Kerry,,,,Ireland,Baile an tSagairt (ga),,,,,https://www.logainm.ie/en/22634,"52.12778, -10.24318",,,asserted,52.12778,-10.24318,"446414, 599691","Ballintaggart (Baile an tSagairt) Co. Kerry Ireland 52.12778, -10.24318 ITM coordinates (approximate): 446414, 599691"
I-KER-023.xml,I-KER-023,I-KER-023,Baile an tSagairt | Ballintaggart 2,156,BLTAG/2,https://www.ucl.ac.uk/archaeology/cisp/database/stone/BLTAG/2.html,www.trismegistos.org/text/172998,KE053-033006-,,,,,,,Ballintaggart,,,,,,Co. Kerry,,,,Ireland,Baile an tSagairt (ga),,,,,https://www.logainm.ie/en/22634,"52.12778, -10.24318",,,asserted,52.12778,-10.24318,"446414, 599691","Ballintaggart (Baile an tSagairt) Co. Kerry Ireland 52.12778, -10.24318 ITM coordinates (approximate): 446414, 599691"
I-KER-024.xml,I-KER-024,I-KER-024,Baile an tSagairt | Ballintaggart 3,157,BLTAG/3,https://www.ucl.ac.uk/archaeology/cisp/database/stone/BLTAG/3.html,www.trismegistos.org/text/172999,KE053-033007-,,,,,,,Ballintaggart,,,,,,Co. Kerry,,,,Ireland,Baile an tSagairt (ga),,,,,https://www.logainm.ie/en/22634,"52.12778, -10.24318",,,asserted,52.12778,-10.24318,"446414, 599691","Ballintaggart (Baile an tSagairt) Co. Kerry Ireland 52.12778, -10.24318 ITM coordinates (approximate): 446414, 599691"
I-KER-025.xml,I-KER-025,I-KER-025,Baile an tSagairt | Ballintaggart 4,158,BLTAG/4,https://www.ucl.ac.uk/archaeology/cisp/database/stone/BLTAG/4.html,www.trismegistos.org/text/173000,KE053-033008-,,,,,,,Ballintaggart,,,,,,Co. Kerry,,,,Ireland,Baile an tSagairt (ga),,,,,https://www.logainm.ie/en/22634,"52.12778, -10.24318",,,asserted,52.12778,-10.24318,"446414, 599691","Ballintaggart (Baile an tSagairt) Co. Kerry Ireland 52.12778, -10.24318 ITM coordinates (approximate): 446414, 599691"
I-KER-026.xml,I-KER-026,I-KER-026,Baile an tSagairt | Ballintaggart 5,159,BLTAG/5,https://www.ucl.ac.uk/archaeology/cisp/database/stone/BLTAG/5.html,www.trismegistos.org/text/173001,KE053-033009-,,,,,,,Ballintaggart,,,,,,Co. Kerry,,,,Ireland,Baile an tSagairt (ga),,,,,https://www.logainm.ie/en/22634,"52.12778, -10.24318",,,asserted,52.12778,-10.24318,"446414, 599691","Ballintaggart (Baile an tSagairt) Co. Kerry Ireland 52.12778, -10.24318 ITM coordinates (approximate): 446414, 599691"
I-KER-027.xml,I-KER-027,I-KER-027,Baile an tSagairt | Ballintaggart 6,160,BLTAG/6,https://www.ucl.ac.uk/archaeology/cisp/database/stone/BLTAG/6.html,www.trismegistos.org/text/173002,KE053-033010-,,,,,,,Ballintaggart,,,,,,Co. Kerry,,,,Ireland,Baile an tSagairt (ga),,,,,https://www.logainm.ie/en/22634,"52.12778, -10.24318",,,asserted,52.12778,-10.24318,"446414, 599691","Ballintaggart (Baile an tSagairt) Co. Kerry Ireland 52.12778, -10.24318 ITM coordinates (approximate): 446414, 599691"
I-KER-028.xml,I-KER-028,I-KER-028,Baile an tSagairt | Ballintaggart 7,161,BLTAG/7,https://www.ucl.ac.uk/archaeology/cisp/database/stone/BLTAG/7.html,www.trismegistos.org/text/173003,KE053-033011-,,,,,,,Ballintaggart,,,,,,Co. Kerry,,,,Ireland,Baile an tSagairt (ga),,,,,https://www.logainm.ie/en/22634,"52.12778, -10.24318",,,asserted,52.12778,-10.24318,"446414, 599691","Ballintaggart (Baile an tSagairt) Co. Kerry Ireland 52.12778, -10.24318 ITM coordinates (approximate): 446414, 599691"
I-KER-029.xml,I-KER-029,I-KER-029,Baile an tSagairt | Ballintaggart 8,162,BLTAG/8,https://www.ucl.ac.uk/archaeology/cisp/database/stone/BLTAG/8.html,www.trismegistos.org/text/173004,KE053-033012-,,,,,,,Ballintaggart,,,,,,Co. Kerry,,,,Ireland,Baile an tSagairt (ga),,,,,https://www.logainm.ie/en/22634,"52.12778, -10.24318",,,asserted,52.12778,-10.24318,"446414, 599691","Ballintaggart (Baile an tSagairt) Co. Kerry Ireland 52.12778, -10.24318 ITM coordinates (approximate): 446414, 599691"
I-KER-030.xml,I-KER-030,I-KER-030,Baile an tSagairt | Ballintaggart 9,163,BLTAG/9,https://www.ucl.ac.uk/archaeology/cisp/database/stone/BLTAG/9.html,www.trismegistos.org/text/173005,KE053-033013-,,,,,,,Ballintaggart,,,,,,Co. Kerry,,,,Ireland,Baile an tSagairt (ga),,,,,https://www.logainm.ie/en/22634,"52.12778, -10.24318",,,asserted,52.12778,-10.24318,"446414, 599691","Ballintaggart (Baile an tSagairt) Co. Kerry Ireland 52.12778, -10.24318 ITM coordinates (approximate): 446414, 599691"
I-KER-031.xml,I-KER-031,I-KER-031,Baile an tSagairt | Ballintaggart 10,,,https://www.ucl.ac.uk/archaeology/cisp/database/stone/.html,,KE053-033014-,,,,,,,Ballintaggart,,,,,,Co. Kerry,,,,Ireland,,,,,,,"52.127784, -10.243184",,,asserted,52.127784,-10.243184,"446414, 599691 (approximate)","Ballintaggart https://www.logainm.ie/en/22634 Co. Kerry Ireland ITM coordinates: 446414, 599691 (approximate) 52.127784, -10.243184"
I-KER-032.xml,I-KER-032,I-KER-032,Baile an Tearmainn | Ballintermon 1,164,BLTER/1,https://www.ucl.ac.uk/archaeology/cisp/database/stone/BLTER/1.html,www.trismegistos.org/text/172450,KE045-062----,,,,,,,Ballintermon,,,,,,Co. Kerry,,,,Ireland,,,,,,,"52.154518, -10.029438",,,asserted,52.154518,-10.029438,"461131, 602237","Ballintermon https://www.logainm.ie/en/22456 Co. Kerry Ireland 52.154518, -10.029438 ITM coordinates: 461131, 602237"
I-KER-033.xml,I-KER-033,I-KER-033,Baile an Tearmainn | Ballintermon 2,165,BLTE2/1,https://www.ucl.ac.uk/archaeology/cisp/database/stone/BLTE2/1.html,www.trismegistos.org/text/172449,KE045-052----,Cork Public Museum,,,,,,Ballintermon,,,,,,Co. Kerry,,,,Ireland,Baile an Tearmainn (ga),,,,,https://www.logainm.ie/en/22456,"52.161414, -10.039355",,,asserted,52.161414,-10.039355,,"Ballintermon (Baile an Tearmainn) Co. Kerry Ireland ITM coordinates: 52.161414, -10.039355(approx. only)"
I-KER-034.xml,I-KER-034,I-KER-034,Baile an Bhóthair | Ballinvoher,166,BLHER/1,https://www.ucl.ac.uk/archaeology/cisp/database/stone/BLHER/1.html,www.trismegistos.org/text/172452,KE045-105----,National Museum of Ireland,,,,,,Rathduff? Ballyandreen?,,,,,,Co. Kerry,,,,Ireland,,,,,,,"52.168473 , -10.028213 (possible orig loc)",,possible orig loc,qualified,52.168473,-10.028213,"461262, 603790 (possible orig loc)","Rathduff? Ballyandreen? Co. Kerry Ireland 52.168473 , -10.028213 (possible orig loc) ITM coordinates: 461262, 603790 (possible orig loc)"
I-KER-035.xml,I-KER-035,I-KER-035,Baile Aindrín | Ballyandreen 1,167,BDREN/1,https://www.ucl.ac.uk/archaeology/cisp/database/stone/BDREN/1.html,www.trismegistos.org/text/172454,KE045-107----,,,,,,,Ballyandreen,,,,,,Co. Kerry,,,,Ireland,,,,,,,"52.1672, -10.0357",,,asserted,52.1672,-10.0357,,"Ballyandreen https://www.logainm.ie/en/22441 Co. Kerry Ireland 52.1672, -10.0357 approximate"
I-KER-036.xml,I-KER-036,I-KER-036,Baile Aindrín | Ballyandreen 2,168,BDRE2/1,https://www.ucl.ac.uk/archaeology/cisp/database/stone/BDRE2/1.html,www.trismegistos.org/text/172455,KE045-049----,,,,,,,Ballyandreen,,,,,,Co. Kerry,,,,Ireland,,,,,,,"52.165199, -10.038210",,,asserted,52.165199,-10.03821,"460569, 603455","Ballyandreen https://www.logainm.ie/en/22441 Co. Kerry Ireland 52.165199, -10.038210 ITM coordinates: 460569, 603455"
I-KER-037.xml,I-KER-037,I-KER-037,An Baile Íochtarach | Ballyeightragh,169,BRAGH/2,https://www.ucl.ac.uk/archaeology/cisp/database/stone/BRAGH/2.html,www.trismegistos.org/text/172782,KE043-250----,,,,,,,Ballyeightragh,,,,,,Co. Kerry,,,,Ireland,,,,,,,"52.161721, -10.320792",,,asserted,52.161721,-10.320792,,"Ballyeightragh https://www.logainm.ie/en/22647 Co. Kerry Ireland ITM coordinates: 52.161721, -10.320792(very approximate)"
I-KER-038.xml,I-KER-038,I-KER-038,An Baile Riabhach | Ballymorereagh,170,BLYGH/1,https://www.ucl.ac.uk/archaeology/cisp/database/stone/BLYGH/1.html,www.trismegistos.org/text/172463,KE043-140008-,,,,,,,Ballymorereagh,,,,,,Co. Kerry,,,,Ireland,An Baile Riabhach (ga),,,,,https://www.logainm.ie/en/22607,"52.154449, -10.331399",,,asserted,52.154449,-10.331399,"440472, 602847","Ballymorereagh (An Baile Riabhach) Co. Kerry Ireland 52.154449, -10.331399 ITM coordinates: 440472, 602847"
I-KER-039.xml,I-KER-039,I-KER-039,Baile na Hunta | Ballynahunt,171,BLHUN/1,https://www.ucl.ac.uk/archaeology/cisp/database/stone/BLHUN/1.html,www.trismegistos.org/text/172465,KE045-008002-,,,,,,,Ballynahunt,,,,,,Co. Kerry,,,,Ireland,,,,,,,"52.1829, -10.0025",,,asserted,52.1829,-10.0025,"463062, 605353","Ballynahunt (https://www.logainm.ie/en/22443) but possibly originally from Kilduff ecclesiastical site (An Chill Dubh https://www.logainm.ie/en/22451) Co. Kerry Ireland 52.1829, -10.0025 ITM coordinates (approximate): 463062, 605353"
I-KER-040.xml,I-KER-040,I-KER-040,Baile Uí Bhaoithín | Ballywiheen,172,BWEEN/1,https://www.ucl.ac.uk/archaeology/cisp/database/stone/BWEEN/1.html,www.trismegistos.org/text/172470,KE042-093003-,,,,,,,Ballywiheen,,,,,,Co. Kerry,,,,Ireland,Baile Uí Bhaoithín (ga),,,,,https://www.logainm.ie/en/22742,"52.156204, -10.407534",,,asserted,52.156204,-10.407534,"435281, 603210","Ballywiheen (Baile Uí Bhaoithín) Co. Kerry Ireland 52.156204, -10.407534 ITM coordinates (current location): 435281, 603210"
I-KER-041.xml,I-KER-041,I-KER-041,An Bhreac-chluain | Brackloon,173,BRCKN/1,https://www.ucl.ac.uk/archaeology/cisp/database/stone/BRCKN/1.html,www.trismegistos.org/text/172478,KE045-081002-,Músaem Chorca Dhuibhne,,,,,,Brackloon (An Bhreac-chluain),,,,,,Co. Kerry,,,,Ireland,,,,,,,"52.149426, -10.045703",,,asserted,52.149426,-10.045703,"460006, 601705 (possible findspot)","Brackloon (An Bhreac-chluain https://www.logainm.ie/en/22457) Co. Kerry Ireland ITM coordinates: 460006, 601705 (possible findspot) 52.149426, -10.045703"
I-KER-042.xml,I-KER-042,I-KER-042,Brandon Mountain,174,,https://www.ucl.ac.uk/archaeology/cisp/database/stone/.html,www.trismegistos.org/text/173396,KE026-025----,,,,,,,,,,,,,Co. Kerry,,,,Ireland,,,,,"Brandon Mountain, Co. Kerry. Recorded on the Literagh side of Brandon Point by Windele and by Hitchcock, neither of whom could examine it: it stood on the extreme verge of a cliff. A landslide in the winter of 1849 made it inaccessible, and Macalister understood a second slide to have carried it into the sea. The NMS record states outright that the precise location has not been identified. Checked; not recoverable.",,,,,missing,,,,Co. Kerry Ireland ITM coordinates:
I-KER-043.xml,I-KER-043,I-KER-043,Baile an Ghóilín | Burnham,175,BRHAM/1,https://www.ucl.ac.uk/archaeology/cisp/database/stone/BRHAM/1.html,www.trismegistos.org/text/172485,KE053-012001-,,,,,,,Burnham East,,,,,,Co. Kerry,,,,Ireland,Baile an Ghóilín (ga),,,,"Burnham, Co. Kerry. The edition records ""(original provenance is unrecorded)"" in the <geo> field. The stone now stands at Burnham East, which belongs in the keeper layer, not here: supplying that as a findspot would assert exactly what the editors marked as unknown. Checked; not recoverable.",https://www.logainm.ie/en/22609,(original provenance is unrecorded),,(original provenance is unrecorded),textual_only,,,,Burnham East (Baile an Ghóilín) Co. Kerry Ireland (original provenance is unrecorded) ITM coordinates:
I-KER-044.xml,I-KER-044,I-KER-044,An Com | Camp 1,176,CAMP/1,https://www.ucl.ac.uk/archaeology/cisp/database/stone/CAMP/1 .html,www.trismegistos.org/text/172489,KE036-046----,,,,,,,Camp (An Com),,,,,,Co. Kerry,,,,Ireland,,,,,,,"52.214573, -9.905460",,,asserted,52.214573,-9.90546,"469791, 608686","Camp (An Com https://www.logainm.ie/en/24660) Co. Kerry Ireland 52.214573, -9.905460 ITM coordinates: 469791, 608686"
I-KER-045.xml,I-KER-045,I-KER-045,An Com | Camp 2,177,CAMP/2,https://www.ucl.ac.uk/archaeology/cisp/database/stone/CAMP/2.html,www.trismegistos.org/text/172786,KE036-083----,,,,,,,Camp (An Com 'near Camp' MAC1945),,,,,,Co. Kerry,,,,Ireland,,,,,,,"52.215635, -9.909784",,,asserted,52.215635,-9.909784,,"Camp (An Com https://www.logainm.ie/en/24660. 'near Camp' MAC1945) Co. Kerry Ireland 52.215635, -9.909784 very approximate"
I-KER-046.xml,I-KER-046,I-KER-046,Com Dhíneol Thuaidh | Coumeenoole North,178,COUME/1,https://www.ucl.ac.uk/archaeology/cisp/database/stone/COUME/1.html,www.trismegistos.org/text/172528,KE052-059002-,,,,,,,Coumeenoole North,,,,,,Co. Kerry,,,,Ireland,Com Dhíneol Thuaidh (ga) | An Dún Mór (ga),,,,,https://www.logainm.ie/en/22572 | https://www.logainm.ie/en/1394328,"52.110277, -10.473175",,,asserted,52.110277,-10.473175,"430623, 598263","Coumeenoole North (Com Dhíneol Thuaidh); Dunmore Head (An Dún Mór) Co. Kerry Ireland 52.110277, -10.473175 ITM coordinates: 430623, 598263"
I-KER-047.xml,I-KER-047,I-KER-047,Daingean Uí Chúis | Dingle,179,,https://www.ucl.ac.uk/archaeology/cisp/database/stone/.html,www.trismegistos.org/text/172540,KE043-224027-,,,,,,,Dingle (Daingean Uí Chúis),,,,,,Co. Kerry,,,,Ireland,,,,,,,"52.141376, -10.264474",,,asserted,52.141376,-10.264474,,"Dingle (Daingean Uí Chúis https://www.logainm.ie/en/22553) Co. Kerry Ireland ITM coordinates: 52.141376, -10.264474(very approximate)"
I-KER-048.xml,I-KER-048,I-KER-048,Imleach Dhún Séann | Emlagh East,180,,https://www.ucl.ac.uk/archaeology/cisp/database/stone/.html,www.trismegistos.org/text/172559,KE053-040----,,,,,,,Emlagh East,,,,,,Co. Kerry,,,,Ireland,Imleach Dhún Séann (ga),,,,,https://www.logainm.ie/en/22621,"52.131598, -10.216220",,,asserted,52.131598,-10.21622,"448277, 600058","Emlagh East (Imleach Dhún Séann) Co. Kerry Ireland 52.131598, -10.216220 ITM coordinates: 448277, 600058"
I-KER-049.xml,I-KER-049,I-KER-049,Imleach an Daingin | Emlagh West,181,,https://www.ucl.ac.uk/archaeology/cisp/database/stone/.html,www.trismegistos.org/text/172560,KE053-016002-,Músaem Chorca Dhuibhne,,,,,,Emlagh West,,,,,,Co. Kerry,,,,Ireland,Imleach an Daingin (ga),,,,,https://www.logainm.ie/en/22554,"52.136316, -10.269093",,,asserted,52.136316,-10.269093,,"Emlagh West (Imleach an Daingin) Co. Kerry Ireland ITM coordinates: 52.136316, -10.269093(approximate)"
I-KER-050.xml,I-KER-050,I-KER-050,An Gleann Mór | Glanmore,182,GLNMO/1,https://www.ucl.ac.uk/archaeology/cisp/database/stone/GLNMO/1.html,www.trismegistos.org/text/172575,KE045-044----,,,,,,,Glanmore (An Gleann Mór),,,,,,Co. Kerry,,,,Ireland,,,,,,,"52.182005, -9.956816",,,asserted,52.182005,-9.956816,"ITM Coordinates: 466186 , 605161","Glanmore (An Gleann Mór https://www.logainm.ie/en/24602) Co. Kerry Ireland ITM coordinates: ITM Coordinates: 466186 , 605161 52.182005, -9.956816"
I-KER-051.xml,I-KER-051,I-KER-051,Gleann Fán | Glanfahan,183,GLHAN/1,https://www.ucl.ac.uk/archaeology/cisp/database/stone/GLHAN/1.html,www.trismegistos.org/text/172486,KE052-188003-,National Museum of Ireland,,,,,,Glanfahan (Gleann Fán),,,,,,Co. Kerry,,,,Ireland,,,,,,,"52.100774, -10.434394",,,asserted,52.100774,-10.434394,"433228, 597112","Glanfahan (Gleann Fán https://www.logainm.ie/en/22787) Co. Kerry Ireland 52.100774, -10.434394 ITM coordinates: 433228, 597112"
I-KER-052.xml,I-KER-052,I-KER-052,Gort na gCuileannach | Gortnagullanagh,184,GORGH/1,https://www.ucl.ac.uk/archaeology/cisp/database/stone/GORGH/1.html,www.trismegistos.org/text/172580,KE044-094002-,National Museum of Ireland,,,,,,Gortnagullanagh (Gort na gCuileannach),,,,,,Co. Kerry,,,,Ireland,,,,,,,"52.142167, -10.123942",,,asserted,52.142167,-10.123942,"454633, 601051","Gortnagullanagh (Gort na gCuileannach https://www.logainm.ie/en/22764) Co. Kerry Ireland 52.142167, -10.123942 ITM coordinates: 454633, 601051"
I-KER-053.xml,I-KER-053,I-KER-053,Inis Mhic Aoibhleáin | Inishvickillane,185,INVIC/1,https://www.ucl.ac.uk/archaeology/cisp/database/stone/INVIC/1.html,www.trismegistos.org/text/172599,KE061-006008-,Trinity College Dublin,,,,,,Inishvickillane,,,,,,Co. Kerry,,,,Ireland,Inis Mhic Aoibhleáin (ga),,,,,https://www.logainm.ie/en/22582,"52.044062 , -10.606102",,,asserted,52.044062,-10.606102,"421241, 591216","Inishvickillane (Inis Mhic Aoibhleáin) Co. Kerry Ireland 52.044062 , -10.606102 ITM coordinates: 421241, 591216"
I-KER-054.xml,I-KER-054,I-KER-054,Cill Fhiontain | Kilfountan,186,KFNTN/1,https://www.ucl.ac.uk/archaeology/cisp/database/stone/KFNTN/1.html,www.trismegistos.org/text/172616,KE043-144005-,,,,,,,Kilfountan,,,,,,Co. Kerry,,,,Ireland,Cill Fhiontain (ga),,,,,https://www.logainm.ie/en/22654,"52.157745, -10.306548",,,asserted,52.157745,-10.306548,"442188, 603162","Kilfountan (Cill Fhiontain) Co. Kerry Ireland 52.157745, -10.306548 ITM coordinates: 442188, 603162"
I-KER-055.xml,I-KER-055,I-KER-055,Cill Maoilchéadair | Kilmalkedar,187,KMKDR/3,https://www.ucl.ac.uk/archaeology/cisp/database/stone/KMKDR/3.html,www.trismegistos.org/text/172874,KE042-026001-,,,,,,,Kilmalkedar,,,,,,Co. Kerry,,,,Ireland,Cill Maoilchéadair (ga),,,,,https://www.logainm.ie/en/22685,"52.184760, -10.336555",,,asserted,52.18476,-10.336555,"440220, 606235","Kilmalkedar (Cill Maoilchéadair) Co. Kerry Ireland 52.184760, -10.336555 ITM coordinates: 440220, 606235"
I-KER-056.xml,I-KER-056,I-KER-056,Cinn Aird | Kinard East 1,188,KINET/1,https://www.ucl.ac.uk/archaeology/cisp/database/stone/KINET/1.html,www.trismegistos.org/text/172636,KE053-053005-,,,,,,,Kinard East (Cinn Aird),,,,,,Co. Kerry,,,,Ireland,,,,,,,"52.12619, -10.19658",,,asserted,52.12619,-10.19658,"449604, 599419","Kinard East (Cinn Aird https://www.logainm.ie/en/22724) Co. Kerry Ireland 52.12619, -10.19658 ITM coordinates (approximate): 449604, 599419"
I-KER-057.xml,I-KER-057,I-KER-057,Cinn Aird | Kinard East 2,189,KINET/2,https://www.ucl.ac.uk/archaeology/cisp/database/stone/KINET/2.html,www.trismegistos.org/text/172803,KE053-053002-,,,,,,,Kinard East (Cinn Aird),,,,,,Co. Kerry,,,,Ireland,,,,,,,"52.12626, -10.19661",,,asserted,52.12626,-10.19661,"449614, 599423","Kinard East (Cinn Aird https://www.logainm.ie/en/22724) Co. Kerry Ireland 52.12626, -10.19661 ITM coordinates (approximate): 449614, 599423"
I-KER-058.xml,I-KER-058,I-KER-058,Log na gCapall | Lugnagappul 1,190,LUGUL/1,https://www.ucl.ac.uk/archaeology/cisp/database/stone/LUGUL/1.html,www.trismegistos.org/text/172651,KE054-033002-,,,,,,,Lugnagappul (Log na gCapall),,,,,,Co. Kerry,,,,Ireland,,,,,,,"52.13585, -10.13075",,,asserted,52.13585,-10.13075,"454147, 600361","Lugnagappul (Log na gCapall https://www.logainm.ie/en/22767) Co. Kerry Ireland ITM coordinates: 454147, 60036152.13585, -10.13075"
I-KER-059.xml,I-KER-059,I-KER-059,Log na gCapall | Lugnagappul 2,191,LUGUL/2,https://www.ucl.ac.uk/archaeology/cisp/database/stone/LUGUL/2.html,www.trismegistos.org/text/172808,KE054-033004-,,,,,,,Lugnagappul (Log na gCapall),,,,,,Co. Kerry,,,,Ireland,,,,,,,"52.13585, -10.13075",,,asserted,52.13585,-10.13075,"454147, 600361","Lugnagappul (Log na gCapall https://www.logainm.ie/en/22767) Co. Kerry Ireland ITM coordinates: 454147, 60036152.13585, -10.13075"
I-KER-060.xml,I-KER-060,I-KER-060,Martromán | Martramane,192,MRAME/1,https://www.ucl.ac.uk/archaeology/cisp/database/stone/MRAME/1.html,www.trismegistos.org/text/172656,KE036-084----,National Museum of Ireland,,,,,,Martramane (Martromán),,,,,,Co. Kerry,,,,Ireland,,,,,,,"52.257493, -10.019614",,,asserted,52.257493,-10.019614,,"Martramane (Martromán https://www.logainm.ie/en/22517) Co. Kerry Ireland 52.257493, -10.019614 approximate"
I-KER-061.xml,I-KER-061,I-KER-061,Mám an Óraigh | Maumanorig,193,MAUIG/1,https://www.ucl.ac.uk/archaeology/cisp/database/stone/MAUIG/1.html,www.trismegistos.org/text/172609,KE042-141006-,,,,,,,Maumanorig (Mám an Óraigh),,,,,,Co. Kerry,,,,Ireland,,,,,,,"52.14371, -10.35836",,,asserted,52.14371,-10.35836,"438586, 601721","Maumanorig (Mám an Óraigh https://www.logainm.ie/en/22789) Co. Kerry Ireland 52.14371, -10.35836 ITM coordinates (approximate): 438586, 601721"
I-KER-062.xml,I-KER-062,I-KER-062,An Ráth Dubh | Rathduff 1,194,RTHDF/1,https://www.ucl.ac.uk/archaeology/cisp/database/stone/RTHDF/1.html,www.trismegistos.org/text/172682,KE045-025003-,,,,,,,Rathduff (An Ráth Dubh),,,,,,Co. Kerry,,,,Ireland,,,,,,,"52.16851, -10.02801",,,asserted,52.16851,-10.02801,"461275, 603792","Rathduff (An Ráth Dubh https://www.logainm.ie/en/22452) Co. Kerry Ireland 52.16851, -10.02801 ITM coordinates (approximate): 461275, 603792"
I-KER-063.xml,I-KER-063,I-KER-063,An Ráth Dubh | Rathduff 2,194A,RTHDF/2,https://www.ucl.ac.uk/archaeology/cisp/database/stone/RTHDF/2.html,www.trismegistos.org/text/172815,KE045-025004-,,,,,,,Rathduff (An Ráth Dubh),,,,,,Co. Kerry,,,,Ireland,,,,,,,"52.16843, -10.02826",,,asserted,52.16843,-10.02826,"461257, 603788","Rathduff (An Ráth Dubh https://www.logainm.ie/en/22452) Co. Kerry Ireland 52.16843, -10.02826 ITM coordinates (approximate): 461257, 603788"
I-KER-064.xml,I-KER-064,I-KER-064,Ráth Málóid | Rathmalode 1,195,RTHOD/1,https://www.ucl.ac.uk/archaeology/cisp/database/stone/RTHOD/1.html,www.trismegistos.org/text/172686,KE045-035003-,National Museum of Ireland,,,,,,Rathmalode (Ráth Málóid),,,,,,Co. Kerry,,,,Ireland,,,,,,,"52.171589, -9.992082",,,asserted,52.171589,-9.992082,"463747, 604064","Rathmalode (Ráth Málóid https://www.logainm.ie/en/22668) Co. Kerry Ireland ITM coordinates: 463747, 60406452.171589, -9.992082(probable)"
I-KER-065.xml,I-KER-065,I-KER-065,Ráth Málóid | Rathmalode 2,196,RTHOD/2,https://www.ucl.ac.uk/archaeology/cisp/database/stone/RTHOD/2.html,www.trismegistos.org/text/172816,KE045-035004-,Músaem Chorca Dhuibhne,,,,,,Rathmalode,,,,,,Co. Kerry,,,,Ireland,,,,,,,"52.171589, -9.992082",,,asserted,52.171589,-9.992082,"463747, 604064","Rathmalode (Ráth Málóid https://www.logainm.ie/en/22668 Co. Kerry Ireland 52.171589, -9.992082 ITM coordinates (probable): 463747, 604064"
I-KER-066.xml,I-KER-066,I-KER-066,Cúil Má Gort | Coolmagort 1,197,COOLM/1,https://www.ucl.ac.uk/archaeology/cisp/database/stone/COOLM/1.html,www.trismegistos.org/text/172521,KE065-078003-,,,,,,,Coolmagort (Cúil Má Gort),,,,,,Co. Kerry,,,,Ireland,,,,,,,"52.060500, -9.633728",,,asserted,52.0605,-9.633728,"487974, 591098","Coolmagort (Cúil Má Gort https://www.logainm.ie/en/23373) Co. Kerry Ireland 52.060500, -9.633728 ITM coordinates (souterrain according to OS maps, no surface trace): 487974, 591098"
I-KER-067.xml,I-KER-067,I-KER-067,Cúil Má Gort | Coolmagort 2,198,COOLM/2,https://www.ucl.ac.uk/archaeology/cisp/database/stone/COOLM/2.html,www.trismegistos.org/text/172957,KE065-078004-,,,,,,,Coolmagort (Cúil Má Gort),,,,,,Co. Kerry,,,,Ireland,,,,,,,"52.060500, -9.633728",,,asserted,52.0605,-9.633728,"487974, 591098","Coolmagort (Cúil Má Gort https://www.logainm.ie/en/23373) Co. Kerry Ireland 52.060500, -9.633728 ITM coordinates (souterrain according to OS maps, no surface trace): 487974, 591098"
I-KER-068.xml,I-KER-068,I-KER-068,Cúil Má Gort | Coolmagort 3,199,COOLM/3,https://www.ucl.ac.uk/archaeology/cisp/database/stone/COOLM/3.html,www.trismegistos.org/text/172958,KE065-078001-,,,,,,,Coolmagort (Cúil Má Gort),,,,,,Co. Kerry,,,,Ireland,,,,,,,"52.060500, -9.633728",,,asserted,52.0605,-9.633728,"487974, 591098","Coolmagort (Cúil Má Gort https://www.logainm.ie/en/23373) Co. Kerry Ireland 52.060500, -9.633728 ITM coordinates (souterrain according to OS maps, no surface trace): 487974, 591098"
I-KER-069.xml,I-KER-069,I-KER-069,Cúil Má Gort | Coolmagort 4,200,COOLM/4,https://www.ucl.ac.uk/archaeology/cisp/database/stone/COOLM/4.html,www.trismegistos.org/text/172959,KE065-078005-,,,,,,,Coolmagort (Cúil Má Gort),,,,,,Co. Kerry,,,,Ireland,,,,,,,"52.060500, -9.633728",,,asserted,52.0605,-9.633728,"487974, 591098","Coolmagort (Cúil Má Gort https://www.logainm.ie/en/23373) Co. Kerry Ireland 52.060500, -9.633728 ITM coordinates (souterrain according to OS maps, no surface trace): 487974, 591098"
I-KER-070.xml,I-KER-070,I-KER-070,Cúil Má Gort | Coolmagort 5,201,COOLM/5,https://www.ucl.ac.uk/archaeology/cisp/database/stone/COOLM/5.html,www.trismegistos.org/text/172960,KE065-078006-,,,,,,,Coolmagort (Cúil Má Gort),,,,,,Co. Kerry,,,,Ireland,,,,,,,"52.060500, -9.633728",,,asserted,52.0605,-9.633728,"487974, 591098","Coolmagort (Cúil Má Gort https://www.logainm.ie/en/23373) Co. Kerry Ireland 52.060500, -9.633728 ITM coordinates (souterrain according to OS maps, no surface trace): 487974, 591098"
I-KER-071.xml,I-KER-071,I-KER-071,Cúil Má Gort | Coolmagort 6,202,COOLM/6,https://www.ucl.ac.uk/archaeology/cisp/database/stone/COOLM/6.html,www.trismegistos.org/text/172961,KE065-078007-,,,,,,,Coolmagort (Cúil Má Gort),,,,,,Co. Kerry,,,,Ireland,,,,,,,"52.060500, -9.633728",,,asserted,52.0605,-9.633728,"487974, 591098","Coolmagort (Cúil Má Gort https://www.logainm.ie/en/23373) Co. Kerry Ireland 52.060500, -9.633728 ITM coordinates (souterrain according to OS maps, no surface trace): 487974, 591098"
I-KER-072.xml,I-KER-072,I-KER-072,Cúil Má Gort | Coolmagort 7,203,COOLM/7,https://www.ucl.ac.uk/archaeology/cisp/database/stone/COOLM/7.html,www.trismegistos.org/text/172962,KE065-078008-,,,,,,,Coolmagort (Cúil Má Gort),,,,,,Co. Kerry,,,,Ireland,,,,,,,"52.060500, -9.633728",,,asserted,52.0605,-9.633728,"487974, 591098","Coolmagort (Cúil Má Gort https://www.logainm.ie/en/23373) Co. Kerry Ireland 52.060500, -9.633728 ITM coordinates (souterrain according to OS maps, no surface trace): 487974, 591098"
I-KER-073.xml,I-KER-073,I-KER-073,An Currach Mór Thoir | Curraghmore East,204,CURMO/1,https://www.ucl.ac.uk/archaeology/cisp/database/stone/CURMO/1.html,www.trismegistos.org/text/173397,KE038-059----,,,,,,,Curraghmore East (An Currach Mór Thoir),,,,,,Co. Kerry,,,,Ireland,,,,,,,"52.211384, -9.622576",,,asserted,52.211384,-9.622576,"489114, 607865","Curraghmore East (An Currach Mór Thoir https://www.logainm.ie/en/23611) Co. Kerry Ireland 52.211384, -9.622576 ITM coordinates: 489114, 607865"
I-KER-074.xml,I-KER-074,I-KER-074,"""Derrygarriv"" Doire Coinche | Derryquin 1",205,DERIV/1,https://www.ucl.ac.uk/archaeology/cisp/database/stone/DERIV/1.html,www.trismegistos.org/text/172537,KE073-017----,National Museum of Ireland,,,,,,Derryquin (Doire Coinche),,,,,,Co. Kerry,,,,Ireland,,,,,,,"51.8183, -9.8723",,,asserted,51.8183,-9.8723,,"Derryquin (Doire Coinche https://www.logainm.ie/en/23134). Found in Askive woods in this townland but MAC1945: Derrygarriv? Co. Kerry Ireland 51.8183, -9.8723 approximate"
I-KER-075.xml,I-KER-075,I-KER-075,Cill Chuallachta Thoir | Kilcoolaght East 1,206,KLCOO/1,https://www.ucl.ac.uk/archaeology/cisp/database/stone/KLCOO/1.html,www.trismegistos.org/text/172611,KE065-003002-,,,,,,,Kilcoolaght East (Cill Chuallachta Thoir),,,,,,Co. Kerry,,,,Ireland,,,,,,,"52.07402, -9.74580",,,asserted,52.07402,-9.7458,"480329, 592782","Kilcoolaght East (Cill Chuallachta Thoir https://www.logainm.ie/en/23473) Co. Kerry Ireland 52.07402, -9.74580 ITM coordinates (approximate): 480329, 592782"
I-KER-076.xml,I-KER-076,I-KER-076,Cill Chuallachta Thoir | Kilcoolaght East 2,207,KLCOO/2,https://www.ucl.ac.uk/archaeology/cisp/database/stone/KLCOO/2.html,www.trismegistos.org/text/172966,KE065-003005-,,,,,,,Kilcoolaght East (Cill Chuallachta Thoir),,,,,,Co. Kerry,,,,Ireland,,,,,,,"52.07402, -9.74580",,,asserted,52.07402,-9.7458,"480329, 592782","Kilcoolaght East (Cill Chuallachta Thoir https://www.logainm.ie/en/23473) Co. Kerry Ireland ITM coordinates: 480329, 592782 52.07402, -9.74580"
I-KER-077.xml,I-KER-077,I-KER-077,Cill Chuallachta Thoir | Kilcoolaght East 3,208,KLCOO/3,https://www.ucl.ac.uk/archaeology/cisp/database/stone/KLCOO/3.html,www.trismegistos.org/text/172971,KE065-003006-,,,,,,,Kilcoolaght East (Cill Chuallachta Thoir),,,,,,Co. Kerry,,,,Ireland,,,,,,,"52.07402, -9.74580",,,asserted,52.07402,-9.7458,"480329, 592782","Kilcoolaght East (Cill Chuallachta Thoir https://www.logainm.ie/en/23473) Co. Kerry Ireland ITM coordinates: 480329, 592782 52.07402, -9.74580"
I-KER-078.xml,I-KER-078,I-KER-078,Cill Chuallachta Thoir | Kilcoolaght East 4,209,KLCOO/4,https://www.ucl.ac.uk/archaeology/cisp/database/stone/KLCOO/4.html,www.trismegistos.org/text/172976,KE065-003007-,,,,,,,Kilcoolaght East (Cill Chuallachta Thoir),,,,,,Co. Kerry,,,,Ireland,,,,,,,"52.07402, -9.74580",,,asserted,52.07402,-9.7458,"480329, 592782","Kilcoolaght East (Cill Chuallachta Thoir https://www.logainm.ie/en/23473) Co. Kerry Ireland ITM coordinates: 480329, 592782 52.07402, -9.74580"
I-KER-079.xml,I-KER-079,I-KER-079,Cill Chuallachta Thoir | Kilcoolaght East 5,210,KLCOO/5,https://www.ucl.ac.uk/archaeology/cisp/database/stone/KLCOO/5.html,www.trismegistos.org/text/172981,KE065-003009-,,,,,,,Kilcoolaght East (Cill Chuallachta Thoir),,,,,,Co. Kerry,,,,Ireland,,,,,,,"52.07402, -9.74580",,,asserted,52.07402,-9.7458,"480329, 592782","Kilcoolaght East (Cill Chuallachta Thoir https://www.logainm.ie/en/23473) Co. Kerry Ireland 52.07402, -9.74580 ITM coordinates (approximate): 480329, 592782"
I-KER-080.xml,I-KER-080,I-KER-080,Cill Chuallachta Thoir | Kilcoolaght East 6,211,KLCOO/6,https://www.ucl.ac.uk/archaeology/cisp/database/stone/KLCOO/6.html,www.trismegistos.org/text/172986,KE065-003008-,,,,,,,Kilcoolaght East (Cill Chuallachta Thoir),,,,,,Co. Kerry,,,,Ireland,,,,,,,"52.07402, -9.74580",,,asserted,52.07402,-9.7458,"480329, 592782","Kilcoolaght East (Cill Chuallachta Thoir https://www.logainm.ie/en/23473) Co. Kerry Ireland ITM coordinates: 480329, 592782 52.07402, -9.74580"
I-KER-081.xml,I-KER-081,I-KER-081,Cill Chuallachta Thoir | Kilcoolaght East 7,212,KLCOO/7,https://www.ucl.ac.uk/archaeology/cisp/database/stone/KLCOO/7.html,www.trismegistos.org/text/172991,KE065-003009-,,,,,,,Kilcoolaght East (Cill Chuallachta Thoir),,,,,,Co. Kerry,,,,Ireland,,,,,,,"52.07402, -9.74580",,,asserted,52.07402,-9.7458,"480329, 592782","Kilcoolaght East (Cill Chuallachta Thoir https://www.logainm.ie/en/23473) Co. Kerry Ireland 52.07402, -9.74580 ITM coordinates (approximate): 480329, 592782>"
I-KER-082.xml,I-KER-082,I-KER-082,Cill Chuallachta Thoir | Kilcoolaght East 8,213,KLCOO/8,https://www.ucl.ac.uk/archaeology/cisp/database/stone/KLCOO/8.html,www.trismegistos.org/text/172996,KE065-003010-,,,,,,,Kilcoolaght East (Cill Chuallachta Thoir),,,,,,Co. Kerry,,,,Ireland,,,,,,,"52.07402, -9.74580",,,asserted,52.07402,-9.7458,"480329, 592782","Kilcoolaght East (Cill Chuallachta Thoir https://www.logainm.ie/en/23473) Co. Kerry Ireland ITM coordinates: 480329, 592782 52.07402, -9.74580"
I-KER-083.xml,I-KER-083,I-KER-083,Cill Ghobnait |Kilgobnet,214,KLGOB/2,https://www.ucl.ac.uk/archaeology/cisp/database/stone/KLGOB/2.html,www.trismegistos.org/text/172618,KE065-116----,,,,,,,Kilgobnet (Cill Ghobnait),,,,,,Co. Kerry,,,,Ireland,,"CISP KLGOB/2, Grid Ref V 820 915 (Irish Grid, converted); Macalister 1945, 205-208","Kilgobnet, Dunkerron North, Co. Kerry. Casey found it in 1850 ""standing in the middle of a field ... about eight miles west of Killarney and south of the river Laune"". Macalister argued it was a confusion with a Kilcoolaght stone; O'Sullivan and Sheehan 1996, 242-243, treat it as genuine. The converted grid reference falls 140 m from I-KER-084, the other stone of this site, which is the expected separation and cross-checks the conversion. NOT the NMS viewer value 46.488181, -15.817314, which is a default lying 764 km out in the Atlantic.",,,,,,,supplied,52.063851,-9.720612,,Kilgobnet (Cill Ghobnait https://www.logainm.ie/en/23483) Co. Kerry Ireland ITM coordinates:
I-KER-084.xml,I-KER-084,I-KER-084,Cill Ghobnait |Kilgobnet,214,KLGOB/1,https://www.ucl.ac.uk/archaeology/cisp/database/stone/KLGOB/1.html,www.trismegistos.org/text/172844,KE065-109001-,,,,,,,Kilgobnet (Cill Ghobnait),,,,,,Co. Kerry,,,,Ireland,,,,,,,"52.063009 , -9.722075 (possible original location)",,possible original location,qualified,52.063009,-9.722075,"481923 , 591517","Kilgobnet (Cill Ghobnait https://www.logainm.ie/en/23483) Co. Kerry Ireland 52.063009 , -9.722075 (possible original location) ITM coordinates: 481923 , 591517"
I-KER-085.xml,I-KER-085,I-KER-085,Bánchluain | Whitefield 1,215,WHFLD/1,https://www.ucl.ac.uk/archaeology/cisp/database/stone/WHFLD/1.html,www.trismegistos.org/text/172727,KE057-107----,National Museum of Ireland,,,,,,Whitefield (Bánchluain),,,,,,Co. Kerry,,,,Ireland,,,,,,,"52.08496, -9.70064",,,asserted,52.08496,-9.70064,,"Whitefield (Bánchluain https://www.logainm.ie/en/23487) Co. Kerry Ireland 52.08496, -9.70064 approximate"
I-KER-086.xml,I-KER-086,I-KER-086,Bánchluain | Whitefield 2,216,WHFLD/2,https://www.ucl.ac.uk/archaeology/cisp/database/stone/WHFLD/2.html,www.trismegistos.org/text/172908,KE057-107002-,National Museum of Ireland,,,,,,Whitefield (Bánchluain),,,,,,Co. Kerry,,,,Ireland,,,,,,,"52.08496, -9.70064",,,asserted,52.08496,-9.70064,,"Whitefield (Bánchluain https://www.logainm.ie/en/23487) Co. Kerry Ireland 52.08496, -9.70064 approximate"
I-KER-087.xml,I-KER-087,I-KER-087,Bánchluain | Whitefield 3,217,WHFLD/3,https://www.ucl.ac.uk/archaeology/cisp/database/stone/WHFLD/3.html,www.trismegistos.org/text/172912,KE057-107003-,National Museum of Ireland,,,,,,Whitefield (Bánchluain),,,,,,Co. Kerry,,,,Ireland,,,,,,,"52.08496, -9.70064",,,asserted,52.08496,-9.70064,,"Whitefield (Bánchluain https://www.logainm.ie/en/23487) Co. Kerry Ireland 52.08496, -9.70064 ITM coordinates (approximate):"
I-KER-088.xml,I-KER-088,I-KER-088,Bánchluain | Whitefield 4,218,WHFLD/4,https://www.ucl.ac.uk/archaeology/cisp/database/stone/WHFLD/4.html,www.trismegistos.org/text/172916,KE057-107004-,National Museum of Ireland,,,,,,Whitefield (Bánchluain),,,,,,Co. Kerry,,,,Ireland,,,,,,,"52.08496, -9.70064",,,asserted,52.08496,-9.70064,,"Whitefield (Bánchluain https://www.logainm.ie/en/23487) Co. Kerry Ireland 52.08496, -9.70064 approximate"
I-KER-089.xml,I-KER-089,I-KER-089,Bánchluain | Whitefield 5,218A,WHFLD/5,https://www.ucl.ac.uk/archaeology/cisp/database/stone/WHFLD/5.html,www.trismegistos.org/text/172920,KE057-108----,,,,,,,Whitefield (Bánchluain),,,,,,Co. Kerry,,,,Ireland,,,,,,,"52.08496, -9.70064",,,asserted,52.08496,-9.70064,,"Whitefield (Bánchluain https://www.logainm.ie/en/23487) Co. Kerry Ireland 52.08496, -9.70064 approximate"
I-KER-090.xml,I-KER-090,I-KER-090,Doire Ghearráin Theas | Derrygarrane South,219,DEGAS/1,https://www.ucl.ac.uk/archaeology/cisp/database/stone/DEGAS/1.html,www.trismegistos.org/text/172536,KE092-001001-,,,,,,,Derrygarrane South (Doire Ghearráin Theas),,,,,,Co. Kerry,,,,Ireland,,,,,,,"51.90374, -9.75202",,,asserted,51.90374,-9.75202,,"Derrygarrane South (Doire Ghearráin Theas https://www.logainm.ie/en/23103) Co. Kerry Ireland 51.90374, -9.75202 approximate"
I-KER-091.xml,I-KER-091,I-KER-091,Doire Fhíonáin Beag |Darrynane Beg,220,DENAN/1,https://www.ucl.ac.uk/archaeology/cisp/database/stone/DENAN/1.html,www.trismegistos.org/text/172538,KE106-114----,,,,,,,Darrynane (Doire Fhíonáin Beag),,,,,,Co. Kerry,,,,Ireland,,,,,,,"51.7636, -10.1207",,,asserted,51.7636,-10.1207,,"Darrynane (Doire Fhíonáin Beag https://www.logainm.ie/en/22212) Co. Kerry Ireland ITM coordinates: 51.7636, -10.1207"
I-KER-092.xml,I-KER-092,I-KER-092,Drom Loiscthe | Dromlusk,221,DRLUS/1,https://www.ucl.ac.uk/archaeology/cisp/database/stone/DRLUS/1.html,www.trismegistos.org/text/172546,KE091-103001-,,,,,,,Dromlusk (Drom Loiscthe),,,,,,Co. Kerry,,,,Ireland,,,,,,,"51.87329, -9.78809",,,asserted,51.87329,-9.78809,,"Dromlusk (Drom Loiscthe https://www.logainm.ie/en/23160) Co. Kerry Ireland ITM coordinates: 51.87329, -9.78809"
I-KER-093.xml,I-KER-093,I-KER-093,An Mhangarta | Mangerton,222,MANGE/1,https://www.ucl.ac.uk/archaeology/cisp/database/stone/MANGE/1.html,www.trismegistos.org/text/172654,KE074-009----,,,,,,,Mangerton (An Mhangarta),,,,,,Co. Kerry,,,,Ireland,,,,,,,"51.9532, -9.4685",,,asserted,51.9532,-9.4685,,"Mangerton (An Mhangarta https://www.logainm.ie/en/23087) Co. Kerry Ireland 51.9532, -9.4685 very approximate"
I-KER-094.xml,I-KER-094,I-KER-094,"""Parknasilla"" Doire Coinche | Derryquin 2""",223,PRKLA/1,https://www.ucl.ac.uk/archaeology/cisp/database/stone/PRKLA/1.html,www.trismegistos.org/text/173401,KE100-043----,National Museum of Ireland,,,,,,Derryquin (Doire Coinche).,,,,,,Co. Kerry,,,,Ireland,,,,,,,"51.818379, -9.872346",,,asserted,51.818379,-9.872346,,"Derryquin (Doire Coinche https://www.logainm.ie/en/23134). Co. Kerry Ireland 51.818379, -9.872346 approximate"
I-KER-095.xml,I-KER-095,I-KER-095,Drom an tSeabhaic | Dromatouk,224,DROUK/1,https://www.ucl.ac.uk/archaeology/cisp/database/stone/DROUK/1.html,www.trismegistos.org/text/172544,KE093-026002-,,,,,,,Dromatouk (Drom an tSeabhaic),,,,,,Co. Kerry,,,,Ireland,,,,,,,"51.884794, -9.525148",,,asserted,51.884794,-9.525148,"495009, 571391","Dromatouk (Drom an tSeabhaic https://www.logainm.ie/en/22863) Co. Kerry Ireland 51.884794, -9.525148 ITM coordinates: 495009, 571391"
I-KER-096.xml,I-KER-096,I-KER-096,"""""""Gortmaccree"""" (Gurteenmacree, later Gurteen, parish of Kilgarvan)""",225,GRTMA/1,https://www.ucl.ac.uk/archaeology/cisp/database/stone/GRTMA/1.html,www.trismegistos.org/text/173399,KE094-082----,,,,,,,Gurteen,,,,,,Co. Kerry,,,,Ireland,,,,,,,"51.872210, -9.445252",,,asserted,51.87221,-9.445252,"500481, 569879","Gurteen Co. Kerry Ireland 51.872210, -9.445252 ITM coordinates (if correctly identified): 500481, 569879"
I-KER-097.xml,I-KER-097,I-KER-097,Inse na nEach | Inchinanagh,226,INAGH/1,https://www.ucl.ac.uk/archaeology/cisp/database/stone/INAGH/1.html,www.trismegistos.org/text/172593,KE103-027----,,,,,,,Inchinanagh (Inse na nEach),,,,,,Co. Kerry,,,,Ireland,,,,,,,"51.840526, -9.415211",,,asserted,51.840526,-9.415211,"502481, 566314","Inchinanagh (Inse na nEach https://www.logainm.ie/en/22966) Co. Kerry Ireland 51.840526, -9.415211 ITM coordinates: 502481, 566314"
I-KER-098.xml,I-KER-098,I-KER-098,An Lománach | Lomanagh,227,LMNGH/1,https://www.ucl.ac.uk/archaeology/cisp/database/stone/LMNGH/1.html,www.trismegistos.org/text/172650,KE094-018001-,,,,,,,Lomanagh (An Lománach),,,,,,Co. Kerry,,,,Ireland,,,,,,,"51.883378, -9.424806",,,asserted,51.883378,-9.424806,"501912 , 571089","Lomanagh (An Lománach https://www.logainm.ie/en/22988) Co. Kerry Ireland 51.883378, -9.424806 ITM coordinates: 501912 , 571089"
I-KER-099.xml,I-KER-099,I-KER-099,Na Ceathrúna | Carhoona,228,COHIL/1,https://www.ucl.ac.uk/archaeology/cisp/database/stone/COHIL/1.html,www.trismegistos.org/text/172516,KE003-070----,"Pitt-Rivers Museum, Oxford",,,,,,Carhoona (Na Ceathrúna Kilnaughtin graveyard (KE003-008001) Cill Neachtain),,,,,,Co. Kerry,,,,Ireland,,,,,,,"52.571346, -9.421646",,,asserted,52.571346,-9.421646,"503636, 647616","Carhoona (Na Ceathrúna https://www.logainm.ie/en/24177/; Kilnaughtin graveyard (KE003-008001) Cill Neachtain https://www.logainm.ie/en/1436753) Co. Kerry Ireland 52.571346, -9.421646 ITM coordinates: 503636, 647616"
I-KER-100.xml,I-KER-100,I-KER-100,Ceann Boirinn | Canburrin,229,CARIN/1,https://www.ucl.ac.uk/archaeology/cisp/database/stone/CARIN/1.html,www.trismegistos.org/text/172490,KE080-045----,,,,,,,Canburrin (Ceann Boirinn),,,,,,Co. Kerry,,,,Ireland,,,,,,,"51.92166, -10.18551",,,asserted,51.92166,-10.18551,"449673, 576651","Canburrin (Ceann Boirinn https://www.logainm.ie/en/22094) Co. Kerry Ireland 51.92166, -10.18551 ITM coordinates (approximate): 449673, 576651"
I-KER-101.xml,I-KER-101,I-KER-101,Clochán Cárthainn | Cloghanecarhan,230,CLCAH/1,https://www.ucl.ac.uk/archaeology/cisp/database/stone/CLCAH/1.html,www.trismegistos.org/text/172504,KE089-011008-,,,,,,,Cloghanecarhan (Clochán Cárthainn),,,,,,Co. Kerry,,,,Ireland,,,,,,,"51.88840, -10.18373",,,asserted,51.8884,-10.18373,"449686, 572947","Cloghanecarhan (Clochán Cárthainn https://www.logainm.ie/en/22255) Co. Kerry Ireland 51.88840, -10.18373 ITM coordinates (approximate): 449686, 572947"
I-KER-102.xml,I-KER-102,I-KER-102,An Chúil Thoir | Cool East 1,231,COOLE/1,https://www.ucl.ac.uk/archaeology/cisp/database/stone/COOLE/1.html,www.trismegistos.org/text/172519,KE078-009003-,,,,,,,Cool East (An Chúil Thoir),,,,,,Co. Kerry,,,,Ireland,,,,,,,"51.9111, -10.3589",,,asserted,51.9111,-10.3589,"437699, 575865","Cool East (An Chúil Thoir https://www.logainm.ie/en/22424/); Kildreenagh burial ground (Cill Draighneach https://www.logainm.ie/en/1416148) Co. Kerry Ireland 51.9111, -10.3589 ITM coordinates (approximate): 437699, 575865"
I-KER-103.xml,I-KER-103,I-KER-103,An Chúil Thoir | Cool East 2,232,COOLE/2,https://www.ucl.ac.uk/archaeology/cisp/database/stone/COOLE/2.html,www.trismegistos.org/text/172792,KE078-007----,,,,,,,Cool East (An Chúil Thoir),,,,,,Co. Kerry,,,,Ireland,,,,,,,"51.908392, -10.363032",,,asserted,51.908392,-10.363032,"437421, 575557","Cool East (An Chúil Thoir https://www.logainm.ie/en/22424/) Co. Kerry Ireland 51.908392, -10.363032 ITM coordinates: 437421, 575557"
I-KER-104.xml,I-KER-104,I-KER-104,Drom Caor | Dromkeare,233,DKEAR/1,https://www.ucl.ac.uk/archaeology/cisp/database/stone/DKEAR/1.html,www.trismegistos.org/text/172545,KE098-021002- (classed as cross-slab),,,,,,,Dromkeare (Drom Caor),,,,,,Co. Kerry,,,,Ireland,,,,,,,"51.84901, -10.11180",,,asserted,51.84901,-10.1118,"454511, 568415","Dromkeare (Drom Caor https://www.logainm.ie/en/22344) Co. Kerry Ireland 51.84901, -10.11180 ITM coordinates (approximate): 454511, 568415"
I-KER-105.xml,I-KER-105,I-KER-105,Cill Choimhtheach | Kilkeehagh,234,KLKEE/1,https://www.ucl.ac.uk/archaeology/cisp/database/stone/KLKEE/1.html,www.trismegistos.org/text/172620,KE063-012001-,,,,,,,"Gleensk (Glísc),Kilkeehagh (Cill Choimhtheach)",,,,,,Co. Kerry,,,,Ireland,,,,,,,"52.027716, -10.045263",,,asserted,52.027716,-10.045263,"459651, 588169","Gleensk (Glísc https://www.logainm.ie/en/22313),Kilkeehagh (Cill Choimhtheach https://www.logainm.ie/en/22295) Co. Kerry Ireland 52.027716, -10.045263 ITM coordinates: 459651, 588169"
I-KER-106.xml,I-KER-106,I-KER-106,Cill Ó gCróin | Killogrone,235,KLGRO/1,https://www.ucl.ac.uk/archaeology/cisp/database/stone/KLGRO/1.html,www.trismegistos.org/text/172626,KE080-046003-,,,,,,,Killogrone (Cill Ó gCróin),,,,,,Co. Kerry,,,,Ireland,,,,,,,"51.91854, -10.17932",,,asserted,51.91854,-10.17932,"450104 , 576298","Killogrone (Cill Ó gCróin https://www.logainm.ie/en/22106) Co. Kerry Ireland 51.91854, -10.17932 ITM coordinates (approximate: 450104 , 576298"
I-KER-107.xml,I-KER-107,I-KER-107,Cill Urlaí | Killurly 1,236,KLURL/1,https://www.ucl.ac.uk/archaeology/cisp/database/stone/KLURL/1.html,www.trismegistos.org/text/172628,KE097-003004-,,,,,,,Killurly (Cill Urlaí),,,,,,Co. Kerry,,,,Ireland,,,,,,,"51.8402, -10.2992",,,asserted,51.8402,-10.2992,"441599, 567765","Killurly (Cill Urlaí https://www.logainm.ie/en/22072) Co. Kerry Ireland 51.8402, -10.2992 ITM coordinates (approximate): 441599, 567765"
I-KER-108.xml,I-KER-108,I-KER-108,Leitir | Letter,238,LETER/1,https://www.ucl.ac.uk/archaeology/cisp/database/stone/LETER/1.html,www.trismegistos.org/text/172653,"KE079-086----  When first recorded by Macalister (1939a, 17), it was built into a stile a short distance S of MacCrehin's Castle (KE079-068001-)",Kerry County Museum,,,,,,Letter (Leitir),,,,,,Co. Kerry,,,,Ireland,,,,,,,"51.924969, -10.219151",,,asserted,51.924969,-10.219151,"447375, 577088","Letter (Leitir https://www.logainm.ie/en/22109) Co. Kerry Ireland 51.924969, -10.219151 ITM coordinates (approx. findspot Mac Crehin's Castle): 447375, 577088"
I-KER-109.xml,I-KER-109,I-KER-109,Leitir Thiar | Letter West,239,LETWE/1,https://www.ucl.ac.uk/archaeology/cisp/database/stone/LETWE/1.html,www.trismegistos.org/text/172487,KE079-065002-,,,,,,,Letter West (Leitir Thiar),,,,,,Co. Kerry,,,,Ireland,,,,,,,"51.925640, -10.224270",,,asserted,51.92564,-10.22427,"447025 , 577161","Letter West (Leitir Thiar https://www.logainm.ie/en/22299) Co. Kerry Ireland 51.925640, -10.224270 ITM coordinates: 447025 , 577161"
I-KER-110.xml,I-KER-110,I-KER-110,Tír Ó Maoil | Teeromoyle,240,TERMY/1,https://www.ucl.ac.uk/archaeology/cisp/database/stone/TERMY/1.html,www.trismegistos.org/text/172705,KE070-070001-,,,,,,,Teeromoyle (Tír Ó Maoil),,,,,,Co. Kerry,,,,Ireland,,,,,,,"51.97193, -10.07638",,,asserted,51.97193,-10.07638,"457341 , 582023","Teeromoyle (Tír Ó Maoil https://www.logainm.ie/en/22322) Co. Kerry Ireland 51.97193, -10.07638 ITM coordinates: 457341 , 582023"
I-KER-111.xml,I-KER-111,I-KER-111,Cill Bheanáin | Kilbonane,241,KLBON/1,https://www.ucl.ac.uk/archaeology/cisp/database/stone/KLBON/1.html,www.trismegistos.org/text/172606,KE057-078002-,,,,,,,Kilbonane (Cill Bheanáin),,,,,,Co. Kerry,,,,Ireland,,,,,,,"52.08437, -9.66846",,,asserted,52.08437,-9.66846,"485657, 593810","Kilbonane (Cill Bheanáin https://www.logainm.ie/en/23420) Co. Kerry Ireland 52.08437, -9.66846 ITM coordinates: 485657, 593810"
I-KER-112.xml,I-KER-112,I-KER-112,Páirc an Mhóinéir | Parkavonear 1,242,PARAR/1,https://www.ucl.ac.uk/archaeology/cisp/database/stone/PARAR/1.html,www.trismegistos.org/text/172673,KE066-016005-,,,,,,,Parkavonear (Páirc an Mhóinéir),,,,,,Co. Kerry,,,,Ireland,,,,,,,"52.076337, -9.554751",,,asserted,52.076337,-9.554751,"493429 , 592732","Parkavonear (Páirc an Mhóinéir https://www.logainm.ie/en/23173) Co. Kerry Ireland 52.076337, -9.554751 ITM coordinates: 493429 , 592732"
I-KER-113.xml,I-KER-113,I-KER-113,Gort na Cloiche Meánach | Rockfield Middle 1,243,RFILD/1,https://www.ucl.ac.uk/archaeology/cisp/database/stone/RFILD/1.html,www.trismegistos.org/text/172689,KE057-023002-,,,,,,,Rockfield Middle (Gort na Cloiche Meánach),,,,,,Co. Kerry,,,,Ireland,,,,,,,"52.12832, -9.63087",,,asserted,52.12832,-9.63087,"488339, 598638","Rockfield Middle (Gort na Cloiche Meánach https://www.logainm.ie/en/23765) Co. Kerry Ireland 52.12832, -9.63087 ITM coordinates: 488339, 598638"
I-KER-114.xml,I-KER-114,I-KER-114,Gort na Cloiche Meánach | Rockfield Middle 2,244,RFILD/2,https://www.ucl.ac.uk/archaeology/cisp/database/stone/RFILD/2.html,www.trismegistos.org/text/172926,KE057-023003-,,,,,,,Rockfield Middle (Gort na Cloiche Meánach),,,,,,Co. Kerry,,,,Ireland,,,,,,,"52.12832, -9.63087",,,asserted,52.12832,-9.63087,"488339, 598638","Rockfield Middle (Gort na Cloiche Meánach https://www.logainm.ie/en/23765) Co. Kerry Ireland 52.12832, -9.63087 ITM coordinates: 488339, 598638"
I-KER-115.xml,I-KER-115,I-KER-115,Gort na Cloiche Meánach | Rockfield Middle 3,245,RFILD/3,https://www.ucl.ac.uk/archaeology/cisp/database/stone/RFILD/3.html,www.trismegistos.org/text/172932,KE057-023004-,,,,,,,Rockfield Middle (Gort na Cloiche Meánach),,,,,,Co. Kerry,,,,Ireland,,,,,,,"52.128322, -9.630876",,,asserted,52.128322,-9.630876,"488339 , 598638","Rockfield Middle (Gort na Cloiche Meánach https://www.logainm.ie/en/23765) Co. Kerry Ireland ITM coordinates: 488339 , 598638 52.128322, -9.630876"
I-KER-116.xml,I-KER-116,I-KER-116,Gort na Cloiche Meánach | Rockfield Middle 4,246,RFILD/4,https://www.ucl.ac.uk/archaeology/cisp/database/stone/RFILD/4.html,www.trismegistos.org/text/172938,KE057-023005-,,,,,,,Rockfield Middle (Gort na Cloiche Meánach),,,,,,Co. Kerry,,,,Ireland,,,,,,,"52.12832, -9.63087",,,asserted,52.12832,-9.63087,"488339, 598638","Rockfield Middle (Gort na Cloiche Meánach https://www.logainm.ie/en/23765) Co. Kerry Ireland 52.12832, -9.63087 ITM coordinates: 488339, 598638"
I-KER-117.xml,I-KER-117,I-KER-117,Aird Chánachta | Ardcanaght 1,246A,ARDCT/1,https://www.ucl.ac.uk/archaeology/cisp/database/stone/ARDCT/1.html,www.trismegistos.org/text/172438,KE047-026001-,,,,,,,Ardcanaght (Aird Chánachta),,,,,,Co. Kerry,,,,Ireland,,,,,,,"52.165998, -9.725042",,,asserted,52.165998,-9.725042,"481949 , 603329","Ardcanaght (Aird Chánachta https://www.logainm.ie/en/24431) Co. Kerry Ireland 52.165998, -9.725042 ITM coordinates: 481949 , 603329"
I-KER-118.xml,I-KER-118,I-KER-118,Aird Chánachta | Ardcanaght 2,246B,ARDCT/2,https://www.ucl.ac.uk/archaeology/cisp/database/stone/ARDCT/2.html,www.trismegistos.org/text/172780,KE047-026003-,,,,,,,Ardcanaght (Aird Chánachta),,,,,,Co. Kerry,,,,Ireland,,,,,,,"52.165998, -9.725042",,,asserted,52.165998,-9.725042,"481949, 603329","Ardcanaght (Aird Chánachta https://www.logainm.ie/en/24431) Co. Kerry Ireland 52.165998, -9.725042 ITM coordinates: 481949, 603329"
I-KER-119.xml,I-KER-119,I-KER-119,Ard Uí Mhánaigh | Ardywanig,247,AYWAG/1,https://www.ucl.ac.uk/archaeology/cisp/database/stone/AYWAG/1.html,www.trismegistos.org/text/173395,KE047-078001-,,,,,,,Ardywanig (Ard Uí Mhánaigh),,,,,,Co. Kerry,,,,Ireland,,,,,,,"52.152736, -9.658615",,,asserted,52.152736,-9.658615,,"Ardywanig (Ard Uí Mhánaigh https://www.logainm.ie/en/23589) Co. Kerry Ireland 52.152736, -9.658615 ITM coordinates:"
I-KER-120.xml,I-KER-120,I-KER-120,Bán an Ghleanna | Bawnaglanna,248,BAWGL/1,https://www.ucl.ac.uk/archaeology/cisp/database/stone/BAWGL/1.html,www.trismegistos.org/text/172474,KE049-101002-,,,,,,,Bawnaglanna (Bán an Ghleanna),,,,,,Co. Kerry,,,,Ireland,,,,,,,"52.153985 , -9.443458 (approximate)",,approximate,qualified,52.153985,-9.443458,"501227 , 601221","Bawnaglanna (Bán an Ghleanna https://www.logainm.ie/en/23546) Co. Kerry Ireland 52.153985 , -9.443458 (approximate) ITM coordinates: 501227 , 601221"
I-KER-121.xml,I-KER-121,I-KER-121,An Bhreac-choill | Brackhill,249,BHILL/1,https://www.ucl.ac.uk/archaeology/cisp/database/stone/BHILL/1.html,www.trismegistos.org/text/172873,KE047-080----,,,,,,,Brackhill (An Bhreac-choill),,,,,,Co. Kerry,,,,Ireland,,,,,,,"52.161889, -9.674836",,,asserted,52.161889,-9.674836,,"Brackhill (An Bhreac-choill https://www.logainm.ie/en/23646) Co. Kerry Ireland 52.161889, -9.674836 ITM coordinates:"
I-KER-122.xml,I-KER-122,I-KER-122,Corcaigh Bhuí | Corkaboy,250,COBOY/1,https://www.ucl.ac.uk/archaeology/cisp/database/stone/COBOY/1.html,www.trismegistos.org/text/172524,KE046-022002-,,,,,,,Corkaboy (Corcaigh Bhuí),,,,,,Co. Kerry,,,,Ireland,,,,,,,"52.16566, -9.77764",,,asserted,52.16566,-9.77764,"478714 , 602928","Corkaboy (Corcaigh Bhuí https://www.logainm.ie/en/24576) (but now in Keel townland as boundary changed) Co. Kerry Ireland 52.16566, -9.77764 ITM coordinates: 478714 , 602928"
I-KER-123.xml,I-KER-123,I-KER-123,An Chraig | Crag,251,CRAG/1,https://www.ucl.ac.uk/archaeology/cisp/database/stone/CRAG/1.html,www.trismegistos.org/text/172529,KE048-016----,,,,,,,Crag (An Chraig),,,,,,Co. Kerry,,,,Ireland,,,,,,,"52.19142, -9.53331",,,asserted,52.19142,-9.53331,"495165 , 605512","Crag (An Chraig https://www.logainm.ie/en/23332) Co. Kerry Ireland 52.19142, -9.53331 ITM coordinates: 495165 , 605512"
I-KER-124.xml,I-KER-124,I-KER-124,An Garrán Darach | Garraundarragh ('Gurrane'),252,GURAN/1,https://www.ucl.ac.uk/archaeology/cisp/database/stone/GURAN/1.html,https://www.trismegistos.org/text/172587,KE039-148----,National Museum of Ireland,,,,,,Garraundarragh (An Garrán Darach),,,,,,Co. Kerry,,,,Ireland,,,,,,,"52.212276, -9.569440",,,asserted,52.212276,-9.56944,"492741 , 607898","Garraundarragh (An Garrán Darach https://www.logainm.ie/en/23459) Co. Kerry Ireland ITM coordinates: 492741 , 607898 52.212276, -9.569440?"
I-KER-125.xml,I-KER-125,I-KER-125,Cill Orglan | Killorglin I ('near'),253,KLORG/1,https://www.ucl.ac.uk/archaeology/cisp/database/stone/KLORG/1.html,www.trismegistos.org/text/172627,KE056-046----,National Museum of Ireland,,,,,,Unknown,,,,,,Co. Kerry,,,,Ireland,,,,,,,"52.104272, -9.777245",,,asserted,52.104272,-9.777245,,"Unknown Co. Kerry Ireland ITM coordinates: 52.104272, -9.777245(approximate and souterrain site)"
I-KER-126.xml,I-KER-126,I-KER-126,Fearann na gCat | Churchtown,254,KLORG/2,https://www.ucl.ac.uk/archaeology/cisp/database/stone/KLORG/2.html,https://www.trismegistos.org/text/172846,KE065-012004-,National Museum of Ireland,,,,,,Churchtown (Fearann na gCat),,,,,,Co. Kerry,,,,Ireland,,,,,,,"52.0727, -9.6864",,,asserted,52.0727,-9.6864,"484397 , 592547","Churchtown (Fearann na gCat https://www.logainm.ie/en/23247) Co. Kerry Ireland 52.0727, -9.6864 ITM coordinates (possible orig. loc.): 484397 , 592547"
I-KER-127.xml,I-KER-127,I-KER-127,Tigh na hAille | Tinnahally 1,255,TINAH/1,https://www.ucl.ac.uk/archaeology/cisp/database/stone/TINAH/1.html,https://www.trismegistos.org/text/172712,KE057-105001-,National Museum of Ireland,,,,,,Tinnahally (Tigh na hAille),,,,,,Co. Kerry,,,,Ireland,,,,,,,"52.126506, -9.749639",,,asserted,52.126506,-9.749639,"480206, 598633","Tinnahally (Tigh na hAille https://www.logainm.ie/en/23663) Co. Kerry Ireland 52.126506, -9.749639 ITM coordinates: 480206, 598633"
I-KER-128.xml,I-KER-128,I-KER-128,Tigh na hAille | Tinnahally 2,256,TINAH/2,https://www.ucl.ac.uk/archaeology/cisp/database/stone/TINAH/2.html,https://www.trismegistos.org/text/172822,KE057-105002-,National Museum of Ireland,,,,,,Tinnahally (Tigh na hAille),,,,,,Co. Kerry,,,,Ireland,,,,,,,"52.126506, -9.749639",,,asserted,52.126506,-9.749639,"480206, 598633","Tinnahally (Tigh na hAille https://www.logainm.ie/en/23663) Co. Kerry Ireland 52.126506, -9.749639 ITM coordinates: 480206, 598633"
I-KER-129.xml,I-KER-129,I-KER-129,Cluain na Lobhar | Cloonalour (Tralee),256A,TRALE/1,https://www.ucl.ac.uk/archaeology/cisp/database/stone/TRALE/1.html,,,,,,,,,Cloonalour (Cluain na Lobhar),,,,,,Co. Kerry,,,,Ireland,,,,,,,"52.274656, -9.694814",,,asserted,52.274656,-9.694814,,"Cloonalour (Cluain na Lobhar https://www.logainm.ie/en/24828) Co. Kerry Ireland ITM coordinates: 52.274656, -9.694814(approx. according to Mac White's account)"
I-KER-130.xml,I-KER-130,I-KER-130,Baile Bhromáin | Ballybroman,1082,BALBR/1,https://www.ucl.ac.uk/archaeology/cisp/database/stone/BALBR/1.html,https://www.trismegistos.org/text/172458,(souterrain KE021-084001-),,,,,,,Ballybroman (Baile Bhromáin),,,,,,Co. Kerry,,,,Ireland,,,,,,,"52.335184, -9.726037",,,asserted,52.335184,-9.726037,"482372 , 621797","Ballybroman (Baile Bhromáin https://www.logainm.ie/en/24815) Co. Kerry Ireland 52.335184, -9.726037 ITM coordinates: 482372 , 621797"
I-KER-131.xml,I-KER-131,I-KER-131,Ráth Cionaoith | Rathkenny 1,1083,RTHKE/1,https://www.ucl.ac.uk/archaeology/cisp/database/stone/RTHKE/1.html,https://www.trismegistos.org/text/172684,KE021-087002-,,,,,,,Rathkenny (Ráth Cionaoith),,,,,,Co. Kerry,,,,Ireland,,,,,,,"52.333343, -9.721501",,,asserted,52.333343,-9.721501,"482685, 621567","Rathkenny (Ráth Cionaoith https://www.logainm.ie/en/24821) Co. Kerry Ireland 52.333343, -9.721501 ITM coordinates: 482685, 621567"
I-KER-132.xml,I-KER-132,I-KER-132,Ráth Cionaoith | Rathkenny 2,1084,RTHKE/2,https://www.ucl.ac.uk/archaeology/cisp/database/stone/RTHKE/2.html,https://www.trismegistos.org/text/172850,KE021-087005-,,,,,,,Rathkenny (Ráth Cionaoith),,,,,,Co. Kerry,,,,Ireland,,,,,,,"52.333343, -9.721501",,,asserted,52.333343,-9.721501,"482685, 621567","Rathkenny (Ráth Cionaoith https://www.logainm.ie/en/24821) Co. Kerry Ireland 52.333343, -9.721501 ITM coordinates: 482685, 621567"
I-KER-133.xml,I-KER-133,I-KER-133,Ráth Cionaoith | Rathkenny 3,1085,RTHKE/3,https://www.ucl.ac.uk/archaeology/cisp/database/stone/RTHKE/3.html,https://www.trismegistos.org/text/172877,KE021-087004-,,,,,,,Rathkenny (Ráth Cionaoith),,,,,,Co. Kerry,,,,Ireland,,,,,,,"52.333343, -9.721501",,,asserted,52.333343,-9.721501,"482685, 621567","Rathkenny (Ráth Cionaoith https://www.logainm.ie/en/24821) Co. Kerry Ireland 52.333343, -9.721501 ITM coordinates: 482685, 621567"
I-KER-134.xml,I-KER-134,I-KER-134,Ráth Cionaoith | Rathkenny 4,,,https://www.ucl.ac.uk/archaeology/cisp/database/stone/.html,,KE021-087007-,,,,,,,Rathkenny (Ráth Cionaoith),,,,,,Co. Kerry,,,,Ireland,,,,,,,"52.333343, -9.721501",,,asserted,52.333343,-9.721501,"482685, 621567","Rathkenny (Ráth Cionaoith https://www.logainm.ie/en/24821) Co. Kerry Ireland 52.333343, -9.721501 ITM coordinates: 482685, 621567"
I-KER-135.xml,I-KER-135,I-KER-135,Cill Ghuilbin Thoir | Kilgulbin East,1086,,https://www.ucl.ac.uk/archaeology/cisp/database/stone/.html,,KE021-051----,National Museum of Ireland,,,,,,Kilgulbin East,,,,,,Co. Kerry,,,,Ireland,Cill Ghuilbin Thoir (ga),,,,,https://www.logainm.ie/en/24818,"52.346 , -9.712",,,asserted,52.346,-9.712,,"Kilgulbin East (Cill Ghuilbin Thoir) Co. Kerry Ireland 52.346 , -9.712 approximate"
I-KER-136.xml,I-KER-136,I-KER-136,Oileán an Teampaill | Church Island,,CHUIS/1,https://www.ucl.ac.uk/archaeology/cisp/database/stone/CHUIS/1.html,,KE079-032004-,Cork Public Museum,,,,,,Church Island (Oileán an Teampaill - wrong coords on logainm!),,,,,,Co. Kerry,,,,Ireland,,,,,,,"51.937578, -10.283295",,,asserted,51.937578,-10.283295,"443008 , 578627","Church Island (Oileán an Teampaill - wrong coords on logainm!) Co. Kerry Ireland 51.937578, -10.283295 ITM coordinates: 443008 , 578627"
I-KER-137.xml,I-KER-137,I-KER-137,An Gaorthadh Theas | Gearha South,,GEARS/1,https://www.ucl.ac.uk/archaeology/cisp/database/stone/GEARS/1.html,,KE092-049001-,Cork Public Museum,,,,,,Gearha South (An Gaorthadh Theas),,,,,,Co. Kerry,,,,Ireland,,,,,,,"51.887801, -9.761091",,,asserted,51.887801,-9.761091,"478776, 572092","Gearha South (An Gaorthadh Theas https://www.logainm.ie/en/23107) Co. Kerry Ireland 51.887801, -9.761091 ITM coordinates: 478776, 572092"
I-KER-138.xml,I-KER-138,I-KER-138,Caol na bhFuarán | Brookhill,,BRHKL/1,https://www.ucl.ac.uk/archaeology/cisp/database/stone/BRHKL/1.html,,KE065-105----,National Museum of Ireland,,,,,,Brookhill (Caol na bhFuarán),,,,,,Co. Kerry,,,,Ireland,,,,,,,"52.072139, -9.735859",,,asserted,52.072139,-9.735859,,"Brookhill (Caol na bhFuarán https://www.logainm.ie/en/23480) Co. Kerry Ireland ITM coordinates: 52.072139, -9.735859(approx. to townland)"
I-KER-139.xml,I-KER-139,I-KER-139,Ráth Teas | Ratass,,RATAS/1,https://www.ucl.ac.uk/archaeology/cisp/database/stone/RATAS/1.html,,KE029-157002-,,,,,,,Ratass,,,,,,Co. Kerry,,,,Ireland,,,,,,,"52.267045, -9.681861",,,asserted,52.267045,-9.681861,"485205, 614149","Ratass (Ráth Teas Co. Kerry Ireland 52.267045, -9.681861 ITM coordinates: 485205, 614149"
I-KER-140.xml,I-KER-140,I-KER-140,Cnoc an Gharráin | Knockagarrane,,,https://www.ucl.ac.uk/archaeology/cisp/database/stone/.html,,KE057-143----,,,,,,,Knockagarrane (Cnoc an Gharráin),,,,,,Co. Kerry,,,,Ireland,,,,,,,"52.136824, -9.731707",,,asserted,52.136824,-9.731707,,"Knockagarrane (Cnoc an Gharráin https://www.logainm.ie/en/23656) Co. Kerry Ireland 52.136824, -9.731707 ITM coordinates:"
I-KER-141.xml,I-KER-141,I-KER-141,Com an Lóndraigh | Coumlanders,,,https://www.ucl.ac.uk/archaeology/cisp/database/stone/.html,,KE054-094----,Músaem Chorca Dhuibhne,,,,,,Coumlanders (Com an Lóndraigh),,,,,,Co. Kerry,,,,Ireland,,,,,,,"52.125601, -10.175898",,,asserted,52.125601,-10.175898,,"Coumlanders (Com an Lóndraigh https://www.logainm.ie/en/22748) Co. Kerry Ireland ITM coordinates: 52.125601, -10.175898(approx. to townland)"
I-KER-142.xml,I-KER-142,I-KER-142,Inse an Chomair | Inchincummer,,,https://www.ucl.ac.uk/archaeology/cisp/database/stone/.html,,KE049-122----,,,,,,,Inchincummer (Inse an Chomair),,,,,,Co. Kerry,,,,Ireland,,,,,,,"52.154855, -9.444296",,,asserted,52.154855,-9.444296,"501181 , 601317","Inchincummer (Inse an Chomair https://www.logainm.ie/en/23556) Co. Kerry Ireland 52.154855, -9.444296 ITM coordinates: 501181 , 601317"
I-KER-143.xml,I-KER-143,I-KER-143,Trá Lí | Tralee,,,https://www.ucl.ac.uk/archaeology/cisp/database/stone/.html,,KE029-319----,Kerry County Museum,,,,,,Tralee (Trá Lí),,,,,,Co. Kerry,,,,Ireland,,,,,,,"52.269425, -9.723075",,,asserted,52.269425,-9.723075,"482400, 614480","Tralee (Trá Lí https://www.logainm.ie/en/24803) Co. Kerry Ireland ITM coordinates: 482400, 614480 52.269425, -9.723075"
I-KER-144.xml,I-KER-144,I-KER-144,Bun Binne | Bunbinnia,,,https://www.ucl.ac.uk/archaeology/cisp/database/stone/.html,,KE073-050001-,,,,,,,Bunbinnia (Bun Binne),,,,,,Co. Kerry,,,,Ireland,,,,,,,"51.96767, -9.722726",,,asserted,51.96767,-9.722726,"481627, 580914","Bunbinnia (Bun Binne https://www.logainm.ie/en/23310) Co. Kerry Ireland ITM coordinates: 481627, 580914 51.96767, -9.722726"
I-KER-145.xml,I-KER-145,I-KER-145,Tiobraid Bheag | Tubrid Beg,,,https://www.ucl.ac.uk/archaeology/cisp/database/stone/.html,,KE021-122003-,,,,,,,Tubrid Beg,,,,,,Co. Kerry,,,,Ireland,,,,,,,"52.319706, -9.724260",,,asserted,52.319706,-9.72426,"482438, 620089","Tubrid Beg https://www.logainm.ie/en/24804 Co. Kerry Ireland 52.319706, -9.724260 ITM coordinates: 482438, 620089"
I-KER-146.xml,I-KER-146,I-KER-146,Ráth Ciaráin | Rathkieran,,RATHK/1,https://www.ucl.ac.uk/archaeology/cisp/database/stone/RATHK/1.html,,KE096-009001-,,,,,,,Rathkieran (Ráth Ciaráin),,,,,,Co. Kerry,,,,Ireland,,,,,,,"51.848153, -10.332104",,,asserted,51.848153,-10.332104,"439329 , 568787","Rathkieran (Ráth Ciaráin https://www.logainm.ie/en/22404) Co. Kerry Ireland 51.848153, -10.332104 ITM coordinates: 439329 , 568787"
I-KER-147.xml,I-KER-147,I-KER-147,An Gabhlán | Gowlane,,GOWLA/1,https://www.ucl.ac.uk/archaeology/cisp/database/stone/GOWLA/1.html,,KE048-113003-,,,,,,,Gowlane (An Gabhlán),,,,,,Co. Kerry,,,,Ireland,,,,,,,"52.1419, -9.5731",,,asserted,52.1419,-9.5731,"492319, 600071","Gowlane (An Gabhlán https://www.logainm.ie/en/23681) Co. Kerry Ireland ITM coordinates: 492319, 60007152.1419, -9.5731"
I-KER-148.xml,I-KER-148,I-KER-148,An Cnoc Breac | Knockbrack,,,https://www.ucl.ac.uk/archaeology/cisp/database/stone/.html,,KE047-105001-,,,,,,,Knockbrack (An Cnoc Breac),,,,,,Co. Kerry,,,,Ireland,,,,,,,"52.196909, -9.648659",,,asserted,52.196909,-9.648659,"487295, 606295","Knockbrack (An Cnoc Breac https://www.logainm.ie/en/23610) Co. Kerry Ireland 52.196909, -9.648659 ITM coordinates: 487295, 606295"
I-KER-149.xml,I-KER-149,I-KER-149,Cill Mhaoile Theas | Kilmoyly South,,,https://www.ucl.ac.uk/archaeology/cisp/database/stone/.html,,KE014-089002-,,,,,,,Kilmoyly South (Cill Mhaoile Theas),,,,,,Co. Kerry,,,,Ireland,,,,,,,"52.376725, -9.772241",,,asserted,52.376725,-9.772241,"479337, 626497","Kilmoyly South (Cill Mhaoile Theas https://www.logainm.ie/en/24385) Co. Kerry Ireland ITM coordinates: 479337, 62649752.376725, -9.772241"
I-KER-150.xml,I-KER-150,I-KER-150,Formaoil |Fermoyle,,,https://www.ucl.ac.uk/archaeology/cisp/database/stone/.html,,KE035-154----,Kerry County Museum,,,,,,Fermoyle,,,,,,Co. Kerry,,,,Ireland,Formaoil (ga),,,,,https://www.logainm.ie/en/22772,"52.244086, -10.144093",,,asserted,52.244086,-10.144093,,"Fermoyle (Formaoil) , Co. Kerry, Ireland 52.244086, -10.144093 approximate"
I-KER-151.xml,I-KER-151,I-KER-151,BAILE MÓR THIAR,,,https://www.ucl.ac.uk/archaeology/cisp/database/stone/.html,,KE053-099----,,,,,,,BAILE MÓR THIAR,,,,,,Co. Kerry,,,,Ireland,,"NMS SMR KE053-099----, ITM 440544 599247 (converted; matches the published lat/lon exactly)","Baile Mor Thiar, Co. Kerry. Found in 2013 while digging a pit beside a mobile home; a sandstone fragment 0.25 m long with a scholastic inscription reading perhaps SIGA... Currently in private possession. Compiled by Fionnbarr Moore.",,,,,,,supplied,52.122077,-10.328706,,BAILE MÓR THIAR Co. Kerry Ireland ITM coordinates:
I-KER-152.xml,I-KER-152,I-KER-152,Ballyvelly,,,https://www.ucl.ac.uk/archaeology/cisp/database/stone/.html,,,,,,,,,Ballyvelly,,,,,,Co. Kerry,,,,Ireland,,,,,,,"52.263227, -9.729227",,,asserted,52.263227,-9.729227,,"Ballyvelly Co. Kerry Ireland 52.263227, -9.729227"
I-KER-153.xml,I-KER-153,I-KER-153,Unknown (Dunraven Collection),,,https://www.ucl.ac.uk/archaeology/cisp/database/stone/.html,,,,,,,,,,,,,,,Co. Kerry,,,,Ireland,,,,,"""Unknown (Dunraven Collection)"", Co. Kerry. No CIIC, no CISP, no SMR and no townland: the stone is known through the collection of the Earl of Dunraven and its origin was already unrecorded when it entered it. Checked; not recoverable.",,,,,missing,,,,Co. Kerry Ireland
I-KER-154.xml,I-KER-154,I-KER-154,An Chillín Liath | Killeenleagh,,,https://www.ucl.ac.uk/archaeology/cisp/database/stone/.html,,KE089-010002-,,,,,,,Killeenleagh,,,,,,Co. Kerry,,,,Ireland,An Chillín Liath (ga),,,,,https://www.logainm.ie/en/1394104,"51.908253, -10.058009",,,asserted,51.908253,-10.058009,"458404, 574903","Killeenleagh (An Chillín Liath) Co. Kerry Ireland 51.908253, -10.058009 ITM coordinates: 458404, 574903"
I-KER-L01.xml,I-KER-L01,I-KER-L01,Baile an Reannaigh | Ballinrannig 8?,154A,BALIG/8,https://www.ucl.ac.uk/archaeology/cisp/database/stone/BALIG/8.html,www.trismegistos.org/text/172993,KE042-057004-,,,,,,,Ballinrannig,,,,,,Co. Kerry,,,,Ireland,Baile an Reannaigh (ga),,,,,https://www.logainm.ie/en/22741,"52.1788, -10.3879",,,asserted,52.1788,-10.3879,"436682, 605700","Ballinrannig (Baile an Reannaigh) Co. Kerry Ireland 52.1788, -10.3879 ITM coordinates (approximate): 436682, 605700"
I-KER-L02.xml,I-KER-L02,I-KER-L02,An Baile Íochtarach | Ballyeightragh,,,https://www.ucl.ac.uk/archaeology/cisp/database/stone/.html,www.trismegistos.org/text/172459,,,,,,,,,,,,,,Co. Kerry,,,,Ireland,,,,,,,,,,missing,,,,Co. Kerry Ireland ITM coordinates:
I-KER-L03.xml,I-KER-L03,I-KER-L03,Baile an Ghóilín | Burnham,,,https://www.ucl.ac.uk/archaeology/cisp/database/stone/.html,,KE053-012003-,,,,,,,Burnham East (Baile an Ghóilín),,,,,,Co. Kerry,,,,Ireland,,,,,,,,,,missing,,,,Burnham East (Baile an Ghóilín https://www.logainm.ie/en/22609) Co. Kerry Ireland ITM coordinates:
I-KER-L04.xml,I-KER-L04,I-KER-L04,Coolnagoppoge,,,https://www.ucl.ac.uk/archaeology/cisp/database/stone/.html,,,,,,,,,Coolnagoppoge,,,,,,Co. Kerry,,,,Ireland,,,,,,,,,,missing,,,,Coolnagoppoge Co. Kerry Ireland ITM coordinates:
I-KER-L05.xml,I-KER-L05,I-KER-L05,Cill Urlaí | Killurly 2,237,,https://www.ucl.ac.uk/archaeology/cisp/database/stone/.html,www.trismegistos.org/text/172802,KE097-055----,,,,,,,Killurly (Cill Urlaí),,,,,,Co. Kerry,,,,Ireland,,,,,,,,,,missing,,,,Killurly (Cill Urlaí https://www.logainm.ie/en/22072) Co. Kerry Ireland ITM coordinates:
I-KER-L06.xml,I-KER-L06,I-KER-L06,An Lóthar | Loher,,,https://www.ucl.ac.uk/archaeology/cisp/database/stone/.html,,KE106-003005-,,,,,,,Loher (An Lóthar),,,,,,Co. Kerry,,,,Ireland,,,,,,,,,,missing,,,,Loher (An Lóthar https://www.logainm.ie/en/22220) Co. Kerry Ireland ITM coordinates:
I-KER-L07.xml,I-KER-L07,I-KER-L07,Páirc an Mhóinéir | Parkavonear 2,242A,PARAR/2,https://www.ucl.ac.uk/archaeology/cisp/database/stone/PARAR/2.html,www.trismegistos.org/text/172812,KE066-016010-,,,,,,,Parkavonear (Páirc an Mhóinéir),,,,,,Co. Kerry,,,,Ireland,,,,,,,,,,missing,,,,Parkavonear (Páirc an Mhóinéir https://www.logainm.ie/en/23173) Co. Kerry Ireland ITM coordinates:
I-KER-L08.xml,I-KER-L08,I-KER-L08,Gort na Cloiche Meánach | Rockfield Middle 5,,RFILD/5,https://www.ucl.ac.uk/archaeology/cisp/database/stone/RFILD/5.html,www.trismegistos.org/text/172944,KE057-023006-,,,,,,,Rockfield Middle (Gort na Cloiche Meánach),,,,,,Co. Kerry,,,,Ireland,,,,,,,"52.128322, -9.630876",,,asserted,52.128322,-9.630876,"488339 , 598638","Rockfield Middle (Gort na Cloiche Meánach https://www.logainm.ie/en/23765) Co. Kerry Ireland ITM coordinates: 488339 , 598638 52.128322, -9.630876"
I-KER-L09.xml,I-KER-L09,I-KER-L09,Gort na Cloiche Meánach | Rockfield Middle 6,,RFILD/6,https://www.ucl.ac.uk/archaeology/cisp/database/stone/RFILD/6.html,www.trismegistos.org/text/172950,KE057-023007-,,,,,,,Rockfield Middle (Gort na Cloiche Meánach),,,,,,Co. Kerry,,,,Ireland,,,,,,,"52.128322, -9.630876",,,asserted,52.128322,-9.630876,"488339 , 598638","Rockfield Middle (Gort na Cloiche Meánach https://www.logainm.ie/en/23765) Co. Kerry Ireland ITM coordinates: 488339 , 598638 52.128322, -9.630876"
I-KER-L10.xml,I-KER-L10,I-KER-L10,Ard Uí Mhánaigh | Ardywanig,,,https://www.ucl.ac.uk/archaeology/cisp/database/stone/.html,,KE047-068----,,,,,,,Ardywanig (Ard Uí Mhánaigh),,,,,,Co. Kerry,,,,Ireland,,,,,,,"52.146311, -9.657641",,,asserted,52.146311,-9.657641,,"Ardywanig (Ard Uí Mhánaigh https://www.logainm.ie/en/23589) Co. Kerry Ireland 52.146311, -9.657641 ITM coordinates:"
I-KER-L11.xml,I-KER-L11,I-KER-L11,Castleconway,,,https://www.ucl.ac.uk/archaeology/cisp/database/stone/.html,,KE056-025001-,,,,,,,Castleconway,,,,,,Co. Kerry,,,,Ireland,,,,,,,,,,missing,,,,Castleconway Co. Kerry Ireland ITM coordinates:
I-KER-X01.xml,I-KER-X01,I-KER-X01,Bushmount,,,https://www.ucl.ac.uk/archaeology/cisp/database/stone/.html,,,,,,,,,Bushmount,,,,,,Co. Kerry,,,,Ireland,,,,,,,findspot uncertain,,findspot uncertain,textual_only,,,,Bushmount Co. Kerry Ireland findspot uncertain ITM coordinates:
I-KER-X02.xml,I-KER-X02,I-KER-X02,PÁIRC AN TEAMPAILL,,,https://www.ucl.ac.uk/archaeology/cisp/database/stone/.html,,KE044-079----,,,,,,,,,,,,,Co. Kerry,,,,Ireland,,,,,,,,,,missing,,,,Co. Kerry Ireland ITM coordinates:
I-KER-X03.xml,I-KER-X03,I-KER-X03,Clonsharagh,,,https://www.ucl.ac.uk/archaeology/cisp/database/stone/.html,,,,,,,,,Clonsharagh,,,,,,Co. Kerry,,,,Ireland,,,,,,,,,,missing,,,,Clonsharagh Co. Kerry Ireland ITM coordinates:
I-KER-X04.xml,I-KER-X04,I-KER-X04,Gortacurraun,,,https://www.ucl.ac.uk/archaeology/cisp/database/stone/.html,,,,,,,,,Gortacurraun,,,,,,Co. Kerry,,,,Ireland,,,,,,,,,,missing,,,,Gortacurraun Co. Kerry Ireland ITM coordinates:
I-KER-X05.xml,I-KER-X05,I-KER-X05,Vicarstown,,,https://www.ucl.ac.uk/archaeology/cisp/database/stone/.html,,,,,,,,,Vicarstown,,,,,,Co. Kerry,,,,Ireland,,,,,,,,,,missing,,,,Vicarstown Co. Kerry Ireland ITM coordinates:
I-KER-X06.xml,I-KER-X06,I-KER-X06,An Mhangarta | Mangerton,,,https://www.ucl.ac.uk/archaeology/cisp/database/stone/.html,,KE085-005002-,,,,,,,Mangerton (An Mhangarta),,,,,,Co. Kerry,,,,Ireland,,,,,,,,,,missing,,,,Mangerton (An Mhangarta https://www.logainm.ie/en/23087) Co. Kerry Ireland ITM coordinates:
I-KER-X07.xml,I-KER-X07,I-KER-X07,An Doirín | Derreen,,,https://www.ucl.ac.uk/archaeology/cisp/database/stone/.html,,,,,,,,,Derreen (An Doirín),,,,,,Co. Kerry,,,,Ireland,,,,,,,,,,missing,,,,Derreen (An Doirín https://www.logainm.ie/en/22813) Co. Kerry Ireland ITM coordinates:
I-KER-X08.xml,I-KER-X08,I-KER-X08,An Leathfhearann Theas | Laharan South 1,,,https://www.ucl.ac.uk/archaeology/cisp/database/stone/.html,,,,,,,,,Laharan South (An Leathfhearann Theas),,,,,,Co. Kerry,,,,Ireland,,,,,,,,,,missing,,,,Laharan South (An Leathfhearann Theas https://www.logainm.ie/en/22108) Co. Kerry Ireland ITM coordinates:
I-KER-X09.xml,I-KER-X09,I-KER-X09,An Leathfhearann Theas | Laharan South 2,,,https://www.ucl.ac.uk/archaeology/cisp/database/stone/.html,,,,,,,,,Laharan South (An Leathfhearann Theas),,,,,,Co. Kerry,,,,Ireland,,,,,,,,,,missing,,,,Laharan South (An Leathfhearann Theas https://www.logainm.ie/en/22108) Co. Kerry Ireland ITM coordinates:
I-KER-X10.xml,I-KER-X10,I-KER-X10,Cathair Néid |Cahernead,,,https://www.ucl.ac.uk/archaeology/cisp/database/stone/.html,,KE021-017002-,,,,,,,Cahernead,,,,,,Co. Kerry,,,,Ireland,,,,,,,"52.365387, -9.711402",,,asserted,52.365387,-9.711402,"483449 , 625136","Cahernead https://www.logainm.ie/en/24617 Co. Kerry Ireland ITM coordinates: 483449 , 62513652.365387, -9.711402"
I-KID-001.xml,I-KID-001,I-KID-001,Baile Choilbín | Colbinstown 1,19,COLIN/1,https://www.ucl.ac.uk/archaeology/cisp/database/stone/COLIN/1.html,,KD032-044001-,National Museum of Ireland,,Killeencormack,,,,Colbinstown,,,,,,Co. Kildare,,,,Ireland,Cillín Chormaic (ga) | Baile Choilbín (ga),,,,,https://www.logainm.ie/en/109036 | https://www.logainm.ie/en/25125,"53.02854, -6.76087",,,asserted,53.02854,-6.76087,"683115, 698259","Killeencormack (Cillín Chormaic) Colbinstown (Baile Choilbín Co. Kildare Ireland 53.02854, -6.76087 ITM Coordinates: 683115, 698259"
I-KID-002.xml,I-KID-002,I-KID-002,Baile Choilbín | Colbinstown 2,20,COLIN/2,https://www.ucl.ac.uk/archaeology/cisp/database/stone/COLIN/2.html,,KD032-044002-,National Museum of Ireland,,Killeencormack,,,,Colbinstown,,,,,,Co. Kildare,,,,Ireland,Cillín Chormaic (ga) | Baile Choilbín (ga),,,,,https://www.logainm.ie/en/109036 | https://www.logainm.ie/en/25125,"53.02854, -6.76087",,,asserted,53.02854,-6.76087,"683115, 698259","Killeencormack (Cillín Chormaic) Colbinstown (Baile Choilbín) Co. Kildare Ireland 53.02854, -6.76087 ITM Coordinates: 683115, 698259"
I-KID-004.xml,I-KID-004,I-KID-004,Baile Choilbín | Colbinstown 4,22,COLIN/4,https://www.ucl.ac.uk/archaeology/cisp/database/stone/COLIN/4.html,,KD032-044004-,,,Killeencormack,,,,Colbinstown,,,,,,Co. Kildare,,,,Ireland,Cillín Chormaic (ga) | Baile Choilbín (ga),,,,,https://www.logainm.ie/en/109036 | https://www.logainm.ie/en/25125,"53.028539, -6.760976",,,asserted,53.028539,-6.760976,"683113, 698258","Killeencormack (Cillín Chormaic) Colbinstown (Baile Choilbín) Co. Kildare Ireland 53.028539, -6.760976 ITM Coordinates: 683113, 698258"
I-KID-005.xml,I-KID-005,I-KID-005,Baile Choilbín | Colbinstown 5,23,COLIN/5,https://www.ucl.ac.uk/archaeology/cisp/database/stone/COLIN_5.html,https://www.trismegistos.org/text/172954,KD032-044005-,,,Killeencormack,,,,Colbinstown,,,,,,Co. Kildare,,,,Ireland,Cillín Chormaic (ga) | Baile Choilbín (ga),,,,,https://www.logainm.ie/en/109036 | https://www.logainm.ie/en/25125,"53.028514, -6.760801",,,asserted,53.028514,-6.760801,"683138, 698248","Killeencormack (Cillín Chormaic) Colbinstown (Baile Choilbín) Co. Kildare Ireland 53.028514, -6.760801 ITM Coordinates: 683138, 698248"
I-KID-007.xml,I-KID-007,I-KID-007,Baile Choilbín | Colbinstown 7,25,COLIN/7,https://www.ucl.ac.uk/archaeology/cisp/database/stone/COLIN_7.html,https://www.trismegistos.org/text/172956,KD032-044007-,,,Killeencormack,,,,Colbinstown,,,,,,Co. Kildare,,,,Ireland,Cillín Chormaic (ga) | Baile Choilbín (ga),,,,,https://www.logainm.ie/en/109036 | https://www.logainm.ie/en/25125,"53.028323, -6.760951",,,asserted,53.028323,-6.760951,"683130, 698239","Killeencormack (Cillín Chormaic) Colbinstown (Baile Choilbín) Co. Kildare Ireland 53.028323, -6.760951 ITM Coordinates: 683130, 698239"
I-KID-008.xml,I-KID-008,I-KID-008,Domhnach Mór | Donaghmore,26,DNMOR/1,https://www.ucl.ac.uk/archaeology/cisp/database/stone/DNMOR/1.html,,KD006-005002-,National Museum of Ireland,,,,,,Donaghmore,,,,,,Co. Kildare,,,,Ireland,Domhnach Mór (ga),,,,,https://www.logainm.ie/en/25412,"53.377093, -6.552943",,,asserted,53.377093,-6.552943,"696269, 737287 (approximate findspot)","Donaghmore (Domhnach Mór), Co. Kildare Ireland 53.377093, -6.552943 ITM Coordinates: 696269, 737287 (approximate findspot)"
I-KIK-001.xml,I-KIK-001,I-KIK-001,Baile Uí Spealáin | Ballyspellan,27,,https://www.ucl.ac.uk/archaeology/cisp/database/stone/.html,,,National Museum of Ireland,,,,,,Ballyspellan,,,,,,Co. Kilkenny,,,,Ireland,Baile Uí Spealáin (ga),,,,,https://www.logainm.ie/en/27449,"52.761, -7.511",,,asserted,52.761,-7.511,,"Ballyspellan (Baile Uí Spealáin) Co. Kilkenny Ireland 52.761, -7.511 approximate"
I-KIK-002.xml,I-KIK-002,I-KIK-002,Clárach an Teampaill | Churchclara 1,28,CHLAR/1,https://www.ucl.ac.uk/archaeology/cisp/database/stone/CHLAR/1.html,https://www.trismegistos.org/text/172501,KK020-017003-,,,,,,,Churchclara,,,,,,Co. Kilkenny,,,,Ireland,Clárach an Teampaill (ga),,,,,https://www.logainm.ie/en/26739,"52.655447, -7.145906",,,asserted,52.655447,-7.145906,"657786, 656371","Churchclara (Clárach an Teampaill) Co. Kilkenny Ireland 52.655447, -7.145906 ITM Coordinates: 657786, 656371"
I-KIK-003.xml,I-KIK-003,I-KIK-003,Clárach an Teampaill | Churchclara 2,,CHLAR/2,https://www.ucl.ac.uk/archaeology/cisp/database/stone/CHLAR/2.html,,KK020-017010-,,,,,,,Churchclara,,,,,,Co. Kilkenny,,,,Ireland,Clárach an Teampaill (ga),,,,,https://www.logainm.ie/en/26739,"52.655485, -7.146098",,,asserted,52.655485,-7.146098,"657773, 656375","Churchclara (Clárach an Teampaill) Co. Kilkenny Ireland 52.655485, -7.146098 ITM Coordinates: 657773, 656375"
I-KIK-006.xml,I-KIK-006,I-KIK-006,An Feadán Uachtarach | Fiddaun Upper,31,FIDUP/1,https://www.ucl.ac.uk/archaeology/cisp/database/stone/FIDUP_1.html,https://www.trismegistos.org/text/172564,KK029-020----,,,,,,,Fiddaun Upper,,,,,,Co. Kilkenny,,,,Ireland,An Feadán Uachtarach (ga),,,,,https://www.logainm.ie/en/27197,"52.522596, -7.037871",,,asserted,52.522596,-7.037871,"665293, 641684","Fiddaun Upper (An Feadán Uachtarach) Co. Kilkenny Ireland 52.522596, -7.037871 ITM Coordinates: 665293, 641684"
I-KIK-007.xml,I-KIK-007,I-KIK-007,Gabhrán | Gowran,32,GOWRN/1,https://www.ucl.ac.uk/archaeology/cisp/database/stone/GOWRN/1.html,https://www.trismegistos.org/text/173403,KK020-060007-,,,,,,,Gowran,,,,,,Co. Kilkenny,,,,Ireland,Gabhrán (ga),,,,,https://www.logainm.ie/en/1411890,"52.628928, -7.064571",,,asserted,52.628928,-7.064571,"663307, 653483","Gowran (Gabhrán) Co. Kilkenny Ireland 52.628928, -7.064571 ITM Coordinates: 663307, 653483"
I-KIK-008.xml,I-KIK-008,I-KIK-008,An Liagán | Legan,34,LEGAN/1,https://www.ucl.ac.uk/archaeology/cisp/database/stone/LEGAN/1.html,https://www.trismegistos.org/text/172646,KK028-026002-,,,,,,,Legan,,,,,,Co. Kilkenny,,,,Ireland,An Liagán (ga),,,,,https://www.logainm.ie/en/27341,"52.534759, -7.163003",,,asserted,52.534759,-7.163003,"656787 , 642925","Legan (An Liagán) Co. Kilkenny Ireland 52.534759, -7.163003 ITM Coordinates: 656787 , 642925"
I-KIK-009.xml,I-KIK-009,I-KIK-009,An Tulaigh Thirim | Tullaherin 1,35,TULHE,http://www.ucl.ac.uk/archaeology/cisp/database/site/tulhe.html,https://www.trismegistos.org/text/172721,,,,,,,,Tullaherin,,,,,,Co. Kilkenny,,,,Ireland,An Tulaigh Thirim (ga),,,,,https://www.logainm.ie/en/27360,"52.579246, -7.129977",,,asserted,52.579246,-7.129977,"658966, 647906","Tullaherin (An Tulaigh Thirim) Co. Kilkenny Ireland 52.579246, -7.129977 ITM Coordinates: 658966, 647906"
I-KIK-010.xml,I-KIK-010,I-KIK-010,An Tulaigh Thirim | Tullaherin 2,,TULHE,http://www.ucl.ac.uk/archaeology/cisp/database/site/tulhe.html,,,,,,,,,Tullaherin,,,,,,Co. Kilkenny,,,,Ireland,An Tulaigh Thirim (ga),,,,,https://www.logainm.ie/en/27360,"52.579246, -7.130021",,,asserted,52.579246,-7.130021,"658963, 647906","Tullaherin (An Tulaigh Thirim) Co. Kilkenny Ireland 52.579246, -7.130021 ITM Coordinates: 658963, 647906"
I-KIK-011.xml,I-KIK-011,I-KIK-011,Lamóg | Lamoge 1,36,LAMOG/1,https://www.ucl.ac.uk/archaeology/cisp/database/stone/lamog_1.html,https://www.trismegistos.org/text/172645,,,,,,,,Lamoge,,,,,,Co. Kilkenny,,,,Ireland,Lamóg (ga),,,,,https://www.logainm.ie/en/26343,"52.44656, -7.36596",,,asserted,52.44656,-7.36596,"643095, 632978","Lamoge (Lamóg) Co. Kilkenny Ireland 52.44656, -7.36596 ITM Coordinates (approximate): 643095, 632978"
I-KIK-012.xml,I-KIK-012,I-KIK-012,Lamóg | Lamoge 2,37,LAMOG/2,https://www.ucl.ac.uk/archaeology/cisp/database/stone/lamog_2.html,https://www.trismegistos.org/text/172806,,,,,,,,Lamoge,,,,,,Co. Kilkenny,,,,Ireland,Lamóg (ga),,,,,https://www.logainm.ie/en/26343,"52.44656, -7.36596",,,asserted,52.44656,-7.36596,"643095, 632978","Lamoge (Lamóg) Co. Kilkenny Ireland 52.44656, -7.36596 ITM Coordinates (approximate): 643095, 632978"
I-KIK-013.xml,I-KIK-013,I-KIK-013,Baile Mhuadáin | Ballyboodan,38,BALBO/1,https://www.ucl.ac.uk/archaeology/cisp/database/stone/balbo_1.html,https://www.trismegistos.org/text/172457,,,,,,,,Ballyboodan,,,,,,Co. Kilkenny,,,,Ireland,Baile Mhuadáin (ga),,,,,https://www.logainm.ie/en/27279,"52.470078, -7.222619",,,asserted,52.470078,-7.222619,"652816, 635691","Ballyboodan (Baile Mhuadáin) Co. Kilkenny Ireland 52.470078, -7.222619 ITM Coordinates: 652816, 635691"
I-KIK-014.xml,I-KIK-014,I-KIK-014,An tSeanchill |Shankill,,SHANK/1,https://www.ucl.ac.uk/archaeology/cisp/database/stone/shank_1.html,,,Rothe House Museum,,,,,,Shankill,,,,,,Co. Kilkenny,,,,Ireland,An tSeanchill (ga),,,,,https://www.logainm.ie/en/27060,"52.6873, -7.0094",,,asserted,52.6873,-7.0094,,"Shankill (An tSeanchill) Co. Kilkenny Ireland 52.6873, -7.0094"
I-LDY-001.xml,I-LDY-001,I-LDY-001,Dún Oilí Uachtarach | Dunalis Upper,316,DUNAL/1,https://www.ucl.ac.uk/archaeology/cisp/database/stone/DUNAL/1.html,,,,,,,,,Dunalis Upper,,,,,,Co. Derry | Londonderry,,,,Northern Ireland,Dún Oilí Uachtarach (ga),,,,,https://www.logainm.ie/ga/57618,"55.11652, -6.74001",,,asserted,55.11652,-6.74001,,"Dunalis Upper (Dún Oilí Uachtarach) Co. Derry | Londonderry Northern Ireland 55.11652, -6.74001 National Grid Ref: C8044030640"
I-LOU-002.xml,I-LOU-002,I-LOU-002,Baile Bhalraic | Ballybarrack,,BALBA/1,https://www.ucl.ac.uk/archaeology/cisp/database/stone/BALBA/1.html,,LH007-072006-,National Museum of Ireland,,,,,,Ballybarrack,,,,,,Co. Louth,,,,Ireland,Baile Bhalraic (ga),,,,,https://www.logainm.ie/ga/33821,"53.986176, -6.424458",,,asserted,53.986176,-6.424458,"703329, 805251","Ballybarrack (Baile Bhalraic), Co. Louth, Ireland 53.986176, -6.424458 ITM Coordinates: 703329, 805251"
I-MAY-001.xml,I-MAY-001,I-MAY-001,An tOileán | Island,3,ISLAN/1,https://www.ucl.ac.uk/archaeology/cisp/database/stone/islan_1.html,172600,MA093-038001-,,,,,,,Island,,,,,,Co. Mayo,,,,Ireland,An tOileán (ga),,,,,https://www.logainm.ie/ga/36095,"53.773466, -8.799564",,,asserted,53.773466,-8.799564,"547294, 780728","Island (An tOileán), Co. Mayo Ireland 53.773466, -8.799564 ITM Coordinates: 547294, 780728"
I-MAY-002.xml,I-MAY-002,I-MAY-002,Cill Mhainín | Kilmannin,4,KILMA/1,https://www.ucl.ac.uk/archaeology/cisp/database/stone/kilma_1.html,172630,MA093-045003-,National Museum of Ireland,,,,,,Kilmannin (‘Mainín’s church’?),,,,,,Co. Mayo,,,,Ireland,Cill Mhainín (ga),,,,,https://www.logainm.ie/ga/36377,"53.772989, -8.765170",,,asserted,53.772989,-8.76517,"549559, 780647","Kilmannin (Cill Mhainín ‘Mainín’s church’?), Co. Mayo, Ireland 53.772989, -8.765170 ITM Coordinates: 549559, 780647"
I-MAY-003.xml,I-MAY-003,I-MAY-003,An Roisín Thiar | Rusheens West,5,RUSHE/1,https://www.ucl.ac.uk/archaeology/cisp/database/stone/rushe_1.html,,MA073-012----,,,,,,,Rusheens West,,Kilmovee,,,,Co. Mayo,,,,Ireland,An Roisín Thiar (ga) | Cill Moibhí (ga),,,,,https://www.logainm.ie/ga/36692,"53.896213, -8.674923",,,asserted,53.896213,-8.674923,"555640, 794299","Rusheens West (An Roisín Thiar), in the parish of Kilmovee (Cill Moibhí 'Church of Mobhí'), Co. Mayo Ireland 53.896213, -8.674923 ITM Coordinates: 555640, 794299"
I-MAY-004.xml,I-MAY-004,I-MAY-004,An Baile Beag | Ballybeg,6,TULLA/1,https://www.ucl.ac.uk/archaeology/cisp/database/stone/tulla_1.html,172720,,,,,,,,Ballybeg,,,,,,Co. Mayo,,,,Ireland,An Baile Beag (ga),,,,,https://www.logainm.ie/ga/36181,"53.726342, -8.697455",,,asserted,53.726342,-8.697455,"553975, 775414","Ballybeg (An Baile Beag), Co. Mayo, Ireland 53.726342, -8.697455 ITM Coordinates: 553975, 775414"
I-MAY-005.xml,I-MAY-005,I-MAY-005,Corr Odhar | Corrower,7,CORRO/1,,172525,MA040-048----,,,,,,,Corrower,,,,,,Co. Mayo,,,,Ireland,Corr Odhar (ga),,,,,https://www.logainm.ie/ga/34668,"54.072257, -9.078265",,,asserted,54.072257,-9.078265,"529428, 814221","Corrower (Corr Odhar), Co. Mayo, Ireland 54.072257, -9.078265 ITM Coordinates: 529428, 814221"
I-MAY-006.xml,I-MAY-006,I-MAY-006,Dumhach Mhic Eoghain | Dooghmakeon,8,DOOGH/1,,172543,,,,,,,,Dooghmakeon,,,,,,Co. Mayo,,,,Ireland,Dumhach Mhic Eoghain (ga),,,,,https://www.logainm.ie/ga/37144,"53.742054, -9.893890",,,asserted,53.742054,-9.89389,"475069, 778600","Dooghmakeon (Dumhach Mhic Eoghain), Co. Mayo Ireland 53.742054, -9.893890 ITM Coordinates: 475069, 778600"
I-MAY-007.xml,I-MAY-007,I-MAY-007,Achadh Liag | Aghaleague,9,AGHAL/1,,172432,MA014-101----,,,,,,,Aghaleague,,,,,,Co. Mayo,,,,Ireland,Achadh Liag (ga),,,,,https://www.logainm.ie/ga/34228,"54.257414, -9.332316",,,asserted,54.257414,-9.332316,"513189, 835110","Aghaleague (Achadh Liag), Co. Mayo Ireland 54.257414, -9.332316 ITM Coordinates: 513189, 835110"
I-MAY-008.xml,I-MAY-008,I-MAY-008,Bréisteach | Breastagh,10,BREAS/1,,172479,MA015-018001-,,,,,,,Breastagh,,,,,,Co. Mayo,,,,Ireland,Bréisteach (ga),,,,,https://www.logainm.ie/ga/34606,"54.246449, -9.253630",,,asserted,54.246449,-9.25363,"518294, 833798","Breastagh (Bréisteach), Co. Mayo Ireland 54.246449, -9.253630 ITM Coordinates: 518294, 833798"
I-MAY-009.xml,I-MAY-009,I-MAY-009,Mainistir na Croise | Cross Abbey,,,,,MA016-004004-,,,,,Cross Abbey,,Cross (Boyd),,,,,,Co. Mayo,,,,Ireland,Mainistir na Croise (ga) | An Chrois (ga),,,,,https://www.logainm.ie/ga/1399343,"54.208993, -10.083446",,,asserted,54.208993,-10.083446,"464096, 830903","Cross Abbey (Mainistir na Croise), Cross (Boyd) (An Chrois), Co. Mayo Ireland 54.208993, -10.083446 ITM Coordinates: 464096, 830903"
I-MAY-010.xml,I-MAY-010,I-MAY-010,Cill na nGarbhán | Kilgarvan,,KILGA/1,,,MA040-031004-,,,,,,,Kilgarvan,,,,,,Co. Mayo,,,,Ireland,Cill na nGarbhán (ga),,,,,https://www.logainm.ie/ga/34677,"54.089953, -9.027587",,,asserted,54.089953,-9.027587,"532776, 816140","Kilgarvan (Cill na nGarbhán), Co. Mayo Ireland 54.089953, -9.027587 ITM Coordinates: 532776, 816140"
I-MAY-X02.xml,I-MAY-X02,I-MAY-X02,An Caol Thiar | Keel West,,KEELW/1,https://www.ucl.ac.uk/archaeology/cisp/database/stone/keelw_1.html,,,National Museum of Ireland,,,,,,Keel West,,,,,,Co. Mayo,,,,Ireland,An Caol Thiar (ga),,,,,https://www.logainm.ie/ga/37548,"53.968912, -10.202474",,,asserted,53.968912,-10.202474,"455531, 804431","Keel West (An Caol Thiar), Co. Mayo, Ireland 53.968912, -10.202474(approx.) ITM Coordinates: 455531, 804431"
I-MEA-001.xml,I-MEA-001,I-MEA-001,Baile Phaghain | Painestown,40,PAINT/1,https://www.ucl.ac.uk/archaeology/cisp/database/stone/paint_1.html,https://www.trismegistos.org/text/172672,,National Museum of Ireland,,,,,,Painestown,,,,,,Co. Meath,,,,Ireland,Baile Phaghain (ga),,,,,https://www.logainm.ie/ga/38701,"53.667656, -6.565704",,,asserted,53.667656,-6.565704,"694779, 769306, approximate","Painestown (Baile Phaghain) Co. Meath Ireland 53.667656, -6.565704 ITM Coordinates: 694779, 769306, approximate"
I-MEA-003.xml,I-MEA-003,I-MEA-003,Moynagh Lough,,,,,ME005-088001-,National Museum of Ireland,,,,,Moynagh Lough,Brittas,,,,,,Co. Meath,,,,Ireland,An Briotás (ga),,,,,https://www.logainm.ie/ga/38158,"53.81765, -6.75564",,,asserted,53.81765,-6.75564,,"Moynagh Lough, Brittas (An Briotás), Co. Meath, Ireland 53.81765, -6.75564 approximate coordinates"
I-MEA-004.xml,I-MEA-004,I-MEA-004,Sí an Bhrú | Newgrange,,,,,,National Museum of Ireland,,,,,,Newgrange,,,,,,Co. Meath,,,,Ireland,An Ghráinseach Nua (ga),,,,,https://www.logainm.ie/en/38473,"53.694, -6.476",,,asserted,53.694,-6.476,,"Newgrange (An Ghráinseach Nua) Co. Meath Ireland 53.694, -6.476 approximate coordinates"
I-OFF-001.xml,I-OFF-001,I-OFF-001,Cluain Mhic Nóis | Clonmacnoise,749,CLMAC/152,,,OF005-023018-,,,,,,,Clonmacnoise,,,,,,Co. Offaly,,,,Ireland,Cluain Mhic Nóis (ga),,,,,https://www.logainm.ie/en/41215,"53.32577, -7.98755",,,asserted,53.32577,-7.98755,"600829, 730613","Clonmacnoise (Cluain Mhic Nóis) Co. Offaly Ireland 53.32577, -7.98755 ITM Coordinates: 600829, 730613"
I-OFF-002.xml,I-OFF-002,I-OFF-002,Baile na hInse | Ballynahinch (Ballinderry Crannóg),,,,,OF001-001----,National Museum of Ireland,,,,,,Ballinahinch,,,,,,Co. Offaly,,,,Ireland,Baile na hInse (ga),,,,,https://www.logainm.ie/en/42122,"53.40075, -7.67659",,,asserted,53.40075,-7.67659,"621526, 739006","Ballinahinch (Baile na hInse ) Co. Offaly Ireland 53.40075, -7.67659 ITM Coordinates: 621526, 739006"
I-OFF-005.xml,I-OFF-005,I-OFF-005,An Liath Beag | Leabeg,,,,,,National Museum of Ireland,,,,,,Leabeg,,,,,,Co. Offaly,,,,Ireland,An Liath Beag (ga),,,,,https://www.logainm.ie/en/41148,"53.302, -7.731",,,asserted,53.302,-7.731,,"Leabeg (An Liath Beag) Co. Offaly Ireland 53.302, -7.731 approximate location only"
I-ROS-001.xml,I-ROS-001,I-ROS-001,An Dromainn | Drummin 1,11,DRUMM/1,https://www.ucl.ac.uk/archaeology/cisp/database/stone/drumm_1.html,https://www.trismegistos.org/text/172550,,,,,,,,Drummin,,,,,,Co. Roscommon,,,,Ireland,An Dromainn (ga),,,,,https://www.logainm.ie/ga/43413,"53.834347, -8.369948",,,asserted,53.834347,-8.369948,"575649, 787271","Drummin (An Dromainn), Co. Roscommon, Ireland 53.834347, -8.369948 ITM Coordinates: 575649, 787271"
I-ROS-002.xml,I-ROS-002,I-ROS-002,An Dromainn | Drummin 2,,,,,,,,,,,,Drummin,,,,,,Co. Roscommon,,,,Ireland,An Dromainn (ga),,,,,https://www.logainm.ie/ga/43413,"53.834307, -8.369956",,,asserted,53.834307,-8.369956,"575642, 787272","Drummin (An Dromainn), Co. Roscommon, Ireland 53.834307, -8.369956(approx.) ITM Coordinates: 575642, 787272"
I-ROS-003.xml,I-ROS-003,I-ROS-003,Ráth Cruachan | Rathcroghan 1,12,RCROG/1,https://www.ucl.ac.uk/archaeology/cisp/database/stone/rcrog_1.html,https://www.trismegistos.org/text/172680,,,,,,Rathcroghan,,Glenballythomas,,,,,,Co. Roscommon,,,,Ireland,Ráth Cruachan (sga),,,,,https://www.logainm.ie/en/110097,"53.797308, -8.310569",,,asserted,53.797308,-8.310569,"579540, 783127","Rathcroghan (Ráth Cruachan), Glenballythomas, Co. Roscommon, Ireland 53.797308, -8.310569 ITM Coordinates: 579540, 783127"
I-ROS-004.xml,I-ROS-004,I-ROS-004,Ráth Cruachan | Rathcroghan 2,13,RCROG/2,https://www.ucl.ac.uk/archaeology/cisp/database/stone/rcrog_2.html,https://www.trismegistos.org/text/172814,,,,,,Rathcroghan,,Glenballythomas,,,,,,Co. Roscommon,,,,Ireland,Ráth Cruachan (sga),,,,,https://www.logainm.ie/en/110097,"53.797308, -8.310569",,,asserted,53.797308,-8.310569,"579544, 783125","Rathcroghan (Ráth Cruachan), Glenballythomas, Co. Roscommon, Ireland 53.797308, -8.310569 ITM Coordinates: 579544, 783125"
I-TIP-X01.xml,I-TIP-X01,I-TIP-X01,Liath | Leigh,,,,,,National Museum of Ireland,,,,,,Leigh,,,,,,Co. Tipperary,,,,Ireland,Liath (ga),,,,,https://www.logainm.ie/en/47322,"52.673, -7.661",,,asserted,52.673,-7.661,,"Leigh (Liath) Co. Tipperary Ireland 52.673, -7.661 approximate"
I-TYR-001.xml,I-TYR-001,I-TYR-001,Achadh Scríobach | Aghascrebagh,317,AGHAS/1,https://www.ucl.ac.uk/archaeology/cisp/database/stone/AGHAS/1.html,,,,,,,,,Aghascrebagh,,,,,,Co. Tyrone,,,,Northern Ireland,Achadh Scríobach (ga),,,,,,"54.699406, -7.042515",,,asserted,54.699406,-7.042515,,"Aghascrebagh (Achadh Scríobach) Co. Tyrone Northern Ireland 54.699406, -7.042515 National Grid Ref: H6177783903"
I-WAT-001.xml,I-WAT-001,I-WAT-001,Suí Mochuda | Seemochuda,262,SCHUD/1,https://www.ucl.ac.uk/archaeology/cisp/database/stone/SCHUD/1.html,www.trismegistos.org/text/172697,WA011-003001-,University College Cork,,,,,,Seemochuda,,,,,,Co. Waterford,,,,Ireland,Suí Mochuda (ga),,,,,https://www.logainm.ie/ga/50003,"52.20345, -7.99903",,,asserted,52.20345,-7.99903,"600070, 605735","Seemochuda (Suí Mochuda) Co. Waterford Ireland 52.20345, -7.99903approximate ITM Coordinates: 600070, 605735"
I-WAT-002.xml,I-WAT-002,I-WAT-002,Aird Mhór | Ardmore 1,263,AMORE/1,,,WA040-008005-,,,,,,,Ardocheasty,Ardmore,,,,,Co. Waterford,,,,Ireland,Aird Mhór (ga) | Ard Ó Séasta (ga),,,,,https://www.logainm.ie/ga/2367,"51.948696, -7.725633",,,asserted,51.948696,-7.725633,"618842, 577448","Ardmore (Aird Mhór) Ardocheasty (Ard Ó Séasta) Co. Waterford Ireland 51.948696, -7.725633 ITM Coordinates (approximate): 618842, 577448"
I-WAT-003.xml,I-WAT-003,I-WAT-003,Aird Mhór | Ardmore 2,264,AMORE/2,,,WA040-008006-,National Museum of Ireland,,,,,,Ardocheasty,Ardmore,,,,,Co. Waterford,,,,Ireland,Aird Mhór (ga) | Ard Ó Séasta (ga),,,,,https://www.logainm.ie/ga/2367,"51.948819, -7.726118",,,asserted,51.948819,-7.726118,"618842, 577448","Ardmore (Aird Mhór) Ardocheasty (Ard Ó Séasta) Co. Waterford, Ireland 51.948819, -7.726118 ITM Coordinates (approximate): 618842, 577448"
I-WAT-004.xml,I-WAT-004,I-WAT-004,Aird Mhór | Ardmore 3,265,AMORE/3,,,WA040-008007-,,,,,,,Ardocheasty,Ardmore,,,,,Co. Waterford,,,,Ireland,Aird Mhór (ga) | Ard Ó Séasta (ga),,,,,https://www.logainm.ie/ga/2367,"51.94853, -7.72592",,,asserted,51.94853,-7.72592,"618842, 577448","Ardmore (Aird Mhór) Ardocheasty (Ard Ó Séasta) Co. Waterford, Ireland 51.94853, -7.72592 ITM Coordinates (approximate): 618842, 577448"
I-WAT-005.xml,I-WAT-005,I-WAT-005,An Drom Mór | Dromore 1 (Cill Tíre),266,DROMR/1,,,WA029-042003-,,,,Kiltera/Kilteera,,,Dromore,,,,,,Co. Waterford,,,,Ireland,Cill Tíre (ga) | An Drom Mór (ga),,,,,https://www.logainm.ie/en/1421662 | https://www.logainm.ie/ga/49454,"52.0743, -7.8477",,,asserted,52.0743,-7.8477,"610460, 591390","Kiltera/Kilteera (Cill Tíre) Dromore (An Drom Mór) Co. Waterford Ireland 52.0743, -7.8477 ITM Coordinates (approximate): 610460, 591390"
I-WAT-006.xml,I-WAT-006,I-WAT-006,An Drom Mór | Dromore 2 (Cill Tíre),267,DROMR/2,,,WA029-042006-,,,,Kiltera/Kilteera,,,Dromore,,,,,,Co. Waterford,,,,Ireland,Cill Tíre (ga) | An Drom Mór (ga),,,,,https://www.logainm.ie/en/1421662 | https://www.logainm.ie/ga/49454,"52.0743, -7.8477",,,asserted,52.0743,-7.8477,"610460, 591390","Kiltera/Kilteera (Cill Tíre) Dromore (An Drom Mór) Co. Waterford Ireland 52.0743, -7.8477 ITM Coordinates (approximate): 610460, 591390"
I-WAT-007.xml,I-WAT-007,I-WAT-007,An Drom Mór | Dromore 3 (Cill Tíre),268,DROMR/3,,,WA029-042010-,National Museum of Ireland,,,Kiltera/Kilteera,,,Dromore,,,,,,Co. Waterford,,,,Ireland,Cill Tíre (ga) | An Drom Mór (ga),,,,,https://www.logainm.ie/en/1421662 | https://www.logainm.ie/ga/49454,"52.0743, -7.8477",,,asserted,52.0743,-7.8477,"610460, 591390","Kiltera/Kilteera (Cill Tíre) Dromore (An Drom Mór) Co. Waterford Ireland 52.0743, -7.8477 ITM Coordinates (approximate): 610460, 591390"
I-WAT-008.xml,I-WAT-008,I-WAT-008,Ceathrú an Teampaill | Mill and Churchquarter (Grange),269,GRANG/1,https://www.ucl.ac.uk/archaeology/cisp/database/stone/grang_1.html,www.trismegistos.org/text/172584,,,,,,,,Mill and Churchquarter,,Lisgenan or Grange parish,,,,Co. Waterford,,,,Ireland,Ceathrú an Teampaill (ga),,,,,https://www.logainm.ie/en/50638,"51.98010, -7.75392",,,asserted,51.9801,-7.75392,"616905, 580920","Mill and Churchquarter (Ceathrú an Teampaill) Lisgenan or Grange parish Co. Waterford Ireland 51.98010, -7.75392approximate ITM Coordinates: 616905, 580920"
I-WAT-009.xml,I-WAT-009,I-WAT-009,An tSráidbhaile Mór | Stradbally More 1,270,BLVOO/1,https://www.ucl.ac.uk/archaeology/cisp/database/stone/BLVOO/1.html,www.trismegistos.org/text/172469,WA024-061002-,,,,,,,Stradbally More,,,,,,Co. Waterford,,,,Ireland,An tSráidbhaile Mór (ga),,,,,https://www.logainm.ie/ga/49850,"52.133213, -7.449916",,,asserted,52.133213,-7.449916,"637658, 598069","Stradbally More (An tSráidbhaile Mór ) Co. Waterford Ireland 52.133213, -7.449916 ITM Coordinates: 637658, 598069"
I-WAT-010.xml,I-WAT-010,I-WAT-010,An tSráidbhaile Mór | Stradbally More 2,271,BLVOO/2,https://www.ucl.ac.uk/archaeology/cisp/database/stone/BLVOO/2.html,https://www.trismegistos.org/text/172785,WA024-061003-,,,,,,,Stradbally More,,,,,,Co. Waterford,,,,Ireland,An tSráidbhaile Mór (ga),,,,,https://www.logainm.ie/ga/49850,"52.133213, -7.449916",,,asserted,52.133213,-7.449916,"637658, 598069","Stradbally More (An tSráidbhaile Mór) Co. Waterford Ireland 52.133213, -7.449916 ITM Coordinates: 637658, 598069"
I-WAT-011.xml,I-WAT-011,I-WAT-011,Drom Lócháin | Drumlohan 1,272,DRUML/1,https://www.ucl.ac.uk/archaeology/cisp/database/stone/druml_1.html,https://www.trismegistos.org/text/172549,WA024-033006-,,,,,,,Drumlohan,,,,,,Co. Waterford,,,,Ireland,Drom Lócháin (ga),,,,,https://www.logainm.ie/ga/49746,"52.163305, -7.465345",,,asserted,52.163305,-7.465345,"636578, 601407","Drumlohan (Drom Lócháin), Co. Waterford, Ireland 52.163305, -7.465345 ITM Coordinates: 636578, 601407"
I-WAT-012.xml,I-WAT-012,I-WAT-012,Drom Lócháin | Drumlohan 2,273,DRUML/2/1,https://www.ucl.ac.uk/archaeology/cisp/database/stone/druml_2.html,www.trismegistos.org/text/173007,WA024-033007-,,,,,,,Drumlohan,,,,,,Co. Waterford,,,,Ireland,Drom Lócháin (ga),,,,,https://www.logainm.ie/ga/49746,"52.163279, -7.465327",,,asserted,52.163279,-7.465327,"636578, 601407","Drumlohan (Drom Lócháin), Co. Waterford, Ireland 52.163279, -7.465327 ITM Coordinates: 636578, 601407"
I-WAT-013.xml,I-WAT-013,I-WAT-013,Drom Lócháin | Drumlohan 3,274,DRUML/3,https://www.ucl.ac.uk/archaeology/cisp/database/stone/druml_3.html,www.trismegistos.org/text/173008,WA024-033008-,,,,,,,Drumlohan,,,,,,Co. Waterford,,,,Ireland,Drom Lócháin (ga),,,,,https://www.logainm.ie/ga/49746,"52.163276, -7.465337",,,asserted,52.163276,-7.465337,"636578, 601407","Drumlohan (Drom Lócháin), Co. Waterford, Ireland 52.163276, -7.465337 ITM Coordinates: 636578, 601407"
I-WAT-014.xml,I-WAT-014,I-WAT-014,Drom Lócháin | Drumlohan 4,275,DRUML/4,https://www.ucl.ac.uk/archaeology/cisp/database/stone/druml_4.html,https://www.trismegistos.org/text/173009,WA024-033009-,,,,,,,Drumlohan,,,,,,Co. Waterford,,,,Ireland,Drom Lócháin (ga),,,,,https://www.logainm.ie/ga/49746,"52.163299, -7.465364",,,asserted,52.163299,-7.465364,"636578, 601407","Drumlohan (Drom Lócháin), Co. Waterford, Ireland 52.163299, -7.465364 ITM Coordinates: 636578, 601407"
I-WAT-015.xml,I-WAT-015,I-WAT-015,Drom Lócháin | Drumlohan 5,276,DRUML/5,https://www.ucl.ac.uk/archaeology/cisp/database/stone/druml_5.html,www.trismegistos.org/text/173010,WA024-033010-,,,,,,,Drumlohan,,,,,,Co. Waterford,,,,Ireland,Drom Lócháin (ga),,,,,https://www.logainm.ie/ga/49746,"52.163271, -7.465351",,,asserted,52.163271,-7.465351,"636578, 601407","Drumlohan (Drom Lócháin), Co. Waterford, Ireland 52.163271, -7.465351 ITM Coordinates: 636578, 601407"
I-WAT-016.xml,I-WAT-016,I-WAT-016,Drom Lócháin | Drumlohan 6,277,DRUML/6,https://www.ucl.ac.uk/archaeology/cisp/database/stone/druml_6.html,www.trismegistos.org/text/173011,WA024-033011-,,,,,,,Drumlohan,,,,,,Co. Waterford,,,,Ireland,Drom Lócháin (ga),,,,,https://www.logainm.ie/ga/49746,"52.163291, -7.465330",,,asserted,52.163291,-7.46533,"636578, 601407","Drumlohan (Drom Lócháin), Co. Waterford, Ireland 52.163291, -7.465330 ITM Coordinates: 636578, 601407"
I-WAT-017.xml,I-WAT-017,I-WAT-017,Drom Lócháin | Drumlohan 7,278,DRUML/7,https://www.ucl.ac.uk/archaeology/cisp/database/stone/druml_7.html,https://www.trismegistos.org/text/173012,WA024-033012-,,,,,,,Drumlohan,,,,,,Co. Waterford,,,,Ireland,Drom Lócháin (ga),,,,,https://www.logainm.ie/ga/49746,"52.163287, -7.465341",,,asserted,52.163287,-7.465341,"636578, 601407","Drumlohan (Drom Lócháin), Co. Waterford, Ireland 52.163287, -7.465341 ITM Coordinates: 636578, 601407"
I-WAT-018.xml,I-WAT-018,I-WAT-018,Drom Lócháin | Drumlohan 8,279,DRUML/8,https://www.ucl.ac.uk/archaeology/cisp/database/stone/druml_8.html,https://www.trismegistos.org/text/173013,WA024-033013-,,,,,,,Drumlohan,,,,,,Co. Waterford,,,,Ireland,Drom Lócháin (ga),,,,,https://www.logainm.ie/ga/49746,"52.163280, -7.465359",,,asserted,52.16328,-7.465359,"636578, 601407","Drumlohan (Drom Lócháin), Co. Waterford, Ireland 52.163280, -7.465359 ITM Coordinates: 636578, 601407"
I-WAT-019.xml,I-WAT-019,I-WAT-019,Drom Lócháin | Drumlohan 9,280,DRUML/9,https://www.ucl.ac.uk/archaeology/cisp/database/stone/druml_9.html,https://www.trismegistos.org/text/173014,WA024-033014-,,,,,,,Drumlohan,,,,,,Co. Waterford,,,,Ireland,Drom Lócháin (ga),,,,,https://www.logainm.ie/ga/49746,"52.163300, -7.465332",,,asserted,52.1633,-7.465332,"636578, 601407","Drumlohan (Drom Lócháin), Co. Waterford, Ireland 52.163300, -7.465332 ITM Coordinates: 636578, 601407"
I-WAT-020.xml,I-WAT-020,I-WAT-020,Drom Lócháin | Drumlohan 10,281,DRUML/10,https://www.ucl.ac.uk/archaeology/cisp/database/stone/druml_10.html,https://www.trismegistos.org/text/173014,WA024-033015-,,,,,,,Drumlohan,,,,,,Co. Waterford,,,,Ireland,Drom Lócháin (ga),,,,,https://www.logainm.ie/ga/49746,"52.163296, -7.465345",,,asserted,52.163296,-7.465345,"636578, 601407","Drumlohan (Drom Lócháin), Co. Waterford, Ireland 52.163296, -7.465345 ITM Coordinates: 636578, 601407"
I-WAT-021.xml,I-WAT-021,I-WAT-021,An Baile Beag | Fox’s Castle,282,FOXCA/1,,,WA024-080002-,National Museum of Ireland,,,,,,Fox’s Castle,,,,,,Co. Waterford,,,,Ireland,An Baile Beag (ga),,,,,https://www.logainm.ie/ga/49749,"52.153610, -7.501680",,,asserted,52.15361,-7.50168,,"Fox’s Castle (An Baile Beag), Co. Waterford, Ireland 52.153610, -7.501680 Precise location unknown"
I-WAT-024.xml,I-WAT-024,I-WAT-024,An Chill Bheag | Kilbeg,285,KLBEG/1,,,WA025-078----,National Museum of Ireland,,,,,,Kilbeg,,​Kilbarrymeaden/,,,,Co. Waterford,,,,Ireland,An Chill Bheag (ga) | Cill Bhairméidín (ga),,,,,https://www.logainm.ie/ga/49777,"52.164, -7.316",,,asserted,52.164,-7.316,,"Kilbeg (An Chill Bheag, Civil Parish of ​Kilbarrymeaden/Cill Bhairméidín), Co. Waterford, Ireland 52.164, -7.316 Approximate location only"
I-WAT-025.xml,I-WAT-025,I-WAT-025,Cill Ghruabháin | Kilgrovan 1,286,KLGRV/1,,,WA031-045002-,Mount Mellary Abbey Heritage Center,,,,,,Kilgrovan,,,,,,Co. Waterford,,,,Ireland,Cill Ghruabháin (ga),,,,,https://www.logainm.ie/ga/49368,"52.089906, -7.549858",,,asserted,52.089906,-7.549858,"630844, 593197","Kilgrovan (Cill Ghruabháin), Co. Waterford, Ireland 52.089906, -7.549858 ITM Coordinates (approximate): 630844, 593197"
I-WAT-030.xml,I-WAT-030,I-WAT-030,Cill Ghruabháin | Kilgrovan 6,,KLGRV/6,,,WA031-045008-,National Museum of Ireland,,,,,,Kilgrovan,,,,,,Co. Waterford,,,,Ireland,Cill Ghruabháin (ga),,,,,https://www.logainm.ie/ga/49368,"52.0899, -7.5498",,,asserted,52.0899,-7.5498,"630844, 593197","Kilgrovan (Cill Ghruabháin), Co. Waterford, Ireland 52.0899, -7.5498 ITM Coordinates (approximate): 630844, 593197"
I-WAT-031.xml,I-WAT-031,I-WAT-031,Cill Ghruabháin | Kilgrovan 7,,,,,WA031-045015-,National Museum of Ireland,,,,,,Kilgrovan,,,,,,Co. Waterford,,,,Ireland,Cill Ghruabháin (ga),,,,,https://www.logainm.ie/ga/49368,"52.089906, -7.549858",,,asserted,52.089906,-7.549858,"630844, 593197","Kilgrovan (Cill Ghruabháin), Co. Waterford Ireland 52.089906, -7.549858 ITM Coordinates (approximate): 630844, 593197"
I-WAT-033.xml,I-WAT-033,I-WAT-033,An Cnoc Buí | Knockboy 1,292,KNBOY/1,https://www.ucl.ac.uk/archaeology/cisp/database/stone/knboy_1.html,www.trismegistos.org/text/172699,WA013-034006-,,,,,,,Knockboy,,,,,,Co. Waterford,,,,Ireland,An Cnoc Buí (ga),,,,,https://www.logainm.ie/en/49621,"52.194752, -7.684811",,,asserted,52.194752,-7.684811,"621545, 604820","Knockboy (An Cnoc Buí) Co. Waterford Ireland 52.194752, -7.684811 ITM Coordinates: 621545, 604820"
I-WAT-034.xml,I-WAT-034,I-WAT-034,An Cnoc Buí | Knockboy 2,293,KNBOY/2,https://www.ucl.ac.uk/archaeology/cisp/database/stone/knboy_2.html,www.trismegistos.org/text/172967,WA013-034007-,,,,,,,Knockboy,,,,,,Co. Waterford,,,,Ireland,An Cnoc Buí (ga),,,,,https://www.logainm.ie/en/49621,"52.194685, -7.684797",,,asserted,52.194685,-7.684797,"621544, 604820","Knockboy (An Cnoc Buí) Co. Waterford Ireland 52.194685, -7.684797 ITM Coordinates: 621544, 604820"
I-WAT-035.xml,I-WAT-035,I-WAT-035,An Cnoc Buí | Knockboy 3,294,KNBOY/3,https://www.ucl.ac.uk/archaeology/cisp/database/stone/knboy_3.html,www.trismegistos.org/text/172972,WA013-034008-,,,,,,,Knockboy,,,,,,Co. Waterford,,,,Ireland,An Cnoc Buí (ga),,,,,https://www.logainm.ie/en/49621,"52.194685, -7.684797",,,asserted,52.194685,-7.684797,"621544 , 604820","Knockboy (An Cnoc Buí) Co. Waterford Ireland 52.194685, -7.684797 ITM Coordinates: 621544 , 604820"
I-WAT-036.xml,I-WAT-036,I-WAT-036,An Cnoc Buí | Knockboy 4,295,KNBOY/4,https://www.ucl.ac.uk/archaeology/cisp/database/stone/knboy_4.html,https://www.trismegistos.org/text/172977,WA013-034009-,,,,,,,Knockboy,,,,,,Co. Waterford,,,,Ireland,An Cnoc Buí (ga),,,,,https://www.logainm.ie/en/49621,"52.194671, -7.684959",,,asserted,52.194671,-7.684959,"621545, 604819","Knockboy (An Cnoc Buí) Co. Waterford Ireland 52.194671, -7.684959 ITM Coordinates: 621545, 604819"
I-WAT-037.xml,I-WAT-037,I-WAT-037,An Cnoc Buí | Knockboy 5,296,KNBOY/5,https://www.ucl.ac.uk/archaeology/cisp/database/stone/knboy_5.html,https://www.trismegistos.org/text/172982,WA013-034010-,,,,,,,Knockboy,,,,,,Co. Waterford,,,,Ireland,An Cnoc Buí (ga),,,,,https://www.logainm.ie/en/49621,"52.194699, -7.685088",,,asserted,52.194699,-7.685088,"621545, 604819","Knockboy (An Cnoc Buí) Co. Waterford Ireland 52.194699, -7.685088 ITM Coordinates: 621545, 604819"
I-WAT-038.xml,I-WAT-038,I-WAT-038,An Cnoc Buí | Knockboy 6,297,KNBOY/6,https://www.ucl.ac.uk/archaeology/cisp/database/stone/knboy_6.html,https://www.trismegistos.org/text/172987,WA013-034014-,,,,,,,Knockboy,,,,,,Co. Waterford,,,,Ireland,An Cnoc Buí (ga),,,,,https://www.logainm.ie/en/49621,"52.194699, -7.685088",,,asserted,52.194699,-7.685088,"621545, 604819","Knockboy (An Cnoc Buí) Co. Waterford Ireland 52.194699, -7.685088 ITM Coordinates: 621545, 604819"
I-WAT-039.xml,I-WAT-039,I-WAT-039,An Cnoc Buí | Knockboy 7,298,KNBOY/7,https://www.ucl.ac.uk/archaeology/cisp/database/stone/knboy_7.html,https://www.trismegistos.org/text/172992,WA013-034005-,,,,,,,Knockboy,,,,,,Co. Waterford,,,,Ireland,An Cnoc Buí (ga),,,,,https://www.logainm.ie/en/49621,"52.194723, -7.685075",,,asserted,52.194723,-7.685075,"621541, 604819","Knockboy (An Cnoc Buí) Co. Waterford Ireland 52.194723, -7.685075 ITM Coordinates: 621541, 604819"
I-WAT-040.xml,I-WAT-040,I-WAT-040,An Cnoc Buí | Knockboy 8,299,KNBOY/8,https://www.ucl.ac.uk/archaeology/cisp/database/stone/KNBOY/8.html,https://www.trismegistos.org/text/172997,WA013-034015-,,,,,,,Knockboy,,,,,,Co. Waterford,,,,Ireland,An Cnoc Buí (ga),,,,,https://www.logainm.ie/en/49621,"52.1947, -7.6850",,,asserted,52.1947,-7.685,,"Knockboy (An Cnoc Buí) Co. Waterford Ireland 52.1947, -7.6850 ITM Coordinates:"
I-WAT-041.xml,I-WAT-041,I-WAT-041,An Cnoc Buí | Knockboy 9,,,,,,National Museum of Ireland,,,,,,Knockboy,,,,,,Co. Waterford,,,,Ireland,An Cnoc Buí (ga),,,,,https://www.logainm.ie/en/49621,"52.194667, -7.684895",,,asserted,52.194667,-7.684895,,"Knockboy (An Cnoc Buí) Co. Waterford Ireland 52.194667, -7.684895 ITM Coordinates:"
I-WAT-042.xml,I-WAT-042,I-WAT-042,An tOileán | Island,300,OLDIS/1,,,WA032-029002,,,,,,,Island,,,,,,Co. Waterford,,,,Ireland,An tOileán (ga),,,,,https://www.logainm.ie/en/49839,"52.1138, -7.4816",,,asserted,52.1138,-7.4816,"610460, 591390","Island (An tOileán) Co. Waterford Ireland 52.1138, -7.4816 ITM Coordinates (approximate): 610460, 591390"
I-WAT-048.xml,I-WAT-048,I-WAT-048,Bearna na Gaoithe | Windgap,307,WINDG/1,https://www.ucl.ac.uk/archaeology/cisp/database/stone/windg_1.html,https://www.trismegistos.org/text/172728,,,,,,,,Windgap,,,,,,Co. Waterford,,,,Ireland,Bearna na Gaoithe (ga),,,,,https://www.logainm.ie/en/49060,"52.34163, -7.49245",,,asserted,52.34163,-7.49245,"634584, 621224","Windgap (Bearna na Gaoithe) Co. Waterford Ireland 52.34163, -7.49245 ITM Coordinates: 634584, 621224"
I-WAT-049.xml,I-WAT-049,I-WAT-049,Cnocán Machan | Knockmahon 1,,,,,,,,,,,,Knockmahon,,,,,,Co. Waterford,,,,Ireland,Cnocán Machan (ga),,,,,https://www.logainm.ie/en/49802,"52.137783, -7.354360",,,asserted,52.137783,-7.35436,"644200, 598623","Knockmahon (Cnocán Machan), Co. Waterford, Ireland 52.137783, -7.354360 ITM Coordinates: 644200, 598623"
I-WAT-050.xml,I-WAT-050,I-WAT-050,Cnocán Machan | Knockmahon 2,,,,,,,,,,,,Knockmahon,,,,,,Co. Waterford,,,,Ireland,Cnocán Machan (ga),,,,,https://www.logainm.ie/en/49802,"52.137783, -7.354360",,,asserted,52.137783,-7.35436,"644200, 598623","Knockmahon (Cnocán Machan), Co. Waterford, Ireland 52.137783, -7.354360 ITM Coordinates: 644200, 598623"
I-WEX-003.xml,I-WEX-003,I-WEX-003,Geata an Phóirtéaraigh | Portersgate,46,HLAND/1,,172590,WX054-004----,National Museum of Ireland,,,,,,Portersgate,,,,,,Co. Wexford,,,,Ireland,Geata an Phóirtéaraigh (ga),,,,,https://www.logainm.ie/ga/53564,"52.1514, -6.8894",,,asserted,52.1514,-6.8894,,"Portersgate (Geata an Phóirtéaraigh), Co. Wexford, Ireland 52.1514, -6.8894"
I-WIC-001.xml,I-WIC-001,I-WIC-001,Cáisleán tSíomoin | Castletimon,47,,,https://www.trismegistos.org/text/172498,,,,,,,,Castletimon,,,,,,Co. Wicklow,,,,Ireland,Cáisleán tSíomoin (ga),,,,,https://www.logainm.ie/en/55352,"52.904532, -6.071241",,,asserted,52.904532,-6.071241,"729745, 685487","Castletimon (Cáisleán tSíomoin), Co. Wicklow, Ireland 52.904532, -6.071241 ITM Coordinates: 729745, 685487"
I-WIC-002.xml,I-WIC-002,I-WIC-002,Dún Ard | Donard,48,,,https://www.trismegistos.org/text/172542,,,,,,,,Donard,,,,,,Co. Wicklow,,,,Ireland,Dún Ard (ga),,,,,https://www.logainm.ie/en/54683,"53.009083, -6.633596",,,asserted,53.009083,-6.633596,"693045, 697659","Donard (Dún Ard), Co. Wicklow, Ireland 53.009083, -6.633596(approx.) ITM Coordinates: 693045, 697659"
I-WIC-003.xml,I-WIC-003,I-WIC-003,Bealach Conglais | Baltinglass,49,,,https://www.trismegistos.org/text/172471,,National Museum of Ireland,,,,,,Baltinglass,,,,,,Co. Wicklow,,,,Ireland,Bealach Conglais (ga),,,,,https://www.logainm.ie/en/1416543,"52.940, -6.711",,,asserted,52.94,-6.711,,"Baltinglass (Bealach Conglais), Co. Wicklow, Ireland 52.940, -6.711 approximate to townland only"
I-WIC-004.xml,I-WIC-004,I-WIC-004,Buaile an Charraigín | Boleycarrigeen,50,,,https://www.trismegistos.org/text/172476,,,,,,,,Boleycarrigeen,,,,,,Co. Wicklow,,,,Ireland,Buaile an Charraigín (ga),,,,,https://www.logainm.ie/ga/54734,"52.944176, -6.613903",,,asserted,52.944176,-6.613903,"693160, 689066","Boleycarrigeen (Buaile an Charraigín), Co. Wicklow, Ireland 52.944176, -6.613903(approx.) ITM Coordinates: 693160, 689066"
I-WIC-005.xml,I-WIC-005,I-WIC-005,An Cnoicín | Knickeen,51,,,https://www.trismegistos.org/text/172639,,,,,,,,Knickeen,,,,,,Co. Wicklow,,,,Ireland,An Cnoicín (ga),,,,,https://www.logainm.ie/ga/54817,"52.995927, -6.536390",,,asserted,52.995927,-6.53639,"698246, 694903","Knickeen (An Cnoicín), Co. Wicklow, Ireland 52.995927, -6.536390 ITM Coordinates: 698246, 694903"
M-IOM-001.xml,M-IOM-001,M-IOM-001,Ballaqueeney 1,503,RUSHN/1,https://www.ucl.ac.uk/archaeology/cisp/database/stone/rushn_1.html,,,Manx Museum,,,,,,,,Rushen,,,Rushen,,,,,Isle of Man,,,,,,,"54.076378, -4.752794",,,asserted,54.076378,-4.752794,SC 2000 6800,"Rushen Rushen Isle of Man 54.076378, -4.752794 National Grid Reference: SC 2000 6800"
M-IOM-002.xml,M-IOM-002,M-IOM-002,Ballaqueeney 2,504,RUSHN/2,https://www.ucl.ac.uk/archaeology/cisp/database/stone/rushn_2.html,,,Manx Museum,,,,,,,,Rushen,,,Rushen,,,,,Isle of Man,,,,,,,"54.076378, -4.752794",,,asserted,54.076378,-4.752794,SC 2000 6800,"Rushen Rushen Isle of Man 54.076378, -4.752794 National Grid Reference: SC 2000 6800"
M-IOM-003.xml,M-IOM-003,M-IOM-003,Bimaken Friary 1,501,ARBRY/1,https://www.ucl.ac.uk/archaeology/cisp/database/stone/arbry_1.html,,,Manx Museum,,,,,,,,Kirk Arbory,,,Rushen,,,,,Isle of Man,,,,,,,"54.099614, -4.679378",,,asserted,54.099614,-4.679378,SC 2490 7040,"Kirk Arbory Rushen Isle of Man 54.099614, -4.679378 National Grid Reference: SC 2490 7040"
M-IOM-004.xml,M-IOM-004,M-IOM-004,Bimaken Friary 2,502,ARBRY/2,https://www.ucl.ac.uk/archaeology/cisp/database/stone/arbry_2.html,,,Manx Museum,,,,,,,,Kirk Arbory,,,Rushen,,,,,Isle of Man,,,,,,,"54.099614, -4.679378",,,asserted,54.099614,-4.679378,SC 2490 7040,"Kirk Arbory Rushen Isle of Man 54.099614, -4.679378 National Grid Reference: SC 2490 7040"
M-IOM-005.xml,M-IOM-005,M-IOM-005,Kirk Michael,,KMICH/1,https://www.ucl.ac.uk/archaeology/cisp/database/stone/kmich_1.html,,,,,,,,,,,Kirk Michael,,,Michael,,,,,Isle of Man,,,,,,,"54.285039, -4.586922",,,asserted,54.285039,-4.586922,SC 3170 9080,"Kirk Michael Michael Isle of Man 54.285039, -4.586922 National Grid Reference: SC 3170 9080"
M-IOM-006.xml,M-IOM-006,M-IOM-006,Maghal | Maughold 2,,MAUGH/2,https://www.ucl.ac.uk/archaeology/cisp/database/stone/maugh_2.html,,,,,,,,,,,Kirk Maughold,,,Garff,,,,,Isle of Man,,,,,,,"54.297719, -4.317214",,,asserted,54.297719,-4.317214,SC 4930 9160,"Kirk Maughold Garff Isle of Man 54.297719, -4.317214 National Grid Reference: SC 4930 9160"
M-IOM-007.xml,M-IOM-007,M-IOM-007,Knoc y Doonee,500,ANDRS/1,https://www.ucl.ac.uk/archaeology/cisp/database/stone/andrs_1.html,,,Manx Museum,,,,,,Knoc y Doonee,,Kirk Andreas,,,Ayre,,,,,Isle of Man,,,,,,,"54.390192, -4.459517",,,asserted,54.390192,-4.459517,NX 4040 0220,"Knoc y Doonee Kirk Andreas Ayre Isle of Man 54.390192, -4.459517 National Grid Reference: NX 4040 0220"
M-IOM-008.xml,M-IOM-008,M-IOM-008,Ballavarkish,1068,BRIDE/1,https://www.ucl.ac.uk/archaeology/cisp/database/stone/bride_1.html,,,,,,,,,Bride,,,,,Ayre,,,,,Isle of Man,,,,,,,"54.378889, -4.373056",,,asserted,54.378889,-4.373056,NX 45970 00740,"Bride Ayre Isle of Man 54.378889, -4.373056 National Grid Reference: NX 45970 00740"
M-IOM-009.xml,M-IOM-009,M-IOM-009,Speke Farm Keeill Stone,,,,,,Manx Museum,,,,,,,,Santon,,,Middle,,,,,Isle of Man,,,,,,,"54.139086, -4.559436",,,asserted,54.139086,-4.559436,SC 3290 7450,"Santon Middle Isle of Man 54.139086, -4.559436 National Grid Reference: SC 3290 7450"
S-ABD-001.xml,S-ABD-001,S-ABD-001,Newton,,NEWT/1,https://www.ucl.ac.uk/archaeology/cisp/database/stone/newt_1.html,,,,,,,,,,,Culsalmond,,,,Aberdeenshire,,,,Scotland,,,,,,,"57.356667, -2.562778",,,asserted,57.356667,-2.562778,NJ 6623 2972,"Culsalmond, Aberdeenshire, Scotland 57.356667, -2.562778 National Grid Reference: NJ 6623 2972"
S-ABD-002.xml,S-ABD-002,S-ABD-002,Logie Elphinstone,,LPHIN/1,https://www.ucl.ac.uk/archaeology/cisp/database/stone/lphin_1.html,,,,,,,,,,,Chapel Of Garioch,,,,Aberdeenshire,,,,Scotland,,,,,,,"57.322500, -2.494167",,,asserted,57.3225,-2.494167,NJ 7034 2588,"Chapel Of Garioch, Aberdeenshire, Scotland 57.322500, -2.494167 National Grid Reference: NJ 7034 2588"
S-ABD-003.xml,S-ABD-003,S-ABD-003,Formaston,,FRMSN/1,https://www.ucl.ac.uk/archaeology/cisp/database/stone/frmsn_1.html,,,,,,,,,,,Aboyne,,,,Aberdeenshire,,,,Scotland,,,,,,,"57.090000, -2.758611",,,asserted,57.09,-2.758611,NJ 5412 0014,"Aboyne, Aberdeenshire, Scotland 57.090000, -2.758611 National Grid Reference: NJ 5412 0014"
S-ABD-004.xml,S-ABD-004,S-ABD-004,Brandsbutt,,BRATT/1,https://www.ucl.ac.uk/archaeology/cisp/database/stone/bratt_1.html,,,,,,,,,,,Inverurie,,,,Aberdeenshire,,,,Scotland,,,,,,,"57.291667, -2.400000",,,asserted,57.291667,-2.4,NJ 75992 22403,"Inverurie, Aberdeenshire, Scotland 57.291667, -2.400000 National Grid Reference: NJ 75992 22403"
S-ABD-005.xml,S-ABD-005,S-ABD-005,Afforsk,,MAINS/1,https://www.ucl.ac.uk/archaeology/cisp/database/stone/mains_1.html,,,,,,,,,,,Oyne,,,,Aberdeenshire,,,,Scotland,,,,,,,"57.277222, -2.506389",,,asserted,57.277222,-2.506389,NJ 6956 2085,"Oyne, Aberdeenshire, Scotland 57.277222, -2.506389 National Grid Reference: NJ 6956 2085"
S-ABD-006.xml,S-ABD-006,S-ABD-006,Dyce,,DYCE/1,,,,,,,,,,,,Dyce,,,,Aberdeenshire,,,,Scotland,,,,,,,"57.229167, -2.208333",,,asserted,57.229167,-2.208333,NJ 8752 1541,"Dyce, Aberdeenshire, Scotland 57.229167, -2.208333 National Grid Reference: NJ 8752 1541"
S-ABD-007.xml,S-ABD-007,S-ABD-007,Chapel of Garioch,,,,,,,,,,,,,,Chapel Of Garioch,,,,Aberdeenshire,,,,Scotland,,,,,,,"57.311944, -2.493333",,,asserted,57.311944,-2.493333,NJ c 7038 2472,"Chapel Of Garioch, Aberdeenshire, Scotland 57.311944, -2.493333 National Grid Reference: NJ c 7038 2472"
S-ANS-001.xml,S-ANS-001,S-ANS-001,St Vigeans,,,,,,St Vigeans Museum,,,,,,,,St Vigeans,Arbroath,,,Angus,,,,Scotland,,,,,,,"56.576944, -2.590278",,,asserted,56.576944,-2.590278,NO 6384 4289,"Arbroath, St Vigeans, Angus, Scotland 56.576944, -2.590278 National Grid Reference: NO 6384 4289"
S-ANS-002.xml,S-ANS-002,S-ANS-002,Kirriemuir,,,,,,"Meffan Museum and Gallery, Forfar",,,,,,,,Kirriemuir,,,,Angus,,,,Scotland,,,,,,,"56.678056, -2.998056",,,asserted,56.678056,-2.998056,NO 3895 5448,"Kirriemuir, Angus, Scotland 56.678056, -2.998056 National Grid Reference: NO 3895 5448"
S-ANS-003.xml,S-ANS-003,S-ANS-003,Monifieth,,,,,,National Museums of Scotland,,,,,,,,Monifieth,,,,Angus,,,,Scotland,,,,,,,"56.480556, -2.821111",,,asserted,56.480556,-2.821111,NO 4953 3235,"Monifieth, Angus, Scotland 56.480556, -2.821111 National Grid Reference: NO 4953 3235"
S-ARL-001.xml,S-ARL-001,S-ARL-001,Gigha 1,506,GIGHA/1,,,,,,,,,,,,Gigha and Cara,,,,Argyll,,,,Scotland,,,,,,,"55.669722, -5.750278",,,asserted,55.669722,-5.750278,NR 6426 4817,"Gigha and Cara, Argyll, Scotland 55.669722, -5.750278 National Grid Reference: NR 6426 4817"
S-ARL-002.xml,S-ARL-002,S-ARL-002,Poltalloch,507,POLCH/1,,,,National Museums of Scotland,,,,,,,,Kilmartin,,,,Argyll and Bute,,,,Scotland,,,,,,,"56.117500, -5.507222",,,asserted,56.1175,-5.507222,NR 82068 97182,"Kilmartin, Argyll and Bute, Scotland 56.117500, -5.507222 National Grid Reference: NR 82068 97182"
S-ARL-003.xml,S-ARL-003,S-ARL-003,Dún Ad | Dunadd,,DUNAD/1,,,,,,,,,,,,Kilmichael Glassary,,,,Argyll,,,,Scotland,,,,,,,"56.085833, -5.478889",,,asserted,56.085833,-5.478889,NR 83650 93560,"Kilmichael Glassary, Argyll, Scotland 56.085833, -5.478889 National Grid Reference: NR 83650 93560"
S-ARL-004.xml,S-ARL-004,S-ARL-004,Lochgoilhead,,LOHED/1,,,,,,,,,,,,Lochgoilhead and Kilmorich,,,,Argyll,,,,Scotland,,,,,,,"56.171667, -4.903333",,,asserted,56.171667,-4.903333,NN 19851 01461,"Lochgoilhead and Kilmorich, Argyll, Scotland 56.171667, -4.903333 National Grid Reference: NN 19851 01461"
S-BUT-001.xml,S-BUT-001,S-BUT-001,Blackwaterfoot 1,,BLFOO/1,https://www.ucl.ac.uk/archaeology/cisp/database/stone/blfoo_1.html,,,,,,,,,,,Kilmory,,,,Bute,,,,Scotland,,,,,,,"55.526111, -5.353333",,,asserted,55.526111,-5.353333,NR 8844 3092,"Kilmory, Bute, Scotland 55.526111, -5.353333 National Grid Reference: NR 8844 3092"
S-BUT-002.xml,S-BUT-002,S-BUT-002,Inchmarnock 1,,x,,,,Bute Museum,,,,,,,,North Bute,,,,Bute,,,,Scotland,,,,,,,"55.789444, -5.153611",,,asserted,55.789444,-5.153611,NS 02372 59635,"North Bute, Bute, Scotland 55.789444, -5.153611 National Grid Reference: NS 02372 59635"
S-BUT-003.xml,S-BUT-003,S-BUT-003,Inchmarnock 2,,x,,,,National Museum of Scotland,,,,,,,,North Bute,,,,Bute,,,,Scotland,,,,,,,"55.789444, -5.153611",,,asserted,55.789444,-5.153611,NS 02372 59635,"North Bute, Bute, Scotland 55.789444, -5.153611 National Grid Reference: NS 02372 59635"
S-BUT-004.xml,S-BUT-004,S-BUT-004,Inchmarnock 3,,x,,,,National Museum of Scotland,,,,,,,,North Bute,,,,Bute,,,,Scotland,,,,,,,"55.789444, -5.153611",,,asserted,55.789444,-5.153611,NS 02372 59635,"North Bute, Bute, Scotland 55.789444, -5.153611 National Grid Reference: NS 02372 59635"
S-CAI-001.xml,S-CAI-001,S-CAI-001,Ackergill,,ACKGL/1,https://www.ucl.ac.uk/archaeology/cisp/database/stone/ackgl_1.html,,,National Museums of Scotland,,,,,,,,Wick,,,,Caithness,,,,Scotland,,,,,,,"58.478333, -3.119167",,,asserted,58.478333,-3.119167,ND 3483 5499,"Wick, Caithness, Scotland 58.478333, -3.119167 National Grid Reference: ND 3483 5499"
S-DGY-001.xml,S-DGY-001,S-DGY-001,Lochnaw,,LONAW/1,,,,Dumfries Museum,,,,,,,,Leswalt,,,,Dumfries and Galloway,,,,Scotland,,,,,,,"54.912222, -5.137222",,,asserted,54.912222,-5.137222,NW 99 62,"Leswalt, Dumfries and Galloway, Scotland 54.912222, -5.137222 National Grid Reference: NW 99 62"
S-FIF-001.xml,S-FIF-001,S-FIF-001,Scoonie,,SCNIE/1,,,,National Museums of Scotland,,,,,,,,Scoonie (Kirkcaldy),,,,Fife,,,,Scotland,,,,,,,"56.203611, -2.994444",,,asserted,56.203611,-2.994444,NO 3840 0167,"Scoonie (Kirkcaldy), Fife, Scotland 56.203611, -2.994444 National Grid Reference: NO 3840 0167"
S-INV-001.xml,S-INV-001,S-INV-001,Bac Mhic Connain,,,,,,National Museums of Scotland,,,,,,,,North Uist,,,,Inverness-shire,,,,Scotland,,,,,,,"57.659167, -7.419167",,,asserted,57.659167,-7.419167,NF 7694 7619,"North Uist, Inverness-shire, Scotland 57.659167, -7.419167 National Grid Reference: NF 7694 7619"
S-INV-002.xml,S-INV-002,S-INV-002,Bornais,,,,,,Museum nan Eilean in Steòrnabhagh | Stornoway,,,,,,,,South Uist,,,,Inverness-shire,,,,Scotland,,,,,,,"57.245000, -7.425000",,,asserted,57.245,-7.425,NF 729 302,"South Uist, Inverness-shire, Scotland 57.245000, -7.425000 National Grid Reference: NF 729 302"
S-KCD-001.xml,S-KCD-001,S-KCD-001,Auquhollie,,AUQUH/1,,,,,,,,,,,,Fetteresso,,,,Kincardineshire,,,,Scotland,,,,,,,"57.008056, -2.292500",,,asserted,57.008056,-2.2925,NO 82326 90797,"Fetteresso, Kincardineshire, Scotland 57.008056, -2.292500 National Grid Reference: NO 82326 90797"
S-KCD-002.xml,S-KCD-002,S-KCD-002,Fordoun,,FORDN/1,,,,,,,,,,,,Fordoun,,,,Kincardineshire,,,,Scotland,,,,,,,"56.896111, -2.451111",,,asserted,56.896111,-2.451111,NO 7261 7841,"Fordoun, Kincardineshire, Scotland 56.896111, -2.451111 National Grid Reference: NO 7261 7841"
S-LKS-X01.xml,S-LKS-X01,S-LKS-X01,Bishop Loch,,x,,,,National Museums of Scotland,,,,,,,,Old Monkland,,,,Lanarkshire,,,,Scotland,,,,,,,"55.876389, -4.100278",,,asserted,55.876389,-4.100278,NS 68700 66800,"Old Monkland, Lanarkshire, Scotland 55.876389, -4.100278 National Grid Reference: NS 68700 66800"
S-MOR-001.xml,S-MOR-001,S-MOR-001,Dyke,,BROD/1,,,,,,,,,,,,Dyke and Moy,,,,Moray,,,,Scotland,,,,,,,"57.597500, -3.701111",,,asserted,57.5975,-3.701111,NH 9842 5766,"Dyke and Moy, Moray, Scotland 57.597500, -3.701111 National Grid Reference: NH 9842 5766"
S-MOR-002.xml,S-MOR-002,S-MOR-002,Altyre,,ALTYR/1,,,,,,,,,,,,Rafford,,,,Moray,,,,Scotland,,,,,,,"57.578056, -3.608611",,,asserted,57.578056,-3.608611,NJ 1374 6633,"Rafford, Moray, Scotland 57.578056, -3.608611 National Grid Reference: NJ 1374 6633"
S-ORK-001.xml,S-ORK-001,S-ORK-001,Burrian,,BURIN/1,http://www.ucl.ac.uk/archaeology/cisp/database/stone/burin_1.html,,,National Museums of Scotland,,,,,,,,North Ronaldsay,,,,Orkney,,,,Scotland,,,,,,,"59.348056, -2.418889",,,asserted,59.348056,-2.418889,HY 7627 5138,"North Ronaldsay, Orkney, Scotland 59.348056, -2.418889 National Grid Reference: HY 7627 5138"
S-ORK-002.xml,S-ORK-002,S-ORK-002,Gurness,,,,,,National Museums of Scotland,,,,,,,,Evie and Rendall,,,,Orkney,,,,Scotland,,,,,,,"59.123889, -3.081111",,,asserted,59.123889,-3.081111,HY 38179 26850,"Evie and Rendall, Orkney, Scotland 59.123889, -3.081111 National Grid Reference: HY 38179 26850"
S-ORK-003.xml,S-ORK-003,S-ORK-003,Birsay 1,,BIRSY/1,http://www.ucl.ac.uk/archaeology/cisp/database/stone/birsy_1.html,,,National Museums of Scotland,,,,,,,,Birsay and Harray,,,,Orkney,,,,Scotland,,,,,,,"59.136389, -3.330278",,,asserted,59.136389,-3.330278,HY 2398 2850,"Birsay and Harray, Orkney, Scotland 59.136389, -3.330278 National Grid Reference: HY 2398 2850"
S-ORK-004.xml,S-ORK-004,S-ORK-004,Birsay 2,,BIRSY/2,http://www.ucl.ac.uk/archaeology/cisp/database/stone/birsy_2.html,,,National Museums of Scotland,,,,,,,,Birsay and Harray,,,,Orkney,,,,Scotland,,,,,,,"59.136389, -3.330278",,,asserted,59.136389,-3.330278,HY 2398 2850,"Birsay and Harray, Orkney, Scotland 59.136389, -3.330278 National Grid Reference: HY 2398 2850"
S-ORK-005.xml,S-ORK-005,S-ORK-005,Buckquoy,,,,,,Orkney Museum,,,,,,,,Birsay,,,,Orkney,,,,Scotland,,,,,,,"59.134167, -3.323333",,,asserted,59.134167,-3.323333,HY 2436 2823,"Birsay, Orkney, Scotland 59.134167, -3.323333 National Grid Reference: HY 2436 2823"
S-ORK-006.xml,S-ORK-006,S-ORK-006,Birsay 3,,BIRSY/3,http://www.ucl.ac.uk/archaeology/cisp/database/stone/birsy_3.html,,,National Museums of Scotland,,,,,,,,Birsay and Harray,,,,Orkney,,,,Scotland,,,,,,,"59.136389, -3.330278",,,asserted,59.136389,-3.330278,HY 2398 2850,"Birsay and Harray, Orkney, Scotland 59.136389, -3.330278 National Grid Reference: HY 2398 2850"
S-ORK-007.xml,S-ORK-007,S-ORK-007,Birsay 4,,,,,,National Museums of Scotland,,,,,,,,Birsay and Harray,,,,Orkney,,,,Scotland,,,,,,,"59.136389, -3.330278",,,asserted,59.136389,-3.330278,HY 2398 2850,"Birsay and Harray, Orkney, Scotland 59.136389, -3.330278 National Grid Reference: HY 2398 2850"
S-ORK-008.xml,S-ORK-008,S-ORK-008,Pool 1,,POOL/1,http://www.ucl.ac.uk/archaeology/cisp/database/stone/pool_1.html,,,Orkney Museum,,,,,,,,Sanday,,,,Orkney,,,,Scotland,,,,,,,"59.225556, -2.668611",,,asserted,59.225556,-2.668611,HY 6194 3785,"Sanday, Orkney, Scotland 59.225556, -2.668611 National Grid Reference: HY 6194 3785"
S-ORK-X01.xml,S-ORK-X01,S-ORK-X01,Pool 2,,,,,,Orkney Museum,,,,,,Sanday,,,,,,Orkney,,,,Scotland,,,,,,,"59.225556, -2.668612",,,asserted,59.225556,-2.668612,HY 6194 3786,"Sanday, Orkney, Scotland 59.225556, -2.668612 National Grid Reference: HY 6194 3786"
S-PER-001.xml,S-PER-001,S-PER-001,Abernethy 1,,ABNTY/1,,,,National Museums of Scotland,,,,,,,,Abernethy,,,,Perthshire,,,,Scotland,,,,,,,"56.333056, -3.311667",,,asserted,56.333056,-3.311667,NO 1900 1641,"Abernethy, Perthshire, Scotland 56.333056, -3.311667 National Grid Reference: NO 1900 1641"
S-PER-002.xml,S-PER-002,S-PER-002,Abernethy 2,,x,,,,,,,,,,,,Abernethy,,,,Perthshire,,,,Scotland,,,,,,,"56.333056, -3.311668",,,asserted,56.333056,-3.311668,NO 190 164,"Abernethy, Perthshire, Scotland 56.333056, -3.311668 National Grid Reference: NO 190 164"
S-PER-003.xml,S-PER-003,S-PER-003,Inchyra,,INCHY/1,,,,Perth Museum,,,,,,,,St Madoes,,,,Perthshire,,,,Scotland,,,,,,,"56.376111, -3.312500",,,asserted,56.376111,-3.3125,NO 1904 2120,"St Madoes, Perthshire, Scotland 56.376111, -3.312500 National Grid Reference: NO 1904 2120"
S-PER-004.xml,S-PER-004,S-PER-004,Old Kilmadock,,,,,,,,,,,,,,Kilmadock,,,,Perthshire,,,,Scotland,,,,,,,"56.197222, -4.086111",,,asserted,56.197222,-4.086111,NN 70664 02479,"Kilmadock, Perthshire, Scotland 56.197222, -4.086111 National Grid Reference: NN 70664 02479"
S-PER-X01.xml,S-PER-X01,S-PER-X01,Duncroisk,,x,,,,,,,,,,,,Killin,,,,Perthshire,,,,Scotland,,,,,,,"56.496944, -4.385556",,,asserted,56.496944,-4.385556,NN 5325 3641,"Killin, Perthshire, Scotland 56.496944, -4.385556 National Grid Reference: NN 5325 3641"
S-SEL-X01.xml,S-SEL-X01,S-SEL-X01,Selkirk,,,,,,"Live Borders Library HQ, Selkirk",,,,Deer Park,,,,Selkirk,,,,Selkirkshire,,,,Scotland,,,,,,,"55.538333, -2.836667",,,asserted,55.538333,-2.836667,NT 473 275,"Deer Park, Selkirk, Selkirkshire, Scotland 55.538333, -2.836667 National Grid Reference: NT 473 275"
S-SHE-001.xml,S-SHE-001,S-SHE-001,Bressay,,BREAY/1,http://www.ucl.ac.uk/archaeology/cisp/database/stone/breay_1.html,,,National Museums of Scotland,,,,,,,,Bressay,,,,Shetland,,,,Scotland,,,,,,,"60.161944, -1.063056",,,asserted,60.161944,-1.063056,HU 521 423,"Bressay, Shetland, Scotland 60.161944, -1.063056 National Grid Reference: HU 521 423"
S-SHE-002.xml,S-SHE-002,S-SHE-002,Cunningsburgh 1,,CBURG/1,http://www.ucl.ac.uk/archaeology/cisp/database/stone/cburg_1.html,,,National Museums of Scotland,,,,,,,,Dunrossness,,,,Shetland,,,,Scotland,,,,,,,"60.033611, -1.224722",,,asserted,60.033611,-1.224722,HU 4330 2790,"Dunrossness, Shetland, Scotland 60.033611, -1.224722 National Grid Reference: HU 4330 2790"
S-SHE-003.xml,S-SHE-003,S-SHE-003,Cunningsburgh 2,,CBURG/2,http://www.ucl.ac.uk/archaeology/cisp/database/stone/cburg_2.html,,,National Museums of Scotland,,,,,,,,Dunrossness,,,,Shetland,,,,Scotland,,,,,,,"60.033611, -1.224722",,,asserted,60.033611,-1.224722,HU 4330 2790,"Dunrossness, Shetland, Scotland 60.033611, -1.224722 National Grid Reference: HU 4330 2790"
S-SHE-004.xml,S-SHE-004,S-SHE-004,St Ninian's Isle 1,,STNIN/1,http://www.ucl.ac.uk/archaeology/cisp/database/stone/stnin_1.html,,,National Museums of Scotland,,,,,,Dunrossness,,,,,,Shetland,,,,Scotland,,,,,,,"59.971389, -1.341667",,,asserted,59.971389,-1.341667,HU 3685 2090,"Dunrossness, Shetland, Scotland 59.971389, -1.341667 National Grid Reference: HU 3685 2090"
S-SHE-005.xml,S-SHE-005,S-SHE-005,St Ninian's Isle 2,,STNIN/2,http://www.ucl.ac.uk/archaeology/cisp/database/stone/stnin_2.html,,,National Museums of Scotland,,,,,,Dunrossness,,,,,,Shetland,,,,Scotland,,,,,,,"59.971389, -1.341667",,,asserted,59.971389,-1.341667,HU 3685 2090,"Dunrossness, Shetland, Scotland 59.971389, -1.341667 National Grid Reference: HU 3685 2090"
S-SHE-006.xml,S-SHE-006,S-SHE-006,St Ninian's Isle 3,,STNIN/3,http://www.ucl.ac.uk/archaeology/cisp/database/stone/stnin_3.html,,,National Museums of Scotland,,,,,,Dunrossness,,,,,,Shetland,,,,Scotland,,,,,,,"59.971389, -1.341667",,,asserted,59.971389,-1.341667,HU 3685 2090,"Dunrossness, Shetland, Scotland 59.971389, -1.341667 National Grid Reference: HU 3685 2090"
S-SHE-007.xml,S-SHE-007,S-SHE-007,Lunnasting,,LTING/1,http://www.ucl.ac.uk/archaeology/cisp/database/stone/lting_1.html,,,National Museums of Scotland,,,,,,Nesting,,,,,,Shetland,,,,Scotland,,,,,,,"60.366389, -1.167778",,,asserted,60.366389,-1.167778,HU 46 65,"Nesting, Shetland, Scotland 60.366389, -1.167778 National Grid Reference: HU 46 65"
S-SHE-008.xml,S-SHE-008,S-SHE-008,Cunningsburgh 3,,CBURG/3,http://www.ucl.ac.uk/archaeology/cisp/database/stone/cburg_3.html,,,,,,,,,,,Dunrossness,,,,Shetland,,,,Scotland,,,,,,,"60.033611, -1.224722",,,asserted,60.033611,-1.224722,HU 4330 2790,"Dunrossness, Shetland, Scotland 60.033611, -1.224722 National Grid Reference: HU 4330 2790"
S-SHE-009.xml,S-SHE-009,S-SHE-009,Cunningsburgh 4,,CBURG/3,http://www.ucl.ac.uk/archaeology/cisp/database/stone/cburg_3.html,,,National Museums of Scotland,,,,,,,,Dunrossness,,,,Shetland,,,,Scotland,,,,,,,"60.033611, -1.224722",,,asserted,60.033611,-1.224722,HU 4330 2790,"Dunrossness, Shetland, Scotland 60.033611, -1.224722 National Grid Reference: HU 4330 2790"
S-SHE-010.xml,S-SHE-010,S-SHE-010,Whiteness,,WNESS/1,http://www.ucl.ac.uk/archaeology/cisp/database/stone/wness_1.html,,,National Museums of Scotland,,,,,,Tingwall,,,,,,Shetland,,,,Scotland,,,,,,,"60.182500, -1.304722",,,asserted,60.1825,-1.304722,HU 3866 4442,"Tingwall, Shetland, Scotland 60.182500, -1.304722 National Grid Reference: HU 3866 4442"
S-SHE-011.xml,S-SHE-011,S-SHE-011,Bigton,,,,,,Shetland Museum,,,,,,Dunrossness,,,,,,Shetland,,,,Scotland,,,,,,,"59.973333, -1.323333",,,asserted,59.973333,-1.323333,HU 37881 21142,"Dunrossness, Shetland, Scotland 59.973333, -1.323333 National Grid Reference: HU 37881 21142"
S-SUT-001.xml,S-SUT-001,S-SUT-001,Golspie,,GOLPI/1,,,,Dunrobin Castle Museum,,,,,,,,Golspie,,,,Sutherland,,,,Scotland,,,,,,,"57.975833, -3.968056",,,asserted,57.975833,-3.968056,NC 8370 0020,"Golspie, Sutherland, Scotland 57.975833, -3.968056 National Grid Reference: NC 8370 0020"
S-SUT-002.xml,S-SUT-002,S-SUT-002,Latheron,,LARON/1,,,,National Museums of Scotland,,,,,,,,Latheron,,,,Sutherland,,,,Scotland,,,,,,,"58.279722, -3.369167",,,asserted,58.279722,-3.369167,ND 1981 3315,"Latheron, Sutherland, Scotland 58.279722, -3.369167 National Grid Reference: ND 1981 3315"
W-AGY-001.xml,W-AGY-001,W-AGY-001,Llanfaelog,,LFAEL/1,https://www.ucl.ac.uk/archaeology/cisp/database/stone/lfael_1.html,,,,,,,,,,,Llanfaelog,,,,Anglesey,,,,Wales,Ynys Môn (cy),,,,,,"53.221267, -4.497758",,,asserted,53.221267,-4.497758,SH 3334 7227,"Llanfaelog, Anglesey (Ynys Môn), Wales 53.221267, -4.497758 National Grid Reference: SH 3334 7227"
W-BRE-001.xml,W-BRE-001,W-BRE-001,Llanddeti,336,PONTS/1,https://www.ucl.ac.uk/archaeology/cisp/database/stone/crckh_1.html,172420,,,,,,,,,,Llanddeti,,,,Brecknockshire,,,,Wales,Llanddetty (cy) | Brycheiniog (cy),,,,,https://historicplacenames.rcahmw.gov.uk/placenames/recordedname/ff45ec70-3997-4418-94b8-eab1be934f74 | https://historicplacenames.rcahmw.gov.uk/placenames/recordedname/6d25abb9-918e-4aca-98ce-9c921395aec5,"51.809722, -3.346017",,,asserted,51.809722,-3.346017,SO 073 132,"Llanddeti (Llanddetty), Brecknockshire (Brycheiniog), Wales 51.809722, -3.346017 National Grid Reference: SO 073 132"
W-BRE-002.xml,W-BRE-002,W-BRE-002,Crai | Llywel,329,CRAI/1,https://www.ucl.ac.uk/archaeology/cisp/database/site/crai.html,172364,,,,,,,,,,,,,,Brecknockshire,,,,Wales,Brycheiniog (cy),,,,,https://historicplacenames.rcahmw.gov.uk/placenames/recordedname/0ead4636-55e5-4003-9e90-bf1eb4b46549 | https://historicplacenames.rcahmw.gov.uk/placenames/recordedname/6d25abb9-918e-4aca-98ce-9c921395aec5,"51.898694, -3.633550",,,asserted,51.898694,-3.63355,?SN 877 235 approximate,"Llywel, Brecknockshire (Brycheiniog), Wales 51.898694, -3.633550 National Grid Reference: ?SN 877 235 approximate"
W-BRE-003.xml,W-BRE-003,W-BRE-003,Ystradfellte,345,YFLL2/1,https://www.ucl.ac.uk/archaeology/cisp/database/stone/yfll2_1.html,168540,,Cyfarthfa Museum,,,,,,,,,,,,Brecknockshire,,,,Wales,Brycheiniog (cy),,,,,https://historicplacenames.rcahmw.gov.uk/placenames/recordedname/91839515-f596-49c4-9687-644651f5b094 | https://historicplacenames.rcahmw.gov.uk/placenames/recordedname/6d25abb9-918e-4aca-98ce-9c921395aec5,"51.809528, -3.553209",low,,qualified,51.809528,-3.553209,,"Ystradfellte, Brecknockshire (Brycheiniog), Wales 51.809528, -3.553209 Approximate location only"
W-BRE-004.xml,W-BRE-004,W-BRE-004,Crickhowell,327,CRCKH/1,https://www.ucl.ac.uk/archaeology/cisp/database/stone/crckh_1.html,172260,,Brecknock Museum,,,,,,,,Crickhowell,,,,Brecknockshire,,,,Wales,Brycheiniog (cy),,,,,https://historicplacenames.rcahmw.gov.uk/placenames/recordedname/6d25abb9-918e-4aca-98ce-9c921395aec5,"51.866872, -3.126958",,,asserted,51.866872,-3.126958,SO 225 193,"Crickhowell, Brecknockshire (Brycheiniog), Wales 51.866872, -3.126958 National Grid Reference: SO 225 193"
W-BRE-005.xml,W-BRE-005,W-BRE-005,Trallwng,342,TRLLW/1,https://www.ucl.ac.uk/archaeology/cisp/database/stone/trllw_1.html,168536,,,,,,,,,,,,,,Brecknockshire,,,,Wales,Brycheiniog (cy),,,,,https://historicplacenames.rcahmw.gov.uk/placenames/recordedname/c8fd5c9e-35b2-4a4f-bda9-c78eb1bd467d | https://historicplacenames.rcahmw.gov.uk/placenames/recordedname/6d25abb9-918e-4aca-98ce-9c921395aec5,"51.955282, -3.505871",,,asserted,51.955282,-3.505871,SN 96 29,"Trallwng, Brecknockshire (Brycheiniog), Wales 51.955282, -3.505871 National Grid Reference: SN 96 29"
W-BRE-006.xml,W-BRE-006,W-BRE-006,Pentre Poeth | Llywel,341,TCSTL/1,https://www.ucl.ac.uk/archaeology/cisp/database/stone/tcstl_1.html,172362,,British Museum,,,,,,,,,,,,Brecknockshire,,,,Wales,Brycheiniog (cy),,,,,https://historicplacenames.rcahmw.gov.uk/placenames/recordedname/0ead4636-55e5-4003-9e90-bf1eb4b46549 | https://historicplacenames.rcahmw.gov.uk/placenames/recordedname/6d25abb9-918e-4aca-98ce-9c921395aec5,"51.925325, -3.625936",,,asserted,51.925325,-3.625936,SN 8829 2645,"Llywel, Brecknockshire (Brycheiniog), Wales 51.925325, -3.625936 National Grid Reference: SN 8829 2645"
W-BRE-007.xml,W-BRE-007,W-BRE-007,Defynnog,328,DFYNG/1,https://www.ucl.ac.uk/archaeology/cisp/database/stone/dfyng_1.html,172263,,,,,,,,,,,,,,Brecknockshire,,,,Wales,Brycheiniog (cy),,,,,https://historicplacenames.rcahmw.gov.uk/placenames/recordedname/6d25abb9-918e-4aca-98ce-9c921395aec5,"51.939186, -3.565192",,,asserted,51.939186,-3.565192,SN 925 279,"Defynnog, Brecknockshire (Brycheiniog), Wales 51.939186, -3.565192 National Grid Reference: SN 925 279"
W-BRE-008.xml,W-BRE-008,W-BRE-008,Aberhydfer | Llywel,,ABHYD/1,https://www.ucl.ac.uk/archaeology/cisp/database/stone/abhyd_1.html,,,,,,,,,,,,,,,Brecknockshire,,,,Wales,Brycheiniog (cy),,,,,https://historicplacenames.rcahmw.gov.uk/placenames/recordedname/0ead4636-55e5-4003-9e90-bf1eb4b46549 | https://historicplacenames.rcahmw.gov.uk/placenames/recordedname/6d25abb9-918e-4aca-98ce-9c921395aec5,"51.936972, -3.661125",,,asserted,51.936972,-3.661125,SN 859 278,"Llywel, Brecknockshire (Brycheiniog), Wales 51.936972, -3.661125 National Grid Reference: SN 859 278"
W-BRE-X01.xml,W-BRE-X01,W-BRE-X01,Bwlch,338,-,,,,,,,,,,,,Bwlch,,,,Brecknockshire,,,,Wales,Brycheiniog (cy),,,,,https://historicplacenames.rcahmw.gov.uk/placenames/recordedname/6d25abb9-918e-4aca-98ce-9c921395aec5,"51.884656, -3.236375",,,asserted,51.884656,-3.236375,,"Bwlch, Brecknockshire (Brycheiniog), Wales 51.884656, -3.236375"
W-BRE-X02.xml,W-BRE-X02,W-BRE-X02,Ystradfellte,343,-,,,,,,,,,,,,Ystradfellte,,,,Brecknockshire,,,,Wales,Brycheiniog (cy),,,,,https://historicplacenames.rcahmw.gov.uk/placenames/recordedname/6d25abb9-918e-4aca-98ce-9c921395aec5,"51.860975, -3.563928",,,asserted,51.860975,-3.563928,,"Ystradfellte, Brecknockshire (Brycheiniog), Wales 51.860975, -3.563928"
W-BRE-X03.xml,W-BRE-X03,W-BRE-X03,Llanfihangel Cwm Du,334,LFIC1/1,https://www.ucl.ac.uk/archaeology/cisp/database/stone/lfic1_1.html,168523,,,,,,,,,,Llanfihangel Cwm Du,,,,Brecknockshire,,,,Wales,Brycheiniog (cy),,,,,https://historicplacenames.rcahmw.gov.uk/placenames/recordedname/6d25abb9-918e-4aca-98ce-9c921395aec5,"51.889481, -3.204539",,,asserted,51.889481,-3.204539,,"Llanfihangel Cwm Du, Brecknockshire (Brycheiniog), Wales 51.889481, -3.204539"
W-CAE-001.xml,W-CAE-001,W-CAE-001,Dolbenmaen 2,380,BRYNK/1,https://www.ucl.ac.uk/archaeology/cisp/database/stone/brynk_1.html,172332,,,,,,,,,,Dolbenmaen,,,,Caithness,,,,Wales,,,,,,,"52.983411, -4.261431",,,asserted,52.983411,-4.261431,SH 4828 4529,"Dolbenmaen, Caithness, Wales 52.983411, -4.261431 National Grid Reference: SH 4828 4529"
W-CAE-X01.xml,W-CAE-X01,W-CAE-X01,Treflys,398,TFLYS/1,https://www.ucl.ac.uk/archaeology/cisp/database/stone/tflys_1.html,172404,,,,,,,,,,Treflys,,,,Caithness,,,,Wales,,,,,,,"52.918011, -4.181561",,,asserted,52.918011,-4.181561,SH 5342 3785,"Treflys, Caithness, Wales 52.918011, -4.181561 National Grid Reference: SH 5342 3785"
W-CGN-001.xml,W-CGN-001,W-CGN-001,Llanwenog,353,RHDDL/1,https://www.ucl.ac.uk/archaeology/cisp/database/stone/rhddl_1.html,168603,,National Museum Wales,,,,,,,,,,,,Cardiganshire,,,,Wales,Ceredigion (cy),,,,,https://historicplacenames.rcahmw.gov.uk/placenames/recordedname/987b0ae0-a75c-4ecc-9142-f6ef8cfe6d06 | https://historicplacenames.rcahmw.gov.uk/placenames/recordedname/0252a52c-5493-4800-8ba3-5f020d3907b9?v=Ceredigion,"52.059325, -4.209772",,,asserted,52.059325,-4.209772,SN 4860 4241,"Llanwenog, Cardiganshire (Ceredigion), Wales 52.059325, -4.209772 National Grid Reference: SN 4860 4241"
W-CGN-X01.xml,W-CGN-X01,W-CGN-X01,Llandysul,349,LDYSL/1,https://www.ucl.ac.uk/archaeology/cisp/database/stone/ldysl_1.html,168601,,,,,,,,,,,,,,Cardiganshire,,,,Wales,Ceredigion (cy),,,,,https://historicplacenames.rcahmw.gov.uk/placenames/recordedname/1b2b0f27-b4bb-42e8-bcc2-dcb791111d4d | https://historicplacenames.rcahmw.gov.uk/placenames/recordedname/0252a52c-5493-4800-8ba3-5f020d3907b9?v=Ceredigion,"52.041192, -4.306581",,,asserted,52.041192,-4.306581,SN 419 406,"Llandysul, Cardiganshire (Ceredigion), Wales 52.041192, -4.306581 National Grid Reference: SN 419 406"
W-CMN-001.xml,W-CMN-001,W-CMN-001,Llangeler,372,LGELR/1,https://www.ucl.ac.uk/archaeology/cisp/database/stone/lgelr_1.html,172316,,,,,,,,,,,,,,Carmarthenshire,,,,Wales,,,,,,https://historicplacenames.rcahmw.gov.uk/placenames/recordedname/71662acc-06aa-4396-8261-f59aab07909e,"52.017378, -4.328672",,,asserted,52.017378,-4.328672,SN 403 380,"Llangeler, Carmarthenshire, Wales 52.017378, -4.328672 National Grid Reference: SN 403 380"
W-CMN-002.xml,W-CMN-002,W-CMN-002,Llanwinio,378,LWNIO/1,https://www.ucl.ac.uk/archaeology/cisp/database/stone/lwnio_1.html,168578,,"Carmarthen Museum, Abergwili",,,,,,,,,,,,Carmarthenshire,,,,Wales,,,,,,https://historicplacenames.rcahmw.gov.uk/placenames/recordedname/6192f338-6461-450a-a45c-02bb13967c42,"51.909456, -4.529550",,,asserted,51.909456,-4.52955,SN 2610 2646,"Llanwinio, Carmarthenshire, Wales 51.909456, -4.529550 National Grid Reference: SN 2610 2646"
W-CMN-003.xml,W-CMN-003,W-CMN-003,Llandawke,368,LDWKE/1,https://www.ucl.ac.uk/archaeology/cisp/database/stone/ldwke_1.html,172302,,,,,,,,,,,,,,Carmarthenshire,,,,Wales,,,,,,https://historicplacenames.rcahmw.gov.uk/placenames/recordedname/f29e8abd-0eec-4498-8a49-a0bc8707b220,"51.773147, -4.490461",,,asserted,51.773147,-4.490461,SN 2827 1121,"Llandawke, Carmarthenshire, Wales 51.773147, -4.490461 National Grid Reference: SN 2827 1121"
W-CMN-004.xml,W-CMN-004,W-CMN-004,Eglwys Gymyn,362,EGLWC/1,https://www.ucl.ac.uk/archaeology/cisp/database/stone/eglwc_1.html,172269,,,,,,,,,,,,,,Carmarthenshire,,,,Wales,,,,,,https://historicplacenames.rcahmw.gov.uk/placenames/recordedname/e76a8444-d2f6-44bc-9308-e80ecfcdd300,"51.766506, -4.565031",,,asserted,51.766506,-4.565031,SN 2310 1065,"Eglwys Gymyn, Carmarthenshire, Wales 51.766506, -4.565031 National Grid Reference: SN 2310 1065"
W-CMN-005.xml,W-CMN-005,W-CMN-005,Castell Dwyran,358,CDWYR/1,https://www.ucl.ac.uk/archaeology/cisp/database/stone/cdwyr_1.html,172256,,"Carmarthen Museum, Abergwili",,,,,,,,,,,,Carmarthenshire,,,,Wales,,,,,,https://historicplacenames.rcahmw.gov.uk/placenames/recordedname/1919c09b-b994-4833-b2f9-47ac9fa5ae6c,"51.831406, -4.695000",,,asserted,51.831406,-4.695,SN 1440 1819,"Castell Dwyran, Carmarthenshire, Wales 51.831406, -4.695000 National Grid Reference: SN 1440 1819"
W-CMN-X01.xml,W-CMN-X01,W-CMN-X01,Henllan Amgoed,364,HENLL/1,https://www.ucl.ac.uk/archaeology/cisp/database/stone/henll_1.html,172356,,,,,,,,,,,,,,Carmarthenshire,,,,Wales,,,,,,https://historicplacenames.rcahmw.gov.uk/placenames/recordedname/d2fd482d-5804-4570-b658-748ca28e1b06,"51.845989, -4.650858",,,asserted,51.845989,-4.650858,SN 175 197,"Henllan Amgoed, Carmarthenshire, Wales 51.845989, -4.650858 National Grid Reference: SN 175 197"
W-CMN-X02.xml,W-CMN-X02,W-CMN-X02,St Ishmaels,376,SISHM/1,https://www.ucl.ac.uk/archaeology/cisp/database/stone/sishm_1.html,172326,,Llansaint Chapel (All Saints' Church),,,,,,,,St Ishamels,,,,Carmarthenshire,,,,Wales,,,,,,,"51.747706, -4.341428",,,asserted,51.747706,-4.341428,SN 3846 0804,"St Ishamels, Carmarthenshire, Wales 51.747706, -4.341428 National Grid Reference: SN 3846 0804"
W-DEN-001.xml,W-DEN-001,W-DEN-001,Clocaenog,399,CLOCG/1,https://www.ucl.ac.uk/archaeology/cisp/database/stone/clocg_1.html,172239,,National Museum Wales,,,,,,,,,,,,Denbighshire,,,,Wales,,,,,,https://historicplacenames.rcahmw.gov.uk/placenames/recordedname/6903fb0c-b7c1-41bd-99ec-353670017de2,"53.067967, -3.415525",,,asserted,53.067967,-3.415525,SJ 0525 5324,"Clocaenog, Denbighshire, Wales 53.067967, -3.415525 National Grid Reference: SJ 0525 5324"
W-DEN-X01.xml,W-DEN-X01,W-DEN-X01,Pentrefoelas,401,PTREF/1,https://www.ucl.ac.uk/archaeology/cisp/database/stone/ptref_1.html,172363,,,,,,,,,,,,,,Denbighshire,,,,Wales,,,,,,https://historicplacenames.rcahmw.gov.uk/placenames/recordedname/fb2e9f22-fcd7-4258-9e82-e3c7cee370d3,"53.045853, -3.703458",,,asserted,53.045853,-3.703458,SH 859 512,"Pentrefoelas, Denbighshire, Wales 53.045853, -3.703458 National Grid Reference: SH 859 512"
W-GLA-001.xml,W-GLA-001,W-GLA-001,Egylwys Nynnid | Margam,409,KENFG/1,https://www.ucl.ac.uk/archaeology/cisp/database/stone/kenfg_1.html,168558,,Margam Stones Museum,,,,,,,,,,,,Glamorgan,,,,Wales,,,,,,https://historicplacenames.rcahmw.gov.uk/placenames/recordedname/93692a56-6a9d-4aee-bd2a-90d3514ded78,"51.545939, -3.727606",,,asserted,51.545939,-3.727606,SS 8030 8442,"Margam, Glamorgan, Wales 51.545939, -3.727606 National Grid Reference: SS 8030 8442"
W-GLA-002.xml,W-GLA-002,W-GLA-002,Loughor,405,LOUGH/1,https://www.ucl.ac.uk/archaeology/cisp/database/stone/lough_1.html,168570,,Swansea Museum,,,,,,,,,,,,Glamorgan,,,,Wales,,,,,,https://historicplacenames.rcahmw.gov.uk/placenames/recordedname/906f430b-33cf-4712-b3a8-8a1ee8693ea3,"51.664108, -4.061350",,,asserted,51.664108,-4.06135,SS 5753 9816,"Loughor, Glamorgan, Wales 51.664108, -4.061350 National Grid Reference: SS 5753 9816"
W-GLA-X01.xml,W-GLA-X01,W-GLA-X01,Gelli-Gaer,404,TIRPH/1,https://www.ucl.ac.uk/archaeology/cisp/database/stone/tirph_1.html,168547,,National Museum Cardiff,,,,,,,,,,,,Glamorgan,,,,Wales,,,,,,https://historicplacenames.rcahmw.gov.uk/placenames/recordedname/46d4e9b7-d6d4-4ca8-8e06-b605f61f8d89,"51.715653, -3.249856",,,asserted,51.715653,-3.249856,SO 1375 0262,"Gelli-Gaer, Glamorgan, Wales 51.715653, -3.249856 National Grid Reference: SO 1375 0262"
W-GLA-X02.xml,W-GLA-X02,W-GLA-X02,Margam,408,MARG1/1,https://www.ucl.ac.uk/archaeology/cisp/database/stone/marg1_1.html,168560,,Margam Stones Museum,,,,,,,,,,,,Glamorgan,,,,Wales,,,,,,https://historicplacenames.rcahmw.gov.uk/placenames/recordedname/93692a56-6a9d-4aee-bd2a-90d3514ded78,"51.585703, -3.689275",,,asserted,51.585703,-3.689275,SS 8306 8878,"Margam, Glamorgan, Wales 51.585703, -3.689275 National Grid Reference: SS 8306 8878"
W-PEM-001.xml,W-PEM-001,W-PEM-001,St Dogmaels,449,SDOGM/1,https://www.ucl.ac.uk/archaeology/cisp/database/stone/sdogm_1.html,168595,,,,,,,,,,St Dogmaels,,,,Pembrokeshire,,,,Wales,,,,,,,"52.080031, -4.680767",,,asserted,52.080031,-4.680767,SN 164 458,"St Dogmaels, Pembrokeshire, Wales 52.080031, -4.680767 National Grid Reference: SN 164 458"
W-PEM-002.xml,W-PEM-002,W-PEM-002,Clydai 3,431,CLYDI/3,https://www.ucl.ac.uk/archaeology/cisp/database/stone/clydi_3.html,168598,,,,,,,,,,Clydau,,,,Pembrokeshire,,,,Wales,,,,,,,"51.990242, -4.548961",,,asserted,51.990242,-4.548961,SN 2508 3546,"Clydau, Pembrokeshire, Wales 51.990242, -4.548961 National Grid Reference: SN 2508 3546"
W-PEM-003.xml,W-PEM-003,W-PEM-003,Llandeilo 2,433,LDEIL/1,https://www.ucl.ac.uk/archaeology/cisp/database/stone/ldeil_1.html,172305,,,,,,,,,,Llandeilo Llwydarth,,,,Pembrokeshire,,,,Wales,,,,,,,"51.908222, -4.764158",,,asserted,51.908222,-4.764158,SN 0996 2691,"Llandeilo Llwydarth, Pembrokeshire, Wales 51.908222, -4.764158 National Grid Reference: SN 0996 2691"
W-PEM-004.xml,W-PEM-004,W-PEM-004,Cilgerran,428,CILGN/1,https://www.ucl.ac.uk/archaeology/cisp/database/stone/cilgn_1.html,168526,,,,,,,,,,,,,,Pembrokeshire,,,,Wales,,,,,,https://historicplacenames.rcahmw.gov.uk/placenames/recordedname/995a8a89-beba-4c5f-9889-7db94ec85a5f,"52.056211, -4.640536",,,asserted,52.056211,-4.640536,SN 1906 4305,"Cilgerran, Pembrokeshire, Wales 52.056211, -4.640536 National Grid Reference: SN 1906 4305"
W-PEM-005.xml,W-PEM-005,W-PEM-005,Clydai 2,430,CLYDI/1,https://www.ucl.ac.uk/archaeology/cisp/database/stone/clydi_1.html,168599,,,,,,,,,,Clydau,,,,Pembrokeshire,,,,Wales,,,,,,,"51.990242, -4.548961",,,asserted,51.990242,-4.548961,SN 2508 3549,"Clydau, Pembrokeshire, Wales 51.990242, -4.548961 National Grid Reference: SN 2508 3549"
W-PEM-006.xml,W-PEM-006,W-PEM-006,Bridell,426,BRIDL/1,https://www.ucl.ac.uk/archaeology/cisp/database/stone/bridl_1.html,168596,,,,,,,,,,Bridell,,,,Pembrokeshire,,,,Wales,,,,,,,"52.046861, -4.660403",,,asserted,52.046861,-4.660403,SN 1766 4206,"Bridell, Pembrokeshire, Wales 52.046861, -4.660403 National Grid Reference: SN 1766 4206"
W-PEM-007.xml,W-PEM-007,W-PEM-007,Caldy Island,427,CALDY/1,https://www.ucl.ac.uk/archaeology/cisp/database/stone/caldy_1.html,168583,,,,,,,,,,Caldy Island,,,,Pembrokeshire,,,,Wales,,,,,,,"51.634675, -4.689097",,,asserted,51.634675,-4.689097,SS 140 963,"Caldy Island, Pembrokeshire, Wales 51.634675, -4.689097 National Grid Reference: SS 140 963"
W-PEM-008.xml,W-PEM-008,W-PEM-008,Nevern 2,445,NEVRN/2,https://www.ucl.ac.uk/archaeology/cisp/database/stone/nevrn_2.html,168591,,,,,,,,,,Nevern,,,,Pembrokeshire,,,,Wales,,,,,,,"52.025669, -4.794869",,,asserted,52.025669,-4.794869,SN 0835 4005,"Nevern, Pembrokeshire, Wales 52.025669, -4.794869 National Grid Reference: SN 0835 4005"
W-PEM-009.xml,W-PEM-009,W-PEM-009,St Dogwells,450,SDOGW/1,https://www.ucl.ac.uk/archaeology/cisp/database/stone/sdogw_1.html,172383,,,,,,,,,,St Dogwells,,,,Pembrokeshire,,,,Wales,,,,,,,"51.879097, -4.959414",,,asserted,51.879097,-4.959414,SM 964 242,"St Dogwells, Pembrokeshire, Wales 51.879097, -4.959414 National Grid Reference: SM 964 242"
W-PEM-010.xml,W-PEM-010,W-PEM-010,Steynton,456,STNTN/1,https://www.ucl.ac.uk/archaeology/cisp/database/stone/stntn_1.html,172395,,,,,,,,,,Steynton,,,,Pembrokeshire,,,,Wales,,,,,,,"51.730150, -5.016294",,,asserted,51.73015,-5.016294,SM 9180 0780,"Steynton, Pembrokeshire, Wales 51.730150, -5.016294 National Grid Reference: SM 9180 0780"
W-PEM-011.xml,W-PEM-011,W-PEM-011,Brawdy 2,423,BRAW1/1,https://www.ucl.ac.uk/archaeology/cisp/database/stone/braw1_1.html,172249,,,,,,,,,,Brawdy,,,,Pembrokeshire,,,,Wales,,,,,,,"51.906567, -5.080456",,,asserted,51.906567,-5.080456,SM 882 276,"Brawdy, Pembrokeshire, Wales 51.906567, -5.080456 National Grid Reference: SM 882 276"
W-PEM-012.xml,W-PEM-012,W-PEM-012,Brawdy 3,422,BRAW3/1,https://www.ucl.ac.uk/archaeology/cisp/database/stone/braw3_1.html,172248,,,,,,,,,,Brawdy,,,,Pembrokeshire,,,,Wales,,,,,,,"51.905744, -5.077492",,,asserted,51.905744,-5.077492,SM 884 275,"Brawdy, Pembrokeshire, Wales 51.905744, -5.077492 National Grid Reference: SM 884 275"
W-PEM-013.xml,W-PEM-013,W-PEM-013,Jordanston,432,JRDNS/1,https://www.ucl.ac.uk/archaeology/cisp/database/stone/jrdns_1.html,172282,,,,,,,,,,Jordanston,,,,Pembrokeshire,,,,Wales,,,,,,,"51.941556, -5.014458",,,asserted,51.941556,-5.014458,SM 929 313,"Jordanston, Pembrokeshire, Wales 51.941556, -5.014458 National Grid Reference: SM 929 313"
W-PEM-014.xml,W-PEM-014,W-PEM-014,Nevern 1,446,NEVRN/1,https://www.ucl.ac.uk/archaeology/cisp/database/stone/nevrn_1.html,172349,,St. Brynach's Church,,,,,,,,Nevern,,,,Pembrokeshire,,,,Wales,,,,,,,"52.025392, -4.795144",,,asserted,52.025392,-4.795144,SN 0833 4002,"Nevern, Pembrokeshire, Wales 52.025392, -4.795144 National Grid Reference: SN 0833 4002"
W-PEM-015.xml,W-PEM-015,W-PEM-015,Llanfyrnach 2,439,LFRN2/1,https://www.ucl.ac.uk/archaeology/cisp/database/stone/lfrn2_1.html,172312,,,,,,,,,,Llanfyrnach,,,,Pembrokeshire,,,,Wales,,,,,,,"51.931278, -4.657342",,,asserted,51.931278,-4.657342,SN 174 292,"Llanfyrnach, Pembrokeshire, Wales 51.931278, -4.657342 National Grid Reference: SN 174 292"
W-PEM-016.xml,W-PEM-016,W-PEM-016,Mathry,442,MTHRY/1,https://www.ucl.ac.uk/archaeology/cisp/database/stone/mthry_1.html,172345,,,,,,,,,,Mathry,,,,Pembrokeshire,,,,Wales,,,,,,,"51.945956, -5.087522",,,asserted,51.945956,-5.087522,SM 879 320,"Mathry, Pembrokeshire, Wales 51.945956, -5.087522 National Grid Reference: SM 879 320"
W-PEM-X01.xml,W-PEM-X01,W-PEM-X01,Spittal,402,SPTTL/1,https://www.ucl.ac.uk/archaeology/cisp/database/stone/spttl_1.html,172367,,,,,,,,,,Spittal,,,,Pembrokeshire,,,,Wales,,,,,,,"51.867944, -4.941539",,,asserted,51.867944,-4.941539,,"Spittal, Pembrokeshire, Wales 51.867944, -4.941539 National Grid Reference:"
W-PEM-X02.xml,W-PEM-X02,W-PEM-X02,Clydai 1,429,CLYDI/2,https://www.ucl.ac.uk/archaeology/cisp/database/stone/clydi_2.html,168600,,,,,,,,,,Clydau,,,,Pembrokeshire,,,,Wales,,,,,,,Coordinates unknown,,Coordinates unknown,textual_only,,,SN 2508 3547,"Clydau, Pembrokeshire, Wales Coordinates unknown National Grid Reference: SN 2508 3547"
