{
 "type": "FeatureCollection",
 "name": "OG(H)AM findspots",
 "features": [
  {
   "type": "Feature",
   "id": "E-CON-001",
   "geometry": {
    "type": "Point",
    "coordinates": [
     -4.675453,
     50.640058
    ]
   },
   "properties": {
    "file": "E-CON-001.xml",
    "stone_key": "E-CON-001",
    "ogham_id": "E-CON-001",
    "title": "Worthyvale",
    "ciic": "470",
    "cisp": "WVALE/1",
    "cisp_url": "https://www.ucl.ac.uk/archaeology/cisp/database/stone/wvale_1.html",
    "tm": "168506",
    "origplace_text": "Forrabury and Minster, Cornwall England 50.640058, -4.675453 National Grid Reference: SX 1092 8568",
    "pn_parish": "Forrabury and Minster",
    "pn_county": "Cornwall",
    "pn_country": "England",
    "geo_raw": "50.640058, -4.675453",
    "geo_status": "asserted",
    "grid_raw": "SX 1092 8568",
    "uri": "http://data.ogham.link/crm/findspot_E_CON_001"
   }
  },
  {
   "type": "Feature",
   "id": "E-CON-002",
   "geometry": {
    "type": "Point",
    "coordinates": [
     -4.437475,
     50.600492
    ]
   },
   "properties": {
    "file": "E-CON-002.xml",
    "stone_key": "E-CON-002",
    "ogham_id": "E-CON-002",
    "title": "Lannwenek | Lewannick 1",
    "ciic": "466",
    "cisp": "LWNCK/1",
    "cisp_url": "https://www.ucl.ac.uk/archaeology/cisp/database/stone/lwnck_1.html",
    "tm": "172292",
    "origplace_text": "Lewannick, Cornwall England 50.600492, -4.437475 National Grid Reference: SX 2760 8070",
    "pn_parish": "Lewannick",
    "pn_county": "Cornwall",
    "pn_country": "England",
    "geo_raw": "50.600492, -4.437475",
    "geo_status": "asserted",
    "grid_raw": "SX 2760 8070",
    "uri": "http://data.ogham.link/crm/findspot_E_CON_002"
   }
  },
  {
   "type": "Feature",
   "id": "E-CON-003",
   "geometry": {
    "type": "Point",
    "coordinates": [
     -4.437476,
     50.600492
    ]
   },
   "properties": {
    "file": "E-CON-003.xml",
    "stone_key": "E-CON-003",
    "ogham_id": "E-CON-003",
    "title": "Lannwenek | Lewannick 2",
    "ciic": "467",
    "cisp": "LWNCK/2",
    "cisp_url": "https://www.ucl.ac.uk/archaeology/cisp/database/stone/lwnck_2.html",
    "tm": "172763",
    "origplace_text": "Lewannick, Cornwall England 50.600492, -4.437476 National Grid Reference: SX 2760 8070",
    "pn_parish": "Lewannick",
    "pn_county": "Cornwall",
    "pn_country": "England",
    "geo_raw": "50.600492, -4.437476",
    "geo_status": "asserted",
    "grid_raw": "SX 2760 8070",
    "uri": "http://data.ogham.link/crm/findspot_E_CON_003"
   }
  },
  {
   "type": "Feature",
   "id": "E-CON-004",
   "geometry": {
    "type": "Point",
    "coordinates": [
     -4.794633,
     50.558014
    ]
   },
   "properties": {
    "file": "E-CON-004.xml",
    "stone_key": "E-CON-004",
    "ogham_id": "E-CON-004",
    "title": "Lanndohow | St Kew",
    "ciic": "484",
    "cisp": "STKEW/1",
    "cisp_url": "https://www.ucl.ac.uk/archaeology/cisp/database/stone/stkew_1.html",
    "tm": "172385",
    "origplace_text": "St Kew, Cornwall England 50.558014, -4.794633 National Grid Reference: SX 0215 7687",
    "pn_parish": "St Kew",
    "pn_county": "Cornwall",
    "pn_country": "England",
    "geo_raw": "50.558014, -4.794633",
    "geo_status": "asserted",
    "grid_raw": "SX 0215 7687",
    "uri": "http://data.ogham.link/crm/findspot_E_CON_004"
   }
  },
  {
   "type": "Feature",
   "id": "E-CON-005",
   "geometry": {
    "type": "Point",
    "coordinates": [
     -5.545833,
     50.088333
    ]
   },
   "properties": {
    "file": "E-CON-005.xml",
    "stone_key": "E-CON-005",
    "ogham_id": "E-CON-005",
    "title": "Pennwydh | Penwith",
    "ciic": "-",
    "cisp": "x",
    "repository": "Royal Cornwall Museum",
    "origplace_text": "Penzance | Penwith, Cornwall England 50.088333, -5.545833 National Grid Reference: SW 46459 26933",
    "pn_parish": "Penzance | Penwith",
    "pn_county": "Cornwall",
    "pn_country": "England",
    "geo_raw": "50.088333, -5.545833",
    "geo_status": "asserted",
    "grid_raw": "SW 46459 26933",
    "uri": "http://data.ogham.link/crm/findspot_E_CON_005"
   }
  },
  {
   "type": "Feature",
   "id": "E-CON-X01",
   "geometry": {
    "type": "Point",
    "coordinates": [
     -4.445619,
     50.594025
    ]
   },
   "properties": {
    "file": "E-CON-X01.xml",
    "stone_key": "E-CON-X01",
    "ogham_id": "E-CON-X01",
    "title": "Lewannick 3",
    "cisp": "LWNCC/1",
    "cisp_url": "https://www.ucl.ac.uk/archaeology/cisp/database/stone/lwncc_1.html",
    "origplace_text": "Lewannick, Cornwall England 50.594025, -4.445619 National Grid Reference: SX 2700 8000",
    "pn_parish": "Lewannick",
    "pn_county": "Cornwall",
    "pn_country": "England",
    "geo_raw": "50.594025, -4.445619",
    "geo_status": "asserted",
    "grid_raw": "SX 2700 8000",
    "uri": "http://data.ogham.link/crm/findspot_E_CON_X01"
   }
  },
  {
   "type": "Feature",
   "id": "E-CON-X02",
   "geometry": {
    "type": "Point",
    "coordinates": [
     -4.705275,
     50.489336
    ]
   },
   "properties": {
    "file": "E-CON-X02.xml",
    "stone_key": "E-CON-X02",
    "ogham_id": "E-CON-X02",
    "title": "Lancarffe",
    "ciic": "457",
    "cisp": "LCARF/1",
    "cisp_url": "https://www.ucl.ac.uk/archaeology/cisp/database/stone/lcarf_1.html",
    "tm": "173851",
    "origplace_text": "Helland, Cornwall, England 50.489336, -4.705275 National Grid Reference: SX 0820 6900",
    "pn_parish": "Helland",
    "pn_county": "Cornwall",
    "pn_country": "England",
    "geo_raw": "50.489336, -4.705275",
    "geo_status": "asserted",
    "grid_raw": "SX 0820 6900",
    "uri": "http://data.ogham.link/crm/findspot_E_CON_X02"
   }
  },
  {
   "type": "Feature",
   "id": "E-CON-X03",
   "geometry": {
    "type": "Point",
    "coordinates": [
     -5.016133,
     50.255903
    ]
   },
   "properties": {
    "file": "E-CON-X03.xml",
    "stone_key": "E-CON-X03",
    "ogham_id": "E-CON-X03",
    "title": "St Clement",
    "ciic": "473",
    "cisp": "SCLEM/1",
    "cisp_url": "https://www.ucl.ac.uk/archaeology/cisp/database/stone/sclem_1.html",
    "tm": "168498",
    "origplace_text": "St Clement, Cornwall England 50.255903, -5.016133 National Grid Reference: SW 8510 4390",
    "pn_parish": "St Clement",
    "pn_county": "Cornwall",
    "pn_country": "England",
    "geo_raw": "50.255903, -5.016133",
    "geo_status": "asserted",
    "grid_raw": "SW 8510 4390",
    "uri": "http://data.ogham.link/crm/findspot_E_CON_X03"
   }
  },
  {
   "type": "Feature",
   "id": "E-CON-X04",
   "geometry": {
    "type": "Point",
    "coordinates": [
     -4.841989,
     50.582325
    ]
   },
   "properties": {
    "file": "E-CON-X04.xml",
    "stone_key": "E-CON-X04",
    "ogham_id": "E-CON-X04",
    "title": "St Endellion",
    "ciic": "478",
    "cisp": "SENDL/1",
    "cisp_url": "https://www.ucl.ac.uk/archaeology/cisp/database/stone/sendl_1.html",
    "tm": "168504",
    "origplace_text": "St Endellion, Cornwall England 50.582325, -4.841989 National Grid Reference: SW 9890 7970",
    "pn_parish": "St Endellion",
    "pn_county": "Cornwall",
    "pn_country": "England",
    "geo_raw": "50.582325, -4.841989",
    "geo_status": "asserted",
    "grid_raw": "SW 9890 7970",
    "uri": "http://data.ogham.link/crm/findspot_E_CON_X04"
   }
  },
  {
   "type": "Feature",
   "id": "E-DEV-001",
   "geometry": {
    "type": "Point",
    "coordinates": [
     -3.955761,
     50.400019
    ]
   },
   "properties": {
    "file": "E-DEV-001.xml",
    "stone_key": "E-DEV-001",
    "ogham_id": "E-DEV-001",
    "title": "Fardel",
    "ciic": "489",
    "cisp": "FARDL/1",
    "cisp_url": "https://www.ucl.ac.uk/archaeology/cisp/database/stone/fardl_1.html",
    "tm": "168513",
    "repository": "British Museum",
    "origplace_text": "Cornwood, Devon England 50.400019, -3.955761 National Grid Reference: SX 6110 5740",
    "pn_parish": "Cornwood",
    "pn_county": "Devon",
    "pn_country": "England",
    "geo_raw": "50.400019, -3.955761",
    "geo_status": "asserted",
    "grid_raw": "SX 6110 5740",
    "uri": "http://data.ogham.link/crm/findspot_E_DEV_001"
   }
  },
  {
   "type": "Feature",
   "id": "E-DEV-002",
   "geometry": {
    "type": "Point",
    "coordinates": [
     -4.130694,
     50.503978
    ]
   },
   "properties": {
    "file": "E-DEV-002.xml",
    "stone_key": "E-DEV-002",
    "ogham_id": "E-DEV-002",
    "title": "Roborough Down",
    "ciic": "488",
    "cisp": "TVST3/1",
    "cisp_url": "https://www.ucl.ac.uk/archaeology/cisp/database/stone/tvst3_1.html",
    "tm": "173860",
    "origplace_text": "Buckland Monachorum, Devon England 50.503978, -4.130694 National Grid Reference: SX 4900 6930",
    "pn_parish": "Buckland Monachorum",
    "pn_county": "Devon",
    "pn_country": "England",
    "geo_raw": "50.503978, -4.130694",
    "geo_status": "asserted",
    "grid_raw": "SX 4900 6930",
    "uri": "http://data.ogham.link/crm/findspot_E_DEV_002"
   }
  },
  {
   "type": "Feature",
   "id": "E-DEV-X01",
   "geometry": {
    "type": "Point",
    "coordinates": [
     -3.810378,
     51.199733
    ]
   },
   "properties": {
    "file": "E-DEV-X01.xml",
    "stone_key": "E-DEV-X01",
    "ogham_id": "E-DEV-X01",
    "title": "Brendon",
    "origplace_text": "Brendon, Devon England 51.199733, -3.810378 National Grid Reference: SS 7361 4606",
    "pn_parish": "Brendon",
    "pn_county": "Devon",
    "pn_country": "England",
    "geo_raw": "51.199733, -3.810378",
    "geo_status": "asserted",
    "grid_raw": "SS 7361 4606",
    "uri": "http://data.ogham.link/crm/findspot_E_DEV_X01"
   }
  },
  {
   "type": "Feature",
   "id": "E-HAM-001",
   "geometry": {
    "type": "Point",
    "coordinates": [
     -1.019333,
     51.357914
    ]
   },
   "properties": {
    "file": "E-HAM-001.xml",
    "stone_key": "E-HAM-001",
    "ogham_id": "E-HAM-001",
    "title": "Silchester",
    "ciic": "496",
    "cisp": "SILCH/1",
    "cisp_url": "https://www.ucl.ac.uk/archaeology/cisp/database/stone/silch_1.html",
    "tm": "172377",
    "repository": "Reading Museum",
    "origplace_text": "Silchester Roman Town, Hampshire England 51.357914, -1.019333 National Grid Reference: SU 6838 6255",
    "pn_parish": "Silchester Roman Town",
    "pn_county": "Hampshire",
    "pn_country": "England",
    "geo_raw": "51.357914, -1.019333",
    "geo_status": "asserted",
    "grid_raw": "SU 6838 6255",
    "uri": "http://data.ogham.link/crm/findspot_E_HAM_001"
   }
  },
  {
   "type": "Feature",
   "id": "E-NFK-001",
   "geometry": {
    "type": "Point",
    "coordinates": [
     0.581231,
     52.477039
    ]
   },
   "properties": {
    "file": "E-NFK-001.xml",
    "stone_key": "E-NFK-001",
    "ogham_id": "E-NFK-001",
    "title": "Weeting-with-Broomhill",
    "repository": "Norwich Castle Museum",
    "origplace_text": "Weeting-with-Broomhill, Norfolk, England 52.477039, 0.581231 National Grid Reference: TL 7540 8970",
    "pn_parish": "Weeting-with-Broomhill",
    "pn_county": "Norfolk",
    "pn_country": "England",
    "geo_raw": "52.477039, 0.581231",
    "geo_status": "asserted",
    "grid_raw": "TL 7540 8970",
    "uri": "http://data.ogham.link/crm/findspot_E_NFK_001"
   }
  },
  {
   "type": "Feature",
   "id": "E-STS-001",
   "geometry": {
    "type": "Point",
    "coordinates": [
     -1.8678,
     52.8983
    ]
   },
   "properties": {
    "file": "E-STS-001.xml",
    "stone_key": "E-STS-001",
    "ogham_id": "E-STS-001",
    "title": "Uttoxeter",
    "origplace_text": "Uttoxeter, Staffordshire England 52.8983, -1.8678 approx. National Grid Reference: SK 0949 3264",
    "pn_parish": "Uttoxeter",
    "pn_county": "Staffordshire",
    "pn_country": "England",
    "geo_raw": "52.8983, -1.8678",
    "geo_status": "asserted",
    "grid_raw": "SK 0949 3264",
    "uri": "http://data.ogham.link/crm/findspot_E_STS_001"
   }
  },
  {
   "type": "Feature",
   "id": "E-WAR-001",
   "geometry": {
    "type": "Point",
    "coordinates": [
     -1.457633,
     52.398772
    ]
   },
   "properties": {
    "file": "E-WAR-001.xml",
    "stone_key": "E-WAR-001",
    "ogham_id": "E-WAR-001",
    "title": "Coventry",
    "repository": "Herbert Art Gallery and Museum",
    "origplace_text": "Binley and Willenhall, Warwickshire, England 52.398772, -1.457633 National Grid Reference: SP 37 78",
    "pn_parish": "Binley and Willenhall",
    "pn_county": "Warwickshire",
    "pn_country": "England",
    "geo_raw": "52.398772, -1.457633",
    "geo_status": "asserted",
    "grid_raw": "SP 37 78",
    "uri": "http://data.ogham.link/crm/findspot_E_WAR_001"
   }
  },
  {
   "type": "Feature",
   "id": "E-WRY-001",
   "geometry": {
    "type": "Point",
    "coordinates": [
     -1.530225,
     53.989228
    ]
   },
   "properties": {
    "file": "E-WRY-001.xml",
    "stone_key": "E-WRY-001",
    "ogham_id": "E-WRY-001",
    "title": "Vale of York brooch fragment",
    "repository": "British Museum",
    "origplace_text": "Harrogate, West Riding of Yorkshire, England 53.989228, -1.530225 National Grid Reference: SE 3090 5490",
    "pn_parish": "Harrogate",
    "pn_county": "West Riding of Yorkshire",
    "pn_country": "England",
    "geo_raw": "53.989228, -1.530225",
    "geo_status": "asserted",
    "grid_raw": "SE 3090 5490",
    "uri": "http://data.ogham.link/crm/findspot_E_WRY_001"
   }
  },
  {
   "type": "Feature",
   "id": "I-ANT-001",
   "geometry": {
    "type": "Point",
    "coordinates": [
     -6.1961,
     54.8045
    ]
   },
   "properties": {
    "file": "I-ANT-001.xml",
    "stone_key": "I-ANT-001",
    "ogham_id": "I-ANT-001",
    "title": "Carn Coim | Carncome 1",
    "ciic": "309",
    "cisp": "CRCOM/1",
    "cisp_url": "https://www.ucl.ac.uk/archaeology/cisp/database/stone/crcom_1.html",
    "origplace_text": "Carncome (Carn Coim), Co. Antrim, Northern Ireland 54.8045, -6.1961 approximate. National Grid Reference: J1604096680",
    "pn_townland": "Carncome",
    "pn_county": "Co. Antrim",
    "pn_country": "Northern Ireland",
    "pn_vernacular": "Carn Coim (ga)",
    "geo_raw": "54.8045, -6.1961",
    "geo_status": "asserted",
    "grid_raw": "J1604096680",
    "gazetteer_uris": "https://www.logainm.ie/ga/61366",
    "uri": "http://data.ogham.link/crm/findspot_I_ANT_001"
   }
  },
  {
   "type": "Feature",
   "id": "I-ANT-002",
   "geometry": {
    "type": "Point",
    "coordinates": [
     -6.1961,
     54.8045
    ]
   },
   "properties": {
    "file": "I-ANT-002.xml",
    "stone_key": "I-ANT-002",
    "ogham_id": "I-ANT-002",
    "title": "Carn Coim | Carncome 2",
    "ciic": "310",
    "cisp": "CRCOM/2",
    "cisp_url": "https://www.ucl.ac.uk/archaeology/cisp/database/stone/crcom_2.html",
    "repository": "National Museum of Ireland",
    "origplace_text": "Carncome (Carn Coim), Co. Antrim, Northern Ireland 54.8045, -6.1961 approximate. National Grid Reference: J1604096680",
    "pn_townland": "Carncome",
    "pn_county": "Co. Antrim",
    "pn_country": "Northern Ireland",
    "pn_vernacular": "Carn Coim (ga)",
    "geo_raw": "54.8045, -6.1961",
    "geo_status": "asserted",
    "grid_raw": "J1604096680",
    "gazetteer_uris": "https://www.logainm.ie/ga/61366",
    "uri": "http://data.ogham.link/crm/findspot_I_ANT_002"
   }
  },
  {
   "type": "Feature",
   "id": "I-ANT-003",
   "geometry": {
    "type": "Point",
    "coordinates": [
     -6.288513,
     54.617977
    ]
   },
   "properties": {
    "file": "I-ANT-003.xml",
    "stone_key": "I-ANT-003",
    "ogham_id": "I-ANT-003",
    "title": "Gartree",
    "origplace_text": "Gartree (Gort Rí?) Co. Antrim Northern Ireland 54.617977, -6.288513 National Grid Reference: J 1054775774",
    "pn_townland": "Gartree (?)",
    "pn_county": "Co. Antrim",
    "pn_country": "Northern Ireland",
    "pn_vernacular": "Gort Rí (ga)",
    "geo_raw": "54.617977, -6.288513",
    "geo_status": "asserted",
    "grid_raw": "J 1054775774",
    "uri": "http://data.ogham.link/crm/findspot_I_ANT_003"
   }
  },
  {
   "type": "Feature",
   "id": "I-ARM-001",
   "geometry": {
    "type": "Point",
    "coordinates": [
     -6.651108,
     54.302925
    ]
   },
   "properties": {
    "file": "I-ARM-001.xml",
    "stone_key": "I-ARM-001",
    "ogham_id": "I-ARM-001",
    "title": "Droim Conmhaoil | Drumconwell",
    "ciic": "311",
    "cisp": "DRCOM/1",
    "cisp_url": "https://www.ucl.ac.uk/archaeology/cisp/database/stone/drcom_1.html",
    "repository": "Armagh Robinson library (No 5 Vicars’ Hill Museum)",
    "origplace_text": "Drumconwell (Droim Conmhaoil), Co. Armagh, Northern Ireland 54.302925, -6.651108 National Grid Reference: H 8780 4020",
    "pn_townland": "Drumconwell",
    "pn_county": "Co. Armagh",
    "pn_country": "Northern Ireland",
    "pn_vernacular": "Droim Conmhaoil (ga)",
    "geo_raw": "54.302925, -6.651108",
    "geo_status": "asserted",
    "grid_raw": "H 8780 4020",
    "gazetteer_uris": "https://www.logainm.ie/en/56262",
    "uri": "http://data.ogham.link/crm/findspot_I_ARM_001"
   }
  },
  {
   "type": "Feature",
   "id": "I-CAR-001",
   "geometry": {
    "type": "Point",
    "coordinates": [
     -6.57009,
     52.827268
    ]
   },
   "properties": {
    "file": "I-CAR-001.xml",
    "stone_key": "I-CAR-001",
    "ogham_id": "I-CAR-001",
    "title": "Cluain Mhór | Clonmore",
    "ciic": "15",
    "cisp": "CLMOR/1",
    "smr": "CW009-028021-",
    "origplace_text": "Clonmore (Cluain Mhór) Glebe Co. Carlow Ireland 52.827268, -6.57009 ITM Coordinates: 696369, 676093",
    "pn_ecclesiastical_site": "Clonmore",
    "pn_townland": "Glebe",
    "pn_county": "Co. Carlow",
    "pn_country": "Ireland",
    "pn_vernacular": "Cluain Mhór (ga)",
    "geo_raw": "52.827268, -6.57009",
    "geo_status": "asserted",
    "grid_raw": "696369, 676093",
    "gazetteer_uris": "https://www.logainm.ie/en/3008",
    "uri": "http://data.ogham.link/crm/findspot_I_CAR_001"
   }
  },
  {
   "type": "Feature",
   "id": "I-CAR-002",
   "geometry": {
    "type": "Point",
    "coordinates": [
     -6.682746,
     52.884113
    ]
   },
   "properties": {
    "file": "I-CAR-002.xml",
    "stone_key": "I-CAR-002",
    "ogham_id": "I-CAR-002",
    "title": "Tobar Phádraig | Patrickswell",
    "cisp": "PTWEL/1",
    "smr": "CW004-011----",
    "origplace_text": "Patrickswell (Tobar Phádraig) Co. Carlow Ireland 52.884113, -6.682746 ITM Coordinates: 688656, 682280",
    "pn_townland": "Patrickswell",
    "pn_county": "Co. Carlow",
    "pn_country": "Ireland",
    "pn_vernacular": "Tobar Phádraig (ga)",
    "geo_raw": "52.884113, -6.682746",
    "geo_status": "asserted",
    "grid_raw": "688656, 682280",
    "gazetteer_uris": "https://www.logainm.ie/en/3089",
    "uri": "http://data.ogham.link/crm/findspot_I_CAR_002"
   }
  },
  {
   "type": "Feature",
   "id": "I-CAR-003",
   "geometry": {
    "type": "Point",
    "coordinates": [
     -6.720159,
     52.784879
    ]
   },
   "properties": {
    "file": "I-CAR-003.xml",
    "stone_key": "I-CAR-003",
    "ogham_id": "I-CAR-003",
    "title": "An Ráth Ghlas | Rathglass",
    "ciic": "16",
    "cisp": "RGLAS/1",
    "smr": "CW013-018001-",
    "origplace_text": "Rathglass (An Ráth Ghlas) Co. Carlow Ireland 52.784879, -6.720159 ITM Coordinates: 686333, 671194",
    "pn_townland": "Rathglass",
    "pn_county": "Co. Carlow",
    "pn_country": "Ireland",
    "pn_vernacular": "An Ráth Ghlas (ga)",
    "geo_raw": "52.784879, -6.720159",
    "geo_status": "asserted",
    "grid_raw": "686333, 671194",
    "gazetteer_uris": "https://www.logainm.ie/en/3546",
    "uri": "http://data.ogham.link/crm/findspot_I_CAR_003"
   }
  },
  {
   "type": "Feature",
   "id": "I-CAR-004",
   "geometry": {
    "type": "Point",
    "coordinates": [
     -6.72916,
     52.84355
    ]
   },
   "properties": {
    "file": "I-CAR-004.xml",
    "stone_key": "I-CAR-004",
    "ogham_id": "I-CAR-004",
    "title": "Tuca Mín | Tuckamine",
    "ciic": "17",
    "cisp": "TMINE/1",
    "cisp_url": "https://www.ucl.ac.uk/archaeology/cisp/database/stone/TMINE/1.html",
    "tm": "172719",
    "smr": "CW003-023----",
    "repository": "National Museum of Ireland",
    "origplace_text": "Tuckamine (Tuca Mín) Co. Carlow Ireland 52.84355, -6.72916 Possible original location",
    "pn_townland": "Tuckamine",
    "pn_county": "Co. Carlow",
    "pn_country": "Ireland",
    "pn_vernacular": "Tuca Mín (ga)",
    "geo_raw": "52.84355, -6.72916",
    "geo_status": "asserted",
    "gazetteer_uris": "https://www.logainm.ie/en/23480",
    "uri": "http://data.ogham.link/crm/findspot_I_CAR_004"
   }
  },
  {
   "type": "Feature",
   "id": "I-CLA-003",
   "geometry": {
    "type": "Point",
    "coordinates": [
     -8.978509,
     52.840588
    ]
   },
   "properties": {
    "file": "I-CLA-003.xml",
    "stone_key": "I-CLA-003",
    "ogham_id": "I-CLA-003",
    "title": "Inis | Ennis bead",
    "ciic": "53",
    "repository": "British Museum",
    "origplace_text": "Ennis (Inis), Co. Clare, Ireland 52.840588, -8.978509 approximate location only",
    "pn_town": "Ennis",
    "pn_county": "Co. Clare",
    "pn_country": "Ireland",
    "pn_vernacular": "Inis (ga)",
    "geo_raw": "52.840588, -8.978509",
    "geo_status": "asserted",
    "gazetteer_uris": "https://www.logainm.ie/en/6104",
    "uri": "http://data.ogham.link/crm/findspot_I_CLA_003"
   }
  },
  {
   "type": "Feature",
   "id": "I-CLA-004",
   "geometry": {
    "type": "Point",
    "coordinates": [
     -8.439168,
     52.806278
    ]
   },
   "properties": {
    "file": "I-CLA-004.xml",
    "stone_key": "I-CLA-004",
    "ogham_id": "I-CLA-004",
    "title": "Cill Dalua | Killaloe",
    "ciic": "54",
    "cisp": "KLLOE/1",
    "cisp_url": "https://www.ucl.ac.uk/archaeology/cisp/database/stone/klloe_1.html",
    "smr": "CL045-033010-",
    "origplace_text": "Shantraud (An tSeantsráid), Killaloe (Cill Dalua), Co. Clare, Ireland 52.806278, -8.439168 ITM coordinates: 570383, 672893",
    "pn_townland": "Shantraud",
    "pn_civil_parish": "Killaloe",
    "pn_county": "Co. Clare",
    "pn_country": "Ireland",
    "pn_vernacular": "An tSeantsráid (ga) | Cill Dalua (ga)",
    "geo_raw": "52.806278, -8.439168",
    "geo_status": "asserted",
    "grid_raw": "570383, 672893",
    "gazetteer_uris": "https://www.logainm.ie/en/56262 | https://www.logainm.ie/en/438",
    "uri": "http://data.ogham.link/crm/findspot_I_CLA_004"
   }
  },
  {
   "type": "Feature",
   "id": "I-CLA-005",
   "geometry": {
    "type": "Point",
    "coordinates": [
     -9.517808,
     52.615481
    ]
   },
   "properties": {
    "file": "I-CLA-005.xml",
    "stone_key": "I-CLA-005",
    "ogham_id": "I-CLA-005",
    "title": "Inis Cathaigh | Scattery Island",
    "cisp": "SCATT/2",
    "cisp_url": "https://www.ucl.ac.uk/archaeology/cisp/database/stone/SCATT/2.html",
    "smr": "CL067-024016-",
    "origplace_text": "Scattery Island (Inis Cathaigh) Co. Clare Ireland 52.615481, -9.517808 ITM coordinates: 497218, 652664",
    "pn_townland": "Scattery Island",
    "pn_county": "Co. Clare",
    "pn_country": "Ireland",
    "pn_vernacular": "Inis Cathaigh (ga)",
    "geo_raw": "52.615481, -9.517808",
    "geo_status": "asserted",
    "grid_raw": "497218, 652664",
    "gazetteer_uris": "https://www.logainm.ie/en/7214",
    "uri": "http://data.ogham.link/crm/findspot_I_CLA_005"
   }
  },
  {
   "type": "Feature",
   "id": "I-COR-001",
   "geometry": {
    "type": "Point",
    "coordinates": [
     -9.30337,
     51.72827
    ]
   },
   "properties": {
    "file": "I-COR-001.xml",
    "stone_key": "I-COR-001",
    "ogham_id": "I-COR-001",
    "title": "An Com Liath Thoir | Coomleagh East",
    "ciic": "55",
    "cisp": "COOME/1",
    "cisp_url": "https://www.ucl.ac.uk/archaeology/cisp/database/stone/coome_1.html",
    "tm": "172523",
    "smr": "CO106-064----",
    "origplace_text": "Coomleagh East (An Com Liath Thoir), Co. Cork, Ireland 51.72827, -9.30337 ITM Coordinates: 509969, 553646",
    "pn_townland": "Coomleagh East",
    "pn_county": "Co. Cork",
    "pn_country": "Ireland",
    "pn_vernacular": "An Com Liath Thoir (ga)",
    "geo_raw": "51.72827, -9.30337",
    "geo_status": "asserted",
    "grid_raw": "509969, 553646",
    "gazetteer_uris": "https://www.logainm.ie/en/8558",
    "uri": "http://data.ogham.link/crm/findspot_I_COR_001"
   }
  },
  {
   "type": "Feature",
   "id": "I-COR-002",
   "geometry": {
    "type": "Point",
    "coordinates": [
     -8.597752,
     52.072146
    ]
   },
   "properties": {
    "file": "I-COR-002.xml",
    "stone_key": "I-COR-002",
    "ogham_id": "I-COR-002",
    "title": "Ráth an Tóiteáin | Burnfort",
    "ciic": "56",
    "cisp": "BURNF/1",
    "cisp_url": "https://www.ucl.ac.uk/archaeology/cisp/database/stone/burnf_1.html",
    "tm": "172484",
    "smr": "CO042-052003-",
    "origplace_text": "Burnfort (Ráth an Tóiteáin), Co. Cork, Ireland 52.072146, -8.597752 ITM Coordinates: 559024, 591294",
    "pn_townland": "Burnfort",
    "pn_county": "Co. Cork",
    "pn_country": "Ireland",
    "pn_vernacular": "Ráth an Tóiteáin (ga)",
    "geo_raw": "52.072146, -8.597752",
    "geo_status": "asserted",
    "grid_raw": "559024, 591294",
    "gazetteer_uris": "https://www.logainm.ie/ga/11662",
    "uri": "http://data.ogham.link/crm/findspot_I_COR_002"
   }
  },
  {
   "type": "Feature",
   "id": "I-COR-003",
   "geometry": {
    "type": "Point",
    "coordinates": [
     -8.606835,
     52.077602
    ]
   },
   "properties": {
    "file": "I-COR-003.xml",
    "stone_key": "I-COR-003",
    "ogham_id": "I-COR-003",
    "title": "Plácas | Greenhill 1",
    "ciic": "57",
    "cisp": "GRENL/1",
    "cisp_url": "https://www.ucl.ac.uk/archaeology/cisp/database/stone/grenl_1.html",
    "tm": "172586",
    "smr": "CO042-049002-",
    "origplace_text": "Greenhill (Plácas), Co. Cork Ireland 52.077602, -8.606835 ITM Coordinates: 558399, 591925",
    "pn_townland": "Greenhill",
    "pn_county": "Co. Cork",
    "pn_country": "Ireland",
    "pn_vernacular": "Plácas (ga)",
    "geo_raw": "52.077602, -8.606835",
    "geo_status": "asserted",
    "grid_raw": "558399, 591925",
    "gazetteer_uris": "https://www.logainm.ie/ga/11670",
    "uri": "http://data.ogham.link/crm/findspot_I_COR_003"
   }
  },
  {
   "type": "Feature",
   "id": "I-COR-004",
   "geometry": {
    "type": "Point",
    "coordinates": [
     -8.606918,
     52.078072
    ]
   },
   "properties": {
    "file": "I-COR-004.xml",
    "stone_key": "I-COR-004",
    "ogham_id": "I-COR-004",
    "title": "Plácas | Greenhill 2",
    "ciic": "58",
    "cisp": "GRENL/2",
    "cisp_url": "https://www.ucl.ac.uk/archaeology/cisp/database/stone/grenl_2.html",
    "tm": "172799",
    "smr": "CO042-049001-",
    "origplace_text": "Greenhill (Plácas), Co. Cork, Ireland 52.078072, -8.606918 ITM Coordinates: 558398, 591970",
    "pn_townland": "Greenhill",
    "pn_county": "Co. Cork",
    "pn_country": "Ireland",
    "pn_vernacular": "Plácas (ga)",
    "geo_raw": "52.078072, -8.606918",
    "geo_status": "asserted",
    "grid_raw": "558398, 591970",
    "gazetteer_uris": "https://www.logainm.ie/ga/11670",
    "uri": "http://data.ogham.link/crm/findspot_I_COR_004"
   }
  },
  {
   "type": "Feature",
   "id": "I-COR-005",
   "geometry": {
    "type": "Point",
    "coordinates": [
     -8.433359,
     52.000015
    ]
   },
   "properties": {
    "file": "I-COR-005.xml",
    "stone_key": "I-COR-005",
    "ogham_id": "I-COR-005",
    "title": "Baile na bPórtach | Ballynabortagh 1",
    "ciic": "59",
    "cisp": "BABOR/1",
    "cisp_url": "https://www.ucl.ac.uk/archaeology/cisp/database/stone/babor_1.html",
    "tm": "172464",
    "smr": "CO052-039001-",
    "origplace_text": "Ballynabortagh (Baile na bPórtach), Co. Cork, Ireland 52.000015, -8.433359 ITM Coordinates: 570245, 583199",
    "pn_townland": "Ballynabortagh",
    "pn_county": "Co. Cork",
    "pn_country": "Ireland",
    "pn_vernacular": "Baile na bPórtach (ga)",
    "geo_raw": "52.000015, -8.433359",
    "geo_status": "asserted",
    "grid_raw": "570245, 583199",
    "gazetteer_uris": "https://www.logainm.ie/ga/9511",
    "uri": "http://data.ogham.link/crm/findspot_I_COR_005"
   }
  },
  {
   "type": "Feature",
   "id": "I-COR-006",
   "geometry": {
    "type": "Point",
    "coordinates": [
     -8.43333,
     51.999763
    ]
   },
   "properties": {
    "file": "I-COR-006.xml",
    "stone_key": "I-COR-006",
    "ogham_id": "I-COR-006",
    "title": "Baile na bPórtach | Ballynabortagh 2",
    "ciic": "60",
    "cisp": "BABOR/2",
    "cisp_url": "https://www.ucl.ac.uk/archaeology/cisp/database/stone/babor_2.html",
    "smr": "CO052-053----",
    "origplace_text": "Ballynabortagh (Baile na bPórtach), Co. Cork, Ireland 51.999763, -8.433330 ITM Coordinates: 570245, 583170 (approximate only)",
    "pn_townland": "Ballynabortagh",
    "pn_county": "Co. Cork",
    "pn_country": "Ireland",
    "pn_vernacular": "Baile na bPórtach (ga)",
    "geo_raw": "51.999763, -8.433330",
    "geo_status": "asserted",
    "grid_raw": "570245, 583170 (approximate only)",
    "gazetteer_uris": "https://www.logainm.ie/ga/9511",
    "uri": "http://data.ogham.link/crm/findspot_I_COR_006"
   }
  },
  {
   "type": "Feature",
   "id": "I-COR-007",
   "geometry": {
    "type": "Point",
    "coordinates": [
     -8.433859,
     51.999912
    ]
   },
   "properties": {
    "file": "I-COR-007.xml",
    "stone_key": "I-COR-007",
    "ogham_id": "I-COR-007",
    "title": "Baile na bPórtach | Ballynabortagh 3",
    "smr": "CO052-061002-",
    "origplace_text": "Ballynabortagh (Baile na bPórtach), Co. Cork, Ireland 51.999912, -8.433859 ITM Coordinates: 570210, 583188",
    "pn_townland": "Ballynabortagh",
    "pn_county": "Co. Cork",
    "pn_country": "Ireland",
    "pn_vernacular": "Baile na bPórtach (ga)",
    "geo_raw": "51.999912, -8.433859",
    "geo_status": "asserted",
    "grid_raw": "570210, 583188",
    "gazetteer_uris": "https://www.logainm.ie/ga/9511",
    "uri": "http://data.ogham.link/crm/findspot_I_COR_007"
   }
  },
  {
   "type": "Feature",
   "id": "I-COR-008",
   "geometry": {
    "type": "Point",
    "coordinates": [
     -8.433859,
     51.999912
    ]
   },
   "properties": {
    "file": "I-COR-008.xml",
    "stone_key": "I-COR-008",
    "ogham_id": "I-COR-008",
    "title": "Baile na bPórtach | Ballynabortagh 4",
    "smr": "CO052-061003-",
    "origplace_text": "Ballynabortagh (Baile na bPórtach), Co. Cork, Ireland 51.999912, -8.433859 ITM Coordinates: 570210, 583188",
    "pn_townland": "Ballynabortagh",
    "pn_county": "Co. Cork",
    "pn_country": "Ireland",
    "pn_vernacular": "Baile na bPórtach (ga)",
    "geo_raw": "51.999912, -8.433859",
    "geo_status": "asserted",
    "grid_raw": "570210, 583188",
    "gazetteer_uris": "https://www.logainm.ie/ga/9511",
    "uri": "http://data.ogham.link/crm/findspot_I_COR_008"
   }
  },
  {
   "type": "Feature",
   "id": "I-COR-009",
   "geometry": {
    "type": "Point",
    "coordinates": [
     -8.358,
     52.004
    ]
   },
   "properties": {
    "file": "I-COR-009.xml",
    "stone_key": "I-COR-009",
    "ogham_id": "I-COR-009",
    "title": "Oileán an Easpaig | Bishop’s Island",
    "ciic": "61",
    "cisp": "BIISL/1",
    "cisp_url": "https://www.ucl.ac.uk/archaeology/cisp/database/stone/biisl_1.html",
    "smr": "CO053-072----",
    "repository": "University College Cork",
    "origplace_text": "Bishop’s Island (Oileán an Easpaig), Co. Cork, Ireland 52.004, -8.358 Approximate location",
    "pn_townland": "Bishop’s Island",
    "pn_county": "Co. Cork",
    "pn_country": "Ireland",
    "pn_vernacular": "Oileán an Easpaig (ga)",
    "geo_raw": "52.004, -8.358",
    "geo_cert": "low",
    "geo_status": "qualified",
    "gazetteer_uris": "https://www.logainm.ie/ga/10395",
    "uri": "http://data.ogham.link/crm/findspot_I_COR_009"
   }
  },
  {
   "type": "Feature",
   "id": "I-COR-010",
   "geometry": {
    "type": "Point",
    "coordinates": [
     -8.457148,
     51.980163
    ]
   },
   "properties": {
    "file": "I-COR-010.xml",
    "stone_key": "I-COR-010",
    "ogham_id": "I-COR-010",
    "title": "Dún Bolg | Dunbulloge",
    "ciic": "62",
    "cisp": "DNBUL/1",
    "cisp_url": "https://www.ucl.ac.uk/archaeology/cisp/database/stone/dnbul_1.html",
    "smr": "CO063-026----",
    "origplace_text": "Dunbulloge (Dún Bolg), Co. Cork Ireland 51.980163, -8.457148 ITM Coordinates: 568598, 581001",
    "pn_townland": "Dunbulloge",
    "pn_county": "Co. Cork",
    "pn_country": "Ireland",
    "pn_vernacular": "Dún Bolg (ga)",
    "geo_raw": "51.980163, -8.457148",
    "geo_status": "asserted",
    "grid_raw": "568598, 581001",
    "gazetteer_uris": "https://www.logainm.ie/ga/9514",
    "uri": "http://data.ogham.link/crm/findspot_I_COR_010"
   }
  },
  {
   "type": "Feature",
   "id": "I-COR-011",
   "geometry": {
    "type": "Point",
    "coordinates": [
     -8.179727,
     51.969371
    ]
   },
   "properties": {
    "file": "I-COR-011.xml",
    "stone_key": "I-COR-011",
    "ogham_id": "I-COR-011",
    "title": "Gleann an Mhuilinn | Glenawillin 1",
    "ciic": "63",
    "cisp": "GLEWI/1",
    "cisp_url": "https://www.ucl.ac.uk/archaeology/cisp/database/stone/glewi_1.html",
    "smr": "CO065-098----",
    "repository": "University College Cork",
    "origplace_text": "Glenawillin (Gleann an Mhuilinn), Co. Cork, Ireland 51.969371, -8.179727 ITM Coordinates: 587641, 579717",
    "pn_townland": "Glenawillin",
    "pn_county": "Co. Cork",
    "pn_country": "Ireland",
    "pn_vernacular": "Gleann an Mhuilinn (ga)",
    "geo_raw": "51.969371, -8.179727",
    "geo_status": "asserted",
    "grid_raw": "587641, 579717",
    "gazetteer_uris": "https://www.logainm.ie/ga/12562",
    "uri": "http://data.ogham.link/crm/findspot_I_COR_011"
   }
  },
  {
   "type": "Feature",
   "id": "I-COR-012",
   "geometry": {
    "type": "Point",
    "coordinates": [
     -8.179727,
     51.969371
    ]
   },
   "properties": {
    "file": "I-COR-012.xml",
    "stone_key": "I-COR-012",
    "ogham_id": "I-COR-012",
    "title": "Gleann an Mhuilinn | Glenawillin 2",
    "ciic": "64",
    "cisp": "GLEWI/2",
    "cisp_url": "https://www.ucl.ac.uk/archaeology/cisp/database/stone/glewi_2.html",
    "smr": "CO065-033----",
    "origplace_text": "Glenawillin (Gleann an Mhuilinn), Co. Cork, Ireland 51.969371, -8.179727 ITM Coordinates: 587934, 579450",
    "pn_townland": "Glenawillin",
    "pn_county": "Co. Cork",
    "pn_country": "Ireland",
    "pn_vernacular": "Gleann an Mhuilinn (ga)",
    "geo_raw": "51.969371, -8.179727",
    "geo_status": "asserted",
    "grid_raw": "587934, 579450",
    "gazetteer_uris": "https://www.logainm.ie/ga/12562",
    "uri": "http://data.ogham.link/crm/findspot_I_COR_012"
   }
  },
  {
   "type": "Feature",
   "id": "I-COR-013",
   "geometry": {
    "type": "Point",
    "coordinates": [
     -8.2519,
     52.0089
    ]
   },
   "properties": {
    "file": "I-COR-013.xml",
    "stone_key": "I-COR-013",
    "ogham_id": "I-COR-013",
    "title": "Ráth Ghobáin | Rathcobane",
    "ciic": "65",
    "cisp": "RACOB/1",
    "cisp_url": "https://www.ucl.ac.uk/archaeology/cisp/database/stone/racob_1.html",
    "smr": "CO054-067----",
    "origplace_text": "Rathcobane (Ráth Ghobáin), Co. Cork, Ireland 52.0089, -8.2519 ITM Coordinates: 582705, 584120",
    "pn_townland": "Rathcobane",
    "pn_county": "Co. Cork",
    "pn_country": "Ireland",
    "pn_vernacular": "Ráth Ghobáin (ga)",
    "geo_raw": "52.0089, -8.2519",
    "geo_status": "asserted",
    "grid_raw": "582705, 584120",
    "gazetteer_uris": "https://www.logainm.ie/ga/12537",
    "uri": "http://data.ogham.link/crm/findspot_I_COR_013"
   }
  },
  {
   "type": "Feature",
   "id": "I-COR-014",
   "geometry": {
    "type": "Point",
    "coordinates": [
     -9.944582,
     51.712874
    ]
   },
   "properties": {
    "file": "I-COR-014.xml",
    "stone_key": "I-COR-014",
    "ogham_id": "I-COR-014",
    "title": "Fánchoill agus Na Coillte | Faunkill and the Woods",
    "ciic": "66",
    "cisp": "FKWOO/1",
    "cisp_url": "https://www.ucl.ac.uk/archaeology/cisp/database/stone/fkwoo_1.html",
    "smr": "CO102-013----",
    "origplace_text": "Faunkill and the Woods (Fánchoill agus Na Coillte), Co. Cork, Ireland 51.712874, -9.944582 ITM Coordinates: 465690, 552974",
    "pn_townland": "Faunkill and the Woods",
    "pn_county": "Co. Cork",
    "pn_country": "Ireland",
    "pn_vernacular": "Fánchoill agus Na Coillte (ga)",
    "geo_raw": "51.712874, -9.944582",
    "geo_status": "asserted",
    "grid_raw": "465690, 552974",
    "gazetteer_uris": "https://www.logainm.ie/ga/8780",
    "uri": "http://data.ogham.link/crm/findspot_I_COR_014"
   }
  },
  {
   "type": "Feature",
   "id": "I-COR-015",
   "geometry": {
    "type": "Point",
    "coordinates": [
     -9.978493,
     51.634283
    ]
   },
   "properties": {
    "file": "I-COR-015.xml",
    "stone_key": "I-COR-015",
    "ogham_id": "I-COR-015",
    "title": "Gamhair | Gour",
    "ciic": "67",
    "cisp": "GOUR/1",
    "cisp_url": "https://www.ucl.ac.uk/archaeology/cisp/database/stone/gour_1.html",
    "smr": "CO127-006----",
    "origplace_text": "Gour (Gamhair), Co. Cork, Ireland 51.634283, -9.978493 ITM Coordinates: 463052, 544287",
    "pn_townland": "Gour",
    "pn_county": "Co. Cork",
    "pn_country": "Ireland",
    "pn_vernacular": "Gamhair (ga)",
    "geo_raw": "51.634283, -9.978493",
    "geo_status": "asserted",
    "grid_raw": "463052, 544287",
    "gazetteer_uris": "https://www.logainm.ie/ga/8815",
    "uri": "http://data.ogham.link/crm/findspot_I_COR_015"
   }
  },
  {
   "type": "Feature",
   "id": "I-COR-016",
   "geometry": {
    "type": "Point",
    "coordinates": [
     -9.71055,
     51.708247
    ]
   },
   "properties": {
    "file": "I-COR-016.xml",
    "stone_key": "I-COR-016",
    "ogham_id": "I-COR-016",
    "title": "Chill Cháscann | Kilcaskan",
    "ciic": "68",
    "cisp": "KLCAS/1",
    "cisp_url": "https://www.ucl.ac.uk/archaeology/cisp/database/stone/klcas_1.html",
    "smr": "SMR ID: CO103-003003-",
    "origplace_text": "Kilcaskan (Chill Cháscann), Co. Cork, Ireland 51.708247, -9.710550 ITM Coordinates: 481786, 552037",
    "pn_townland": "Kilcaskan",
    "pn_county": "Co. Cork",
    "pn_country": "Ireland",
    "pn_vernacular": "Chill Cháscann (ga)",
    "geo_raw": "51.708247, -9.710550",
    "geo_status": "asserted",
    "grid_raw": "481786, 552037",
    "gazetteer_uris": "https://www.logainm.ie/en/8679",
    "uri": "http://data.ogham.link/crm/findspot_I_COR_016"
   }
  },
  {
   "type": "Feature",
   "id": "I-COR-017",
   "geometry": {
    "type": "Point",
    "coordinates": [
     -8.84702,
     51.681206
    ]
   },
   "properties": {
    "file": "I-COR-017.xml",
    "stone_key": "I-COR-017",
    "ogham_id": "I-COR-017",
    "title": "Achadh Loiscthe | Ahalisky 1",
    "ciic": "69",
    "cisp": "AHLIS/1",
    "cisp_url": "https://www.ucl.ac.uk/archaeology/cisp/database/stone/ahlis_1.html",
    "smr": "CO122-049003-",
    "repository": "National Museum of Ireland",
    "origplace_text": "Ahalisky (Achadh Loiscthe), Co. Cork, Ireland 51.681206, -8.847020 ITM Coordinates: 541423, 547985",
    "pn_townland": "Ahalisky",
    "pn_county": "Co. Cork",
    "pn_country": "Ireland",
    "pn_vernacular": "Achadh Loiscthe (ga)",
    "geo_raw": "51.681206, -8.847020",
    "geo_status": "asserted",
    "grid_raw": "541423, 547985",
    "gazetteer_uris": "https://www.logainm.ie/ga/9071",
    "uri": "http://data.ogham.link/crm/findspot_I_COR_017"
   }
  },
  {
   "type": "Feature",
   "id": "I-COR-018",
   "geometry": {
    "type": "Point",
    "coordinates": [
     -8.84702,
     51.681206
    ]
   },
   "properties": {
    "file": "I-COR-018.xml",
    "stone_key": "I-COR-018",
    "ogham_id": "I-COR-018",
    "title": "Achadh Loiscthe | Ahalisky 2",
    "ciic": "70",
    "cisp": "AHLIS/2",
    "cisp_url": "https://www.ucl.ac.uk/archaeology/cisp/database/stone/ahlis_2.html",
    "smr": "CO122-049004-",
    "repository": "National Museum of Ireland",
    "origplace_text": "Ahalisky (Achadh Loiscthe), Co. Cork, Ireland 51.681206, -8.847020 ITM Coordinates: 541423, 547985",
    "pn_townland": "Ahalisky",
    "pn_county": "Co. Cork",
    "pn_country": "Ireland",
    "pn_vernacular": "Achadh Loiscthe (ga)",
    "geo_raw": "51.681206, -8.847020",
    "geo_status": "asserted",
    "grid_raw": "541423, 547985",
    "gazetteer_uris": "https://www.logainm.ie/ga/9071",
    "uri": "http://data.ogham.link/crm/findspot_I_COR_018"
   }
  },
  {
   "type": "Feature",
   "id": "I-COR-019",
   "geometry": {
    "type": "Point",
    "coordinates": [
     -8.84702,
     51.681206
    ]
   },
   "properties": {
    "file": "I-COR-019.xml",
    "stone_key": "I-COR-019",
    "ogham_id": "I-COR-019",
    "title": "Achadh Loiscthe | Ahalisky 3",
    "ciic": "71",
    "cisp": "AHLIS/3",
    "cisp_url": "https://www.ucl.ac.uk/archaeology/cisp/database/stone/ahlis_3.html",
    "smr": "CO122-049005-",
    "repository": "National Museum of Ireland",
    "origplace_text": "Ahalisky (Achadh Loiscthe), Co. Cork, Ireland 51.681206, -8.847020 ITM Coordinates: 541423, 547985",
    "pn_townland": "Ahalisky",
    "pn_county": "Co. Cork",
    "pn_country": "Ireland",
    "pn_vernacular": "Achadh Loiscthe (ga)",
    "geo_raw": "51.681206, -8.847020",
    "geo_status": "asserted",
    "grid_raw": "541423, 547985",
    "gazetteer_uris": "https://www.logainm.ie/ga/9071",
    "uri": "http://data.ogham.link/crm/findspot_I_COR_019"
   }
  },
  {
   "type": "Feature",
   "id": "I-COR-020",
   "geometry": {
    "type": "Point",
    "coordinates": [
     -9.09023,
     51.77003
    ]
   },
   "properties": {
    "file": "I-COR-020.xml",
    "stone_key": "I-COR-020",
    "ogham_id": "I-COR-020",
    "title": "Alltach | Aultagh",
    "ciic": "72",
    "cisp": "AUTAG/1",
    "cisp_url": "https://www.ucl.ac.uk/archaeology/cisp/database/stone/autag_1.html",
    "smr": "CO094-073----",
    "origplace_text": "Aultagh (Alltach), Co. Cork, Ireland 51.770030, -9.09023 ITM Coordinates (approximate): 524750, 558081",
    "pn_townland": "Aultagh",
    "pn_county": "Co. Cork",
    "pn_country": "Ireland",
    "pn_vernacular": "Alltach (ga)",
    "geo_raw": "51.770030, -9.09023",
    "geo_cert": "low",
    "geo_status": "qualified",
    "grid_raw": "524750, 558081",
    "gazetteer_uris": "https://www.logainm.ie/ga/9686",
    "uri": "http://data.ogham.link/crm/findspot_I_COR_020"
   }
  },
  {
   "type": "Feature",
   "id": "I-COR-021",
   "geometry": {
    "type": "Point",
    "coordinates": [
     -8.962643,
     51.690842
    ]
   },
   "properties": {
    "file": "I-COR-021.xml",
    "stone_key": "I-COR-021",
    "ogham_id": "I-COR-021",
    "title": "Ceathrú Bhaldair | Carhoovauler 1",
    "ciic": "73",
    "cisp": "CARHA/1",
    "cisp_url": "https://www.ucl.ac.uk/archaeology/cisp/database/stone/carha_1.html",
    "smr": "CO122-001003-",
    "origplace_text": "Carhoovauler (Ceathrú Bhaldair), Co. Cork, Ireland 51.690842, -8.962643 ITM Coordinates: 533446, 549155",
    "pn_townland": "Carhoovauler",
    "pn_county": "Co. Cork",
    "pn_country": "Ireland",
    "pn_vernacular": "Ceathrú Bhaldair (ga)",
    "geo_raw": "51.690842, -8.962643",
    "geo_status": "asserted",
    "grid_raw": "533446, 549155",
    "gazetteer_uris": "https://www.logainm.ie/ga/9111",
    "uri": "http://data.ogham.link/crm/findspot_I_COR_021"
   }
  },
  {
   "type": "Feature",
   "id": "I-COR-022",
   "geometry": {
    "type": "Point",
    "coordinates": [
     -8.962643,
     51.690842
    ]
   },
   "properties": {
    "file": "I-COR-022.xml",
    "stone_key": "I-COR-022",
    "ogham_id": "I-COR-022",
    "title": "Ceathrú Bhaldair | Carhoovauler 2",
    "ciic": "74",
    "cisp": "CARHA/2",
    "cisp_url": "https://www.ucl.ac.uk/archaeology/cisp/database/stone/carha_2.html",
    "smr": "CO122-001004-",
    "origplace_text": "Carhoovauler (Ceathrú Bhaldair), Co. Cork, Ireland 51.690842, -8.962643 ITM Coordinates: 533446, 549155",
    "pn_townland": "Carhoovauler",
    "pn_county": "Co. Cork",
    "pn_country": "Ireland",
    "pn_vernacular": "Ceathrú Bhaldair (ga)",
    "geo_raw": "51.690842, -8.962643",
    "geo_status": "asserted",
    "grid_raw": "533446, 549155",
    "gazetteer_uris": "https://www.logainm.ie/ga/9111",
    "uri": "http://data.ogham.link/crm/findspot_I_COR_022"
   }
  },
  {
   "type": "Feature",
   "id": "I-COR-023",
   "geometry": {
    "type": "Point",
    "coordinates": [
     -8.962643,
     51.690842
    ]
   },
   "properties": {
    "file": "I-COR-023.xml",
    "stone_key": "I-COR-023",
    "ogham_id": "I-COR-023",
    "title": "Ceathrú Bhaldair | Carhoovauler 3",
    "cisp": "CARHA/3",
    "cisp_url": "https://www.ucl.ac.uk/archaeology/cisp/database/stone/carha_3.html",
    "smr": "CO122-001005-",
    "origplace_text": "Carhoovauler (Ceathrú Bhaldair), Co. Cork, Ireland 51.690842, -8.962643 ITM Coordinates: 533446, 549155",
    "pn_townland": "Carhoovauler",
    "pn_county": "Co. Cork",
    "pn_country": "Ireland",
    "pn_vernacular": "Ceathrú Bhaldair (ga)",
    "geo_raw": "51.690842, -8.962643",
    "geo_status": "asserted",
    "grid_raw": "533446, 549155",
    "gazetteer_uris": "https://www.logainm.ie/ga/9111",
    "uri": "http://data.ogham.link/crm/findspot_I_COR_023"
   }
  },
  {
   "type": "Feature",
   "id": "I-COR-024",
   "geometry": {
    "type": "Point",
    "coordinates": [
     -9.177449,
     51.759532
    ]
   },
   "properties": {
    "file": "I-COR-024.xml",
    "stone_key": "I-COR-024",
    "ogham_id": "I-COR-024",
    "title": "Caoinráth | Keenrath",
    "ciic": "75",
    "cisp": "KEENH/1",
    "cisp_url": "https://www.ucl.ac.uk/archaeology/cisp/database/stone/keenh_1.html",
    "smr": "CO093-063----",
    "origplace_text": "Keenrath (Caoinráth), Co. Cork, Ireland 51.759532, -9.177449 ITM Coordinates: 518717, 557012",
    "pn_townland": "Keenrath",
    "pn_county": "Co. Cork",
    "pn_country": "Ireland",
    "pn_vernacular": "Caoinráth (ga)",
    "geo_raw": "51.759532, -9.177449",
    "geo_status": "asserted",
    "grid_raw": "518717, 557012",
    "gazetteer_uris": "https://www.logainm.ie/ga/9881",
    "uri": "http://data.ogham.link/crm/findspot_I_COR_024"
   }
  },
  {
   "type": "Feature",
   "id": "I-COR-025",
   "geometry": {
    "type": "Point",
    "coordinates": [
     -8.885746,
     51.644724
    ]
   },
   "properties": {
    "file": "I-COR-025.xml",
    "stone_key": "I-COR-025",
    "ogham_id": "I-COR-025",
    "title": "Teampall Brianaid Thuaidh | Templebryan North",
    "ciic": "76",
    "cisp": "TEMAN/1",
    "cisp_url": "https://www.ucl.ac.uk/archaeology/cisp/database/stone/teman_1.html",
    "smr": "CO122-075004-",
    "origplace_text": "Templebryan North (Teampall Brianaid Thuaidh), Co. Cork, Ireland 51.644724, -8.885746 ITM Coordinates: 538701, 543959",
    "pn_townland": "Templebryan North",
    "pn_county": "Co. Cork",
    "pn_country": "Ireland",
    "pn_vernacular": "Teampall Brianaid Thuaidh (ga)",
    "geo_raw": "51.644724, -8.885746",
    "geo_status": "asserted",
    "grid_raw": "538701, 543959",
    "gazetteer_uris": "https://www.logainm.ie/ga/8996",
    "uri": "http://data.ogham.link/crm/findspot_I_COR_025"
   }
  },
  {
   "type": "Feature",
   "id": "I-COR-026",
   "geometry": {
    "type": "Point",
    "coordinates": [
     -9.008003,
     51.578654
    ]
   },
   "properties": {
    "file": "I-COR-026.xml",
    "stone_key": "I-COR-026",
    "ogham_id": "I-COR-026",
    "title": "An Bhuirgéiseach | Burgatia",
    "ciic": "77",
    "cisp": "BURGA/1",
    "cisp_url": "https://www.ucl.ac.uk/archaeology/cisp/database/stone/burga_1.html",
    "smr": "CO143-100----",
    "origplace_text": "Burgatia (An Bhuirgéiseach), Co. Cork, Ireland 51.578654, -9.008003 ITM Coordinates: 530105, 536690",
    "pn_townland": "Burgatia",
    "pn_county": "Co. Cork",
    "pn_country": "Ireland",
    "pn_vernacular": "An Bhuirgéiseach (ga)",
    "geo_raw": "51.578654, -9.008003",
    "geo_status": "asserted",
    "grid_raw": "530105, 536690",
    "gazetteer_uris": "https://www.logainm.ie/ga/9138",
    "uri": "http://data.ogham.link/crm/findspot_I_COR_026"
   }
  },
  {
   "type": "Feature",
   "id": "I-COR-027",
   "geometry": {
    "type": "Point",
    "coordinates": [
     -8.815681,
     51.952526
    ]
   },
   "properties": {
    "file": "I-COR-027.xml",
    "stone_key": "I-COR-027",
    "ogham_id": "I-COR-027",
    "title": "Cúil an Fhéich | Coolineagh 3",
    "repository": "Pitt-Rivers Museum, Oxford",
    "origplace_text": "Coolineagh (Cúil an Fhéich), Co. Cork, Ireland 51.952526, -8.815681approximate only ITM Coordinates: 543865, 578136",
    "pn_townland": "Coolineagh",
    "pn_county": "Co. Cork",
    "pn_country": "Ireland",
    "geo_raw": "51.952526, -8.815681",
    "geo_status": "asserted",
    "grid_raw": "543865, 578136",
    "gazetteer_uris": "https://www.logainm.ie/ga/11342",
    "uri": "http://data.ogham.link/crm/findspot_I_COR_027"
   }
  },
  {
   "type": "Feature",
   "id": "I-COR-028",
   "geometry": {
    "type": "Point",
    "coordinates": [
     -8.07234,
     51.96797
    ]
   },
   "properties": {
    "file": "I-COR-028.xml",
    "stone_key": "I-COR-028",
    "ogham_id": "I-COR-028",
    "title": "Gleann an Phúca | Glenaphuca 1",
    "ciic": "79",
    "cisp": "RTHCA/1",
    "cisp_url": "https://www.ucl.ac.uk/archaeology/cisp/database/stone/rthca_1.html",
    "smr": "CO066-009----",
    "repository": "National Museum of Ireland",
    "origplace_text": "Glenaphuca (Gleann an Phúca), Co. Cork Ireland 51.96797, -8.07234 ITM Coordinates (approximate): 595063, 579538",
    "pn_townland": "Glenaphuca",
    "pn_county": "Co. Cork",
    "pn_country": "Ireland",
    "pn_vernacular": "Gleann an Phúca (ga)",
    "geo_raw": "51.96797, -8.07234",
    "geo_status": "asserted",
    "grid_raw": "595063, 579538",
    "gazetteer_uris": "https://www.logainm.ie/ga/12339",
    "uri": "http://data.ogham.link/crm/findspot_I_COR_028"
   }
  },
  {
   "type": "Feature",
   "id": "I-COR-029",
   "geometry": {
    "type": "Point",
    "coordinates": [
     -8.072345,
     51.967973
    ]
   },
   "properties": {
    "file": "I-COR-029.xml",
    "stone_key": "I-COR-029",
    "ogham_id": "I-COR-029",
    "title": "Gleann an Phúca | Glenaphuca 2",
    "ciic": "80",
    "cisp": "RTHCA/2",
    "cisp_url": "https://www.ucl.ac.uk/archaeology/cisp/database/stone/rthca_2.html",
    "smr": "CO066-053----",
    "repository": "National Museum of Ireland",
    "origplace_text": "Rathcanning (Ráth an Cheanainn), Glenaphuca (Gleann an Phúca), Co. Cork, Ireland 51.967973, -8.072345 ITM Coordinates: 594779, 579938",
    "pn_site": "Rathcanning (Ráth an Cheanainn)",
    "pn_townland": "Glenaphuca",
    "pn_county": "Co. Cork",
    "pn_country": "Ireland",
    "pn_vernacular": "Gleann an Phúca (ga)",
    "geo_raw": "51.967973, -8.072345",
    "geo_status": "asserted",
    "grid_raw": "594779, 579938",
    "gazetteer_uris": "https://www.logainm.ie/en/12340 | https://www.logainm.ie/ga/12339",
    "uri": "http://data.ogham.link/crm/findspot_I_COR_029"
   }
  },
  {
   "type": "Feature",
   "id": "I-COR-030",
   "geometry": {
    "type": "Point",
    "coordinates": [
     -8.765479,
     51.816848
    ]
   },
   "properties": {
    "file": "I-COR-030.xml",
    "stone_key": "I-COR-030",
    "ogham_id": "I-COR-030",
    "title": "An Garrán | Garranes",
    "ciic": "81",
    "cisp": "GARES/1",
    "cisp_url": "https://www.ucl.ac.uk/archaeology/cisp/database/stone/gares_1.html",
    "smr": "CO084-090003-",
    "repository": "University College Cork",
    "origplace_text": "Garranes (An Garrán), Co. Cork, Ireland 51.816848, -8.765479 ITM Coordinates: 547221, 563003",
    "pn_townland": "Garranes",
    "pn_county": "Co. Cork",
    "pn_country": "Ireland",
    "pn_vernacular": "An Garrán (ga)",
    "geo_raw": "51.816848, -8.765479",
    "geo_status": "asserted",
    "grid_raw": "547221, 563003",
    "gazetteer_uris": "https://www.logainm.ie/ga/8299",
    "uri": "http://data.ogham.link/crm/findspot_I_COR_030"
   }
  },
  {
   "type": "Feature",
   "id": "I-COR-031",
   "geometry": {
    "type": "Point",
    "coordinates": [
     -8.08237,
     52.03462
    ]
   },
   "properties": {
    "file": "I-COR-031.xml",
    "stone_key": "I-COR-031",
    "ogham_id": "I-COR-031",
    "title": "Baile an Chamhaicigh Thuaidh | Ballyknock North 1",
    "ciic": "82",
    "cisp": "BAKNK/1",
    "cisp_url": "https://www.ucl.ac.uk/archaeology/cisp/database/stone/baknk_1.html",
    "smr": "CO055-007002-",
    "origplace_text": "Ballyknock North (Baile an Chamhaicigh Thuaidh), Co. Cork Ireland 52.034620, -8.082370 ITM Coordinates: 594327, 586954",
    "pn_townland": "Ballyknock North",
    "pn_county": "Co. Cork",
    "pn_country": "Ireland",
    "pn_vernacular": "Baile an Chamhaicigh Thuaidh (ga)",
    "geo_raw": "52.034620, -8.082370",
    "geo_status": "asserted",
    "grid_raw": "594327, 586954",
    "gazetteer_uris": "https://www.logainm.ie/ga/9971",
    "uri": "http://data.ogham.link/crm/findspot_I_COR_031"
   }
  },
  {
   "type": "Feature",
   "id": "I-COR-032",
   "geometry": {
    "type": "Point",
    "coordinates": [
     -8.08237,
     52.03462
    ]
   },
   "properties": {
    "file": "I-COR-032.xml",
    "stone_key": "I-COR-032",
    "ogham_id": "I-COR-032",
    "title": "Baile an Chamhaicigh Thuaidh | Ballyknock North 2",
    "ciic": "83",
    "cisp": "BAKNK/2",
    "cisp_url": "https://www.ucl.ac.uk/archaeology/cisp/database/stone/baknk_2.html",
    "smr": "CO055-007005-",
    "repository": "University College Cork",
    "origplace_text": "Ballyknock North (Baile an Chamhaicigh Thuaidh), Co. Cork Ireland 52.034620, -8.082370 ITM Coordinates: 594327, 586954",
    "pn_townland": "Ballyknock North",
    "pn_county": "Co. Cork",
    "pn_country": "Ireland",
    "pn_vernacular": "Baile an Chamhaicigh Thuaidh (ga)",
    "geo_raw": "52.034620, -8.082370",
    "geo_status": "asserted",
    "grid_raw": "594327, 586954",
    "gazetteer_uris": "https://www.logainm.ie/ga/9971",
    "uri": "http://data.ogham.link/crm/findspot_I_COR_032"
   }
  },
  {
   "type": "Feature",
   "id": "I-COR-033",
   "geometry": {
    "type": "Point",
    "coordinates": [
     -8.08237,
     52.03462
    ]
   },
   "properties": {
    "file": "I-COR-033.xml",
    "stone_key": "I-COR-033",
    "ogham_id": "I-COR-033",
    "title": "Baile an Chamhaicigh Thuaidh | Ballyknock North 3",
    "ciic": "84",
    "cisp": "BAKNK/3",
    "cisp_url": "https://www.ucl.ac.uk/archaeology/cisp/database/stone/baknk_3.html",
    "smr": "CO055-007006-",
    "origplace_text": "Ballyknock North (Baile an Chamhaicigh Thuaidh), Co. Cork Ireland 52.034620, -8.082370 ITM Coordinates: 594327, 586954",
    "pn_townland": "Ballyknock North",
    "pn_county": "Co. Cork",
    "pn_country": "Ireland",
    "pn_vernacular": "Baile an Chamhaicigh Thuaidh (ga)",
    "geo_raw": "52.034620, -8.082370",
    "geo_status": "asserted",
    "grid_raw": "594327, 586954",
    "gazetteer_uris": "https://www.logainm.ie/ga/9971",
    "uri": "http://data.ogham.link/crm/findspot_I_COR_033"
   }
  },
  {
   "type": "Feature",
   "id": "I-COR-034",
   "geometry": {
    "type": "Point",
    "coordinates": [
     -8.08237,
     52.03462
    ]
   },
   "properties": {
    "file": "I-COR-034.xml",
    "stone_key": "I-COR-034",
    "ogham_id": "I-COR-034",
    "title": "Baile an Chamhaicigh Thuaidh | Ballyknock North 4",
    "ciic": "85",
    "cisp": "BAKNK/4",
    "cisp_url": "https://www.ucl.ac.uk/archaeology/cisp/database/stone/baknk_4.html",
    "smr": "CO055-007007-",
    "repository": "University College Cork",
    "origplace_text": "Ballyknock North (Baile an Chamhaicigh Thuaidh), Co. Cork Ireland 52.034620, -8.082370 ITM Coordinates: 594327, 586954",
    "pn_townland": "Ballyknock North",
    "pn_county": "Co. Cork",
    "pn_country": "Ireland",
    "pn_vernacular": "Baile an Chamhaicigh Thuaidh (ga)",
    "geo_raw": "52.034620, -8.082370",
    "geo_status": "asserted",
    "grid_raw": "594327, 586954",
    "gazetteer_uris": "https://www.logainm.ie/ga/9971",
    "uri": "http://data.ogham.link/crm/findspot_I_COR_034"
   }
  },
  {
   "type": "Feature",
   "id": "I-COR-035",
   "geometry": {
    "type": "Point",
    "coordinates": [
     -8.08237,
     52.03462
    ]
   },
   "properties": {
    "file": "I-COR-035.xml",
    "stone_key": "I-COR-035",
    "ogham_id": "I-COR-035",
    "title": "Baile an Chamhaicigh Thuaidh | Ballyknock North 5",
    "ciic": "86",
    "cisp": "BAKNK/5",
    "cisp_url": "https://www.ucl.ac.uk/archaeology/cisp/database/stone/baknk_5.html",
    "tm": "173055",
    "smr": "CO055-007008-",
    "repository": "University College Cork",
    "origplace_text": "Ballyknock North (Baile an Chamhaicigh Thuaidh), Co. Cork, Ireland 52.034620, -8.082370 ITM Coordinates: 594327, 586954",
    "pn_townland": "Ballyknock North",
    "pn_county": "Co. Cork",
    "pn_country": "Ireland",
    "pn_vernacular": "Baile an Chamhaicigh Thuaidh (ga)",
    "geo_raw": "52.034620, -8.082370",
    "geo_status": "asserted",
    "grid_raw": "594327, 586954",
    "gazetteer_uris": "https://www.logainm.ie/ga/9971",
    "uri": "http://data.ogham.link/crm/findspot_I_COR_035"
   }
  },
  {
   "type": "Feature",
   "id": "I-COR-036",
   "geometry": {
    "type": "Point",
    "coordinates": [
     -8.08237,
     52.03462
    ]
   },
   "properties": {
    "file": "I-COR-036.xml",
    "stone_key": "I-COR-036",
    "ogham_id": "I-COR-036",
    "title": "Baile an Chamhaicigh Thuaidh | Ballyknock North 6",
    "ciic": "87",
    "cisp": "BAKNK/6",
    "cisp_url": "https://www.ucl.ac.uk/archaeology/cisp/database/stone/baknk_6.html",
    "tm": "173056",
    "smr": "CO055-007009-",
    "repository": "University College Cork",
    "origplace_text": "Ballyknock North (Baile an Chamhaicigh Thuaidh), Co. Cork Ireland 52.034620, -8.082370 ITM Coordinates: 594327, 586954",
    "pn_townland": "Ballyknock North",
    "pn_county": "Co. Cork",
    "pn_country": "Ireland",
    "pn_vernacular": "Baile an Chamhaicigh Thuaidh (ga)",
    "geo_raw": "52.034620, -8.082370",
    "geo_status": "asserted",
    "grid_raw": "594327, 586954",
    "gazetteer_uris": "https://www.logainm.ie/ga/9971",
    "uri": "http://data.ogham.link/crm/findspot_I_COR_036"
   }
  },
  {
   "type": "Feature",
   "id": "I-COR-037",
   "geometry": {
    "type": "Point",
    "coordinates": [
     -8.08237,
     52.03462
    ]
   },
   "properties": {
    "file": "I-COR-037.xml",
    "stone_key": "I-COR-037",
    "ogham_id": "I-COR-037",
    "title": "Baile an Chamhaicigh Thuaidh | Ballyknock North 7",
    "ciic": "88",
    "cisp": "BAKNK/7",
    "cisp_url": "https://www.ucl.ac.uk/archaeology/cisp/database/stone/baknk_7.html",
    "tm": "173057",
    "smr": "CO055-007010-",
    "repository": "University College Cork",
    "origplace_text": "Ballyknock North (Baile an Chamhaicigh Thuaidh), Co. Cork, Ireland 52.034620, -8.082370 ITM Coordinates: 594327, 586954",
    "pn_townland": "Ballyknock North",
    "pn_county": "Co. Cork",
    "pn_country": "Ireland",
    "pn_vernacular": "Baile an Chamhaicigh Thuaidh (ga)",
    "geo_raw": "52.034620, -8.082370",
    "geo_status": "asserted",
    "grid_raw": "594327, 586954",
    "gazetteer_uris": "https://www.logainm.ie/ga/9971",
    "uri": "http://data.ogham.link/crm/findspot_I_COR_037"
   }
  },
  {
   "type": "Feature",
   "id": "I-COR-038",
   "geometry": {
    "type": "Point",
    "coordinates": [
     -8.08237,
     52.03462
    ]
   },
   "properties": {
    "file": "I-COR-038.xml",
    "stone_key": "I-COR-038",
    "ogham_id": "I-COR-038",
    "title": "Baile an Chamhaicigh Thuaidh | Ballyknock North 8",
    "ciic": "89",
    "cisp": "BAKNK/8",
    "cisp_url": "https://www.ucl.ac.uk/archaeology/cisp/database/stone/baknk_8.html",
    "smr": "CO055-007011-",
    "repository": "University College Cork",
    "origplace_text": "Ballyknock North (Baile an Chamhaicigh Thuaidh), Co. Cork, Ireland 52.034620, -8.082370 ITM Coordinates: 594327, 586954",
    "pn_townland": "Ballyknock North",
    "pn_county": "Co. Cork",
    "pn_country": "Ireland",
    "pn_vernacular": "Baile an Chamhaicigh Thuaidh (ga)",
    "geo_raw": "52.034620, -8.082370",
    "geo_status": "asserted",
    "grid_raw": "594327, 586954",
    "gazetteer_uris": "https://www.logainm.ie/ga/9971",
    "uri": "http://data.ogham.link/crm/findspot_I_COR_038"
   }
  },
  {
   "type": "Feature",
   "id": "I-COR-039",
   "geometry": {
    "type": "Point",
    "coordinates": [
     -8.08237,
     52.03462
    ]
   },
   "properties": {
    "file": "I-COR-039.xml",
    "stone_key": "I-COR-039",
    "ogham_id": "I-COR-039",
    "title": "Baile an Chamhaicigh Thuaidh | Ballyknock North 9",
    "ciic": "90",
    "cisp": "BAKNK/9",
    "cisp_url": "https://www.ucl.ac.uk/archaeology/cisp/database/stone/baknk_9.html",
    "smr": "CO055-007012-",
    "repository": "University College Cork",
    "origplace_text": "Ballyknock North (Baile an Chamhaicigh Thuaidh), Co. Cork Ireland 52.034620, -8.082370 ITM Coordinates: 594327, 586954",
    "pn_townland": "Ballyknock North",
    "pn_county": "Co. Cork",
    "pn_country": "Ireland",
    "pn_vernacular": "Baile an Chamhaicigh Thuaidh (ga)",
    "geo_raw": "52.034620, -8.082370",
    "geo_status": "asserted",
    "grid_raw": "594327, 586954",
    "gazetteer_uris": "https://www.logainm.ie/ga/9971",
    "uri": "http://data.ogham.link/crm/findspot_I_COR_039"
   }
  },
  {
   "type": "Feature",
   "id": "I-COR-040",
   "geometry": {
    "type": "Point",
    "coordinates": [
     -8.08237,
     52.03462
    ]
   },
   "properties": {
    "file": "I-COR-040.xml",
    "stone_key": "I-COR-040",
    "ogham_id": "I-COR-040",
    "title": "Baile an Chamhaicigh Thuaidh | Ballyknock North 10",
    "ciic": "91",
    "cisp": "BAKNK/10",
    "cisp_url": "https://www.ucl.ac.uk/archaeology/cisp/database/stone/baknk_10.html",
    "smr": "CO055-007013-",
    "origplace_text": "Ballyknock North (Baile an Chamhaicigh Thuaidh), Co. Cork Ireland 52.034620, -8.082370 ITM Coordinates: 594327, 586954",
    "pn_townland": "Ballyknock North",
    "pn_county": "Co. Cork",
    "pn_country": "Ireland",
    "pn_vernacular": "Baile an Chamhaicigh Thuaidh (ga)",
    "geo_raw": "52.034620, -8.082370",
    "geo_status": "asserted",
    "grid_raw": "594327, 586954",
    "gazetteer_uris": "https://www.logainm.ie/ga/9971",
    "uri": "http://data.ogham.link/crm/findspot_I_COR_040"
   }
  },
  {
   "type": "Feature",
   "id": "I-COR-041",
   "geometry": {
    "type": "Point",
    "coordinates": [
     -8.08237,
     52.03462
    ]
   },
   "properties": {
    "file": "I-COR-041.xml",
    "stone_key": "I-COR-041",
    "ogham_id": "I-COR-041",
    "title": "Baile an Chamhaicigh Thuaidh | Ballyknock North 11",
    "ciic": "92",
    "cisp": "BAKNK/11",
    "cisp_url": "https://www.ucl.ac.uk/archaeology/cisp/database/stone/baknk_11.html",
    "smr": "CO055-007014-",
    "repository": "University College Cork",
    "origplace_text": "Ballyknock North (Baile an Chamhaicigh Thuaidh), Co. Cork, Ireland 52.034620, -8.082370 ITM Coordinates: 594327, 586954",
    "pn_townland": "Ballyknock North",
    "pn_county": "Co. Cork",
    "pn_country": "Ireland",
    "pn_vernacular": "Baile an Chamhaicigh Thuaidh (ga)",
    "geo_raw": "52.034620, -8.082370",
    "geo_status": "asserted",
    "grid_raw": "594327, 586954",
    "gazetteer_uris": "https://www.logainm.ie/ga/9971",
    "uri": "http://data.ogham.link/crm/findspot_I_COR_041"
   }
  },
  {
   "type": "Feature",
   "id": "I-COR-042",
   "geometry": {
    "type": "Point",
    "coordinates": [
     -8.08237,
     52.03462
    ]
   },
   "properties": {
    "file": "I-COR-042.xml",
    "stone_key": "I-COR-042",
    "ogham_id": "I-COR-042",
    "title": "Baile an Chamhaicigh Thuaidh | Ballyknock North 12",
    "ciic": "93",
    "cisp": "BAKNK/12",
    "cisp_url": "https://www.ucl.ac.uk/archaeology/cisp/database/stone/baknk_12.html",
    "smr": "CO055-007015-",
    "repository": "University College Cork",
    "origplace_text": "Ballyknock North (Baile an Chamhaicigh Thuaidh), Co. Cork Ireland 52.034620, -8.082370 ITM Coordinates: 594327, 586954",
    "pn_townland": "Ballyknock North",
    "pn_county": "Co. Cork",
    "pn_country": "Ireland",
    "pn_vernacular": "Baile an Chamhaicigh Thuaidh (ga)",
    "geo_raw": "52.034620, -8.082370",
    "geo_status": "asserted",
    "grid_raw": "594327, 586954",
    "gazetteer_uris": "https://www.logainm.ie/ga/9971",
    "uri": "http://data.ogham.link/crm/findspot_I_COR_042"
   }
  },
  {
   "type": "Feature",
   "id": "I-COR-043",
   "geometry": {
    "type": "Point",
    "coordinates": [
     -8.08237,
     52.03462
    ]
   },
   "properties": {
    "file": "I-COR-043.xml",
    "stone_key": "I-COR-043",
    "ogham_id": "I-COR-043",
    "title": "Baile an Chamhaicigh Thuaidh | Ballyknock North 13",
    "ciic": "94",
    "cisp": "BAKNK/13",
    "cisp_url": "https://www.ucl.ac.uk/archaeology/cisp/database/stone/baknk_13.html",
    "smr": "CO055-007016-",
    "repository": "University College Cork",
    "origplace_text": "Ballyknock North (Baile an Chamhaicigh Thuaidh), Co. Cork Ireland 52.034620, -8.082370 ITM Coordinates: 594327, 586954",
    "pn_townland": "Ballyknock North",
    "pn_county": "Co. Cork",
    "pn_country": "Ireland",
    "pn_vernacular": "Baile an Chamhaicigh Thuaidh (ga)",
    "geo_raw": "52.034620, -8.082370",
    "geo_status": "asserted",
    "grid_raw": "594327, 586954",
    "gazetteer_uris": "https://www.logainm.ie/ga/9971",
    "uri": "http://data.ogham.link/crm/findspot_I_COR_043"
   }
  },
  {
   "type": "Feature",
   "id": "I-COR-044",
   "geometry": {
    "type": "Point",
    "coordinates": [
     -8.08237,
     52.03462
    ]
   },
   "properties": {
    "file": "I-COR-044.xml",
    "stone_key": "I-COR-044",
    "ogham_id": "I-COR-044",
    "title": "Baile an Chamhaicigh Thuaidh | Ballyknock North 14",
    "ciic": "95",
    "cisp": "BAKNK/14",
    "cisp_url": "https://www.ucl.ac.uk/archaeology/cisp/database/stone/baknk_14.html",
    "smr": "CO055-007017-",
    "repository": "University College Cork",
    "origplace_text": "Ballyknock North (Baile an Chamhaicigh Thuaidh), Co. Cork Ireland 52.034620, -8.082370 ITM Coordinates: 594327, 586954",
    "pn_townland": "Ballyknock North",
    "pn_county": "Co. Cork",
    "pn_country": "Ireland",
    "pn_vernacular": "Baile an Chamhaicigh Thuaidh (ga)",
    "geo_raw": "52.034620, -8.082370",
    "geo_status": "asserted",
    "grid_raw": "594327, 586954",
    "gazetteer_uris": "https://www.logainm.ie/ga/9971",
    "uri": "http://data.ogham.link/crm/findspot_I_COR_044"
   }
  },
  {
   "type": "Feature",
   "id": "I-COR-045",
   "geometry": {
    "type": "Point",
    "coordinates": [
     -8.08237,
     52.03462
    ]
   },
   "properties": {
    "file": "I-COR-045.xml",
    "stone_key": "I-COR-045",
    "ogham_id": "I-COR-045",
    "title": "Baile an Chamhaicigh Thuaidh | Ballyknock North 15",
    "ciic": "96",
    "cisp": "BAKNK/15",
    "cisp_url": "https://www.ucl.ac.uk/archaeology/cisp/database/stone/baknk_15.html",
    "smr": "CO055-007018-",
    "repository": "University College Cork",
    "origplace_text": "Ballyknock North (Baile an Chamhaicigh Thuaidh), Co. Cork Ireland 52.034620, -8.082370 ITM Coordinates: 594327, 586954",
    "pn_townland": "Ballyknock North",
    "pn_county": "Co. Cork",
    "pn_country": "Ireland",
    "pn_vernacular": "Baile an Chamhaicigh Thuaidh (ga)",
    "geo_raw": "52.034620, -8.082370",
    "geo_status": "asserted",
    "grid_raw": "594327, 586954",
    "gazetteer_uris": "https://www.logainm.ie/ga/9971",
    "uri": "http://data.ogham.link/crm/findspot_I_COR_045"
   }
  },
  {
   "type": "Feature",
   "id": "I-COR-046",
   "geometry": {
    "type": "Point",
    "coordinates": [
     -8.609832,
     51.831516
    ]
   },
   "properties": {
    "file": "I-COR-046.xml",
    "stone_key": "I-COR-046",
    "ogham_id": "I-COR-046",
    "title": "Baile Sheanc | Ballyhank 1",
    "ciic": "97",
    "cisp": "BAHAN/1",
    "cisp_url": "https://www.ucl.ac.uk/archaeology/cisp/database/stone/bahan_1.html",
    "smr": "CO085-067003-",
    "repository": "National Museum of Ireland",
    "origplace_text": "Ballyhank (Baile Sheanc), Co. Cork, Ireland 51.831516, -8.609832 ITM Coordinates: 557971, 564534",
    "pn_townland": "Ballyhank",
    "pn_county": "Co. Cork",
    "pn_country": "Ireland",
    "pn_vernacular": "Baile Sheanc (ga)",
    "geo_raw": "51.831516, -8.609832",
    "geo_status": "asserted",
    "grid_raw": "557971, 564534",
    "gazetteer_uris": "https://www.logainm.ie/ga/9212",
    "uri": "http://data.ogham.link/crm/findspot_I_COR_046"
   }
  },
  {
   "type": "Feature",
   "id": "I-COR-047",
   "geometry": {
    "type": "Point",
    "coordinates": [
     -8.609832,
     51.831516
    ]
   },
   "properties": {
    "file": "I-COR-047.xml",
    "stone_key": "I-COR-047",
    "ogham_id": "I-COR-047",
    "title": "Baile Sheanc | Ballyhank 2",
    "ciic": "98",
    "cisp": "BAHAN/2",
    "cisp_url": "https://www.ucl.ac.uk/archaeology/cisp/database/stone/bahan_2.html",
    "tm": "172921",
    "smr": "CO085-067004-",
    "repository": "National Museum of Ireland",
    "origplace_text": "Ballyhank (Baile Sheanc), Co. Cork, Ireland 51.831516, -8.609832 ITM Coordinates: 557971, 564534",
    "pn_townland": "Ballyhank",
    "pn_county": "Co. Cork",
    "pn_country": "Ireland",
    "pn_vernacular": "Baile Sheanc (ga)",
    "geo_raw": "51.831516, -8.609832",
    "geo_status": "asserted",
    "grid_raw": "557971, 564534",
    "gazetteer_uris": "https://www.logainm.ie/ga/9212",
    "uri": "http://data.ogham.link/crm/findspot_I_COR_047"
   }
  },
  {
   "type": "Feature",
   "id": "I-COR-048",
   "geometry": {
    "type": "Point",
    "coordinates": [
     -8.609832,
     51.831516
    ]
   },
   "properties": {
    "file": "I-COR-048.xml",
    "stone_key": "I-COR-048",
    "ogham_id": "I-COR-048",
    "title": "Baile Sheanc | Ballyhank 3",
    "ciic": "99",
    "cisp": "BAHAN/3",
    "cisp_url": "https://www.ucl.ac.uk/archaeology/cisp/database/stone/bahan_3.html",
    "smr": "CO085-067005-",
    "repository": "National Museum of Ireland",
    "origplace_text": "Ballyhank (Baile Sheanc), Co. Cork, Ireland 51.831516, -8.609832 ITM Coordinates: 557971, 564534",
    "pn_townland": "Ballyhank",
    "pn_county": "Co. Cork",
    "pn_country": "Ireland",
    "pn_vernacular": "Baile Sheanc (ga)",
    "geo_raw": "51.831516, -8.609832",
    "geo_status": "asserted",
    "grid_raw": "557971, 564534",
    "gazetteer_uris": "https://www.logainm.ie/ga/9212",
    "uri": "http://data.ogham.link/crm/findspot_I_COR_048"
   }
  },
  {
   "type": "Feature",
   "id": "I-COR-049",
   "geometry": {
    "type": "Point",
    "coordinates": [
     -8.609832,
     51.831516
    ]
   },
   "properties": {
    "file": "I-COR-049.xml",
    "stone_key": "I-COR-049",
    "ogham_id": "I-COR-049",
    "title": "Baile Sheanc | Ballyhank 4",
    "ciic": "100",
    "cisp": "BAHAN/4",
    "cisp_url": "https://www.ucl.ac.uk/archaeology/cisp/database/stone/bahan_4.html",
    "smr": "CO085-067006-",
    "repository": "National Museum of Ireland",
    "origplace_text": "Ballyhank (Baile Sheanc), Co. Cork, Ireland 51.831516, -8.609832 ITM Coordinates: 557971, 564534",
    "pn_townland": "Ballyhank",
    "pn_county": "Co. Cork",
    "pn_country": "Ireland",
    "pn_vernacular": "Baile Sheanc (ga)",
    "geo_raw": "51.831516, -8.609832",
    "geo_status": "asserted",
    "grid_raw": "557971, 564534",
    "gazetteer_uris": "https://www.logainm.ie/ga/9212",
    "uri": "http://data.ogham.link/crm/findspot_I_COR_049"
   }
  },
  {
   "type": "Feature",
   "id": "I-COR-050",
   "geometry": {
    "type": "Point",
    "coordinates": [
     -8.609832,
     51.831516
    ]
   },
   "properties": {
    "file": "I-COR-050.xml",
    "stone_key": "I-COR-050",
    "ogham_id": "I-COR-050",
    "title": "Baile Sheanc | Ballyhank 5",
    "ciic": "101",
    "cisp": "BAHAN/5",
    "cisp_url": "https://www.ucl.ac.uk/archaeology/cisp/database/stone/bahan_5.html",
    "smr": "CO085-067007-",
    "repository": "National Museum of Ireland",
    "origplace_text": "Ballyhank (Baile Sheanc), Co. Cork, Ireland 51.831516, -8.609832 ITM Coordinates: 557971, 564534",
    "pn_townland": "Ballyhank",
    "pn_county": "Co. Cork",
    "pn_country": "Ireland",
    "pn_vernacular": "Baile Sheanc (ga)",
    "geo_raw": "51.831516, -8.609832",
    "geo_status": "asserted",
    "grid_raw": "557971, 564534",
    "gazetteer_uris": "https://www.logainm.ie/ga/9212",
    "uri": "http://data.ogham.link/crm/findspot_I_COR_050"
   }
  },
  {
   "type": "Feature",
   "id": "I-COR-051",
   "geometry": {
    "type": "Point",
    "coordinates": [
     -8.609832,
     51.831516
    ]
   },
   "properties": {
    "file": "I-COR-051.xml",
    "stone_key": "I-COR-051",
    "ogham_id": "I-COR-051",
    "title": "Baile Sheanc | Ballyhank 6",
    "ciic": "102",
    "cisp": "BAHAN/6",
    "cisp_url": "https://www.ucl.ac.uk/archaeology/cisp/database/stone/bahan_6.html",
    "smr": "CO085-067008-",
    "repository": "National Museum of Ireland",
    "origplace_text": "Ballyhank (Baile Sheanc), Co. Cork, Ireland 51.831516, -8.609832 ITM Coordinates: 557971, 564534",
    "pn_townland": "Ballyhank",
    "pn_county": "Co. Cork",
    "pn_country": "Ireland",
    "pn_vernacular": "Baile Sheanc (ga)",
    "geo_raw": "51.831516, -8.609832",
    "geo_status": "asserted",
    "grid_raw": "557971, 564534",
    "gazetteer_uris": "https://www.logainm.ie/ga/9212",
    "uri": "http://data.ogham.link/crm/findspot_I_COR_051"
   }
  },
  {
   "type": "Feature",
   "id": "I-COR-052",
   "geometry": {
    "type": "Point",
    "coordinates": [
     -8.813893,
     51.999993
    ]
   },
   "properties": {
    "file": "I-COR-052.xml",
    "stone_key": "I-COR-052",
    "ogham_id": "I-COR-052",
    "title": "Barr an Chárthainn | Barrahaurin",
    "ciic": "103",
    "cisp": "BARHA/1",
    "cisp_url": "https://www.ucl.ac.uk/archaeology/cisp/database/stone/barha_1.html",
    "smr": "CO050-045003-",
    "repository": "University College Cork",
    "origplace_text": "Barrahaurin (Barr an Chárthainn) Co. Cork Ireland 51.999993, -8.813893 ITM Coordinates: 544112, 583414",
    "pn_townland": "Barrahaurin",
    "pn_county": "Co. Cork",
    "pn_country": "Ireland",
    "pn_vernacular": "Barr an Chárthainn (ga)",
    "geo_raw": "51.999993, -8.813893",
    "geo_status": "asserted",
    "grid_raw": "544112, 583414",
    "gazetteer_uris": "https://www.logainm.ie/ga/11454",
    "uri": "http://data.ogham.link/crm/findspot_I_COR_052"
   }
  },
  {
   "type": "Feature",
   "id": "I-COR-053",
   "geometry": {
    "type": "Point",
    "coordinates": [
     -8.815354,
     51.952236
    ]
   },
   "properties": {
    "file": "I-COR-053.xml",
    "stone_key": "I-COR-053",
    "ogham_id": "I-COR-053",
    "title": "Cúil an Fhéich | Coolineagh 1",
    "ciic": "104",
    "cisp": "COOGH/1",
    "cisp_url": "https://www.ucl.ac.uk/archaeology/cisp/database/stone/coogh_1.html",
    "smr": "CO061-080005-",
    "origplace_text": "Coolineagh (Cúil an Fhéich), Co. Cork Ireland 51.952236, -8.815354 ITM Coordinates: 543956, 578104",
    "pn_townland": "Coolineagh",
    "pn_county": "Co. Cork",
    "pn_country": "Ireland",
    "pn_vernacular": "Cúil an Fhéich (ga)",
    "geo_raw": "51.952236, -8.815354",
    "geo_status": "asserted",
    "grid_raw": "543956, 578104",
    "gazetteer_uris": "https://www.logainm.ie/ga/11342",
    "uri": "http://data.ogham.link/crm/findspot_I_COR_053"
   }
  },
  {
   "type": "Feature",
   "id": "I-COR-054",
   "geometry": {
    "type": "Point",
    "coordinates": [
     -8.81568,
     51.95252
    ]
   },
   "properties": {
    "file": "I-COR-054.xml",
    "stone_key": "I-COR-054",
    "ogham_id": "I-COR-054",
    "title": "Cúil an Fhéich | Coolineagh 2",
    "ciic": "105",
    "cisp": "COOGH/2",
    "cisp_url": "https://www.ucl.ac.uk/archaeology/cisp/database/stone/coogh_2.html",
    "smr": "CO061-080007-",
    "repository": "University College Cork",
    "origplace_text": "Coolineagh (Cúil an Fhéich), Co. Cork, Ireland 51.95252, -8.81568 ITM Coordinates (approximate): 543865, 578136",
    "pn_townland": "Coolineagh",
    "pn_county": "Co. Cork",
    "pn_country": "Ireland",
    "pn_vernacular": "Cúil an Fhéich (ga)",
    "geo_raw": "51.95252, -8.81568",
    "geo_status": "asserted",
    "grid_raw": "543865, 578136",
    "gazetteer_uris": "https://www.logainm.ie/ga/11342",
    "uri": "http://data.ogham.link/crm/findspot_I_COR_054"
   }
  },
  {
   "type": "Feature",
   "id": "I-COR-055",
   "geometry": {
    "type": "Point",
    "coordinates": [
     -8.88666,
     51.9387
    ]
   },
   "properties": {
    "file": "I-COR-055.xml",
    "stone_key": "I-COR-055",
    "ogham_id": "I-COR-055",
    "title": "Duílis | Deelish",
    "ciic": "106",
    "cisp": "DEELI/1",
    "cisp_url": "https://www.ucl.ac.uk/archaeology/cisp/database/stone/deeli_1.html",
    "smr": "CO060-172----",
    "repository": "British Museum",
    "origplace_text": "Deelish (Duílis), Co. Cork, Ireland 51.9387, -8.88666 Findspot uncertain",
    "pn_townland": "Deelish",
    "pn_county": "Co. Cork",
    "pn_country": "Ireland",
    "pn_vernacular": "Duílis (ga)",
    "geo_raw": "51.9387, -8.88666",
    "geo_status": "asserted",
    "gazetteer_uris": "https://www.logainm.ie/ga/11434",
    "uri": "http://data.ogham.link/crm/findspot_I_COR_055"
   }
  },
  {
   "type": "Feature",
   "id": "I-COR-056",
   "geometry": {
    "type": "Point",
    "coordinates": [
     -8.8671,
     51.9907
    ]
   },
   "properties": {
    "file": "I-COR-056.xml",
    "stone_key": "I-COR-056",
    "ogham_id": "I-COR-056",
    "title": "Gleann na gCloch Thuaidh | Glenaglogh",
    "ciic": "107",
    "cisp": "GLLOG/1",
    "cisp_url": "https://www.ucl.ac.uk/archaeology/cisp/database/stone/gllog_1.html",
    "smr": "CO060-190----",
    "repository": "University College Cork",
    "origplace_text": "Glenaglogh North (Gleann na gCloch Thuaidh), Co. Cork Ireland 51.9907, -8.8671 Approximate location only.",
    "pn_townland": "Glenaglogh North",
    "pn_county": "Co. Cork",
    "pn_country": "Ireland",
    "pn_vernacular": "Gleann na gCloch Thuaidh (ga)",
    "geo_raw": "51.9907, -8.8671",
    "geo_status": "asserted",
    "gazetteer_uris": "https://www.logainm.ie/en/11549",
    "uri": "http://data.ogham.link/crm/findspot_I_COR_056"
   }
  },
  {
   "type": "Feature",
   "id": "I-COR-057",
   "geometry": {
    "type": "Point",
    "coordinates": [
     -8.797595,
     51.981435
    ]
   },
   "properties": {
    "file": "I-COR-057.xml",
    "stone_key": "I-COR-057",
    "ogham_id": "I-COR-057",
    "title": "Cill Chuilinn Theas | Kilcullen South",
    "ciic": "108",
    "cisp": "KILTH/1",
    "cisp_url": "https://www.ucl.ac.uk/archaeology/cisp/database/stone/kilth_1.html",
    "smr": "CO061-187----",
    "origplace_text": "Kilcullen South (Cill Chuilinn Theas), Co. Cork, Ireland 51.981435, -8.797595 ITM Coordinates: 545217, 581342",
    "pn_townland": "Kilcullen South",
    "pn_county": "Co. Cork",
    "pn_country": "Ireland",
    "pn_vernacular": "Cill Chuilinn Theas (ga)",
    "geo_raw": "51.981435, -8.797595",
    "geo_status": "asserted",
    "grid_raw": "545217, 581342",
    "gazetteer_uris": "https://www.logainm.ie/ga/11458",
    "uri": "http://data.ogham.link/crm/findspot_I_COR_057"
   }
  },
  {
   "type": "Feature",
   "id": "I-COR-058",
   "geometry": {
    "type": "Point",
    "coordinates": [
     -8.79807,
     51.99226
    ]
   },
   "properties": {
    "file": "I-COR-058.xml",
    "stone_key": "I-COR-058",
    "ogham_id": "I-COR-058",
    "title": "Cill Martan Íochtarach | Kilmartin Lower",
    "ciic": "109",
    "cisp": "KLWER/1",
    "cisp_url": "https://www.ucl.ac.uk/archaeology/cisp/database/stone/klwer_1.html",
    "smr": "CO050-062003-",
    "origplace_text": "Kilmartin Lower (Cill Martan Íochtarach), Co. Cork, Ireland 51.99226, -8.79807 ITM Coordinates (approximate): 545194, 582543",
    "pn_townland": "Kilmartin Lower",
    "pn_county": "Co. Cork",
    "pn_country": "Ireland",
    "pn_vernacular": "Cill Martan Íochtarach (ga)",
    "geo_raw": "51.99226, -8.79807",
    "geo_status": "asserted",
    "grid_raw": "545194, 582543",
    "gazetteer_uris": "https://www.logainm.ie/ga/11460",
    "uri": "http://data.ogham.link/crm/findspot_I_COR_058"
   }
  },
  {
   "type": "Feature",
   "id": "I-COR-059",
   "geometry": {
    "type": "Point",
    "coordinates": [
     -8.84582,
     51.96999
    ]
   },
   "properties": {
    "file": "I-COR-059.xml",
    "stone_key": "I-COR-059",
    "ogham_id": "I-COR-059",
    "title": "An Cnoc Ramhar | Knockrour 1",
    "ciic": "110",
    "cisp": "KNOUR/1",
    "cisp_url": "https://www.ucl.ac.uk/archaeology/cisp/database/stone/knour_1.html",
    "smr": "CO060-187----",
    "origplace_text": "Knockrour/Oughtihery (An Cnoc Ramhar), Co. Cork, Ireland 51.96999, -8.84582 ITM coordinates (approximate): 541859, 580127",
    "pn_townland": "Knockrour/Oughtihery",
    "pn_county": "Co. Cork",
    "pn_country": "Ireland",
    "pn_vernacular": "An Cnoc Ramhar (ga)",
    "geo_raw": "51.96999, -8.84582",
    "geo_status": "asserted",
    "grid_raw": "541859, 580127",
    "gazetteer_uris": "https://www.logainm.ie/ga/11552",
    "uri": "http://data.ogham.link/crm/findspot_I_COR_059"
   }
  },
  {
   "type": "Feature",
   "id": "I-COR-060",
   "geometry": {
    "type": "Point",
    "coordinates": [
     -8.845821,
     51.969997
    ]
   },
   "properties": {
    "file": "I-COR-060.xml",
    "stone_key": "I-COR-060",
    "ogham_id": "I-COR-060",
    "title": "An Cnoc Ramhar | Knockrour 2",
    "ciic": "111",
    "cisp": "KNOUR/2",
    "cisp_url": "https://www.ucl.ac.uk/archaeology/cisp/database/stone/knour_2.html",
    "smr": "CO060-185----",
    "origplace_text": "Knockrour/Oughtihery (An Cnoc Ramhar), Co. Cork, Ireland 51.969997, -8.845821 ITM Coordinates: 541866, 580109",
    "pn_townland": "Knockrour/Oughtihery",
    "pn_county": "Co. Cork",
    "pn_country": "Ireland",
    "pn_vernacular": "An Cnoc Ramhar (ga)",
    "geo_raw": "51.969997, -8.845821",
    "geo_status": "asserted",
    "grid_raw": "541866, 580109",
    "gazetteer_uris": "https://www.logainm.ie/ga/11552",
    "uri": "http://data.ogham.link/crm/findspot_I_COR_060"
   }
  },
  {
   "type": "Feature",
   "id": "I-COR-061",
   "geometry": {
    "type": "Point",
    "coordinates": [
     -8.84582,
     51.96999
    ]
   },
   "properties": {
    "file": "I-COR-061.xml",
    "stone_key": "I-COR-061",
    "ogham_id": "I-COR-061",
    "title": "An Cnoc Ramhar | Knockrour 3",
    "smr": "CO060-188----",
    "repository": "Pitt-Rivers Museum, Oxford",
    "origplace_text": "Knockrour/Oughtihery (An Cnoc Ramhar), Co. Cork, Ireland 51.96999, -8.84582 ITM Coordinates (approximate): 541859, 580127",
    "pn_townland": "Knockrour/Oughtihery",
    "pn_county": "Co. Cork",
    "pn_country": "Ireland",
    "pn_vernacular": "An Cnoc Ramhar (ga)",
    "geo_raw": "51.96999, -8.84582",
    "geo_status": "asserted",
    "grid_raw": "541859, 580127",
    "gazetteer_uris": "https://www.logainm.ie/ga/11552",
    "uri": "http://data.ogham.link/crm/findspot_I_COR_061"
   }
  },
  {
   "type": "Feature",
   "id": "I-COR-062",
   "geometry": {
    "type": "Point",
    "coordinates": [
     -8.796211,
     51.872673
    ]
   },
   "properties": {
    "file": "I-COR-062.xml",
    "stone_key": "I-COR-062",
    "ogham_id": "I-COR-062",
    "title": "Cnoc Seanmhaí | Knockshanawee 1",
    "ciic": "112",
    "cisp": "KNWEE/1",
    "cisp_url": "https://www.ucl.ac.uk/archaeology/cisp/database/stone/knwee_1.html",
    "smr": "CO072-078003-",
    "repository": "University College Cork",
    "origplace_text": "Knockshanawee (Cnoc Seanmhaí), Co. Cork, Ireland 51.872673, -8.796211 ITM Coordinates: 545175, 569241",
    "pn_townland": "Knockshanawee",
    "pn_county": "Co. Cork",
    "pn_country": "Ireland",
    "pn_vernacular": "Cnoc Seanmhaí (ga)",
    "geo_raw": "51.872673, -8.796211",
    "geo_status": "asserted",
    "grid_raw": "545175, 569241",
    "gazetteer_uris": "https://www.logainm.ie/en/8237",
    "uri": "http://data.ogham.link/crm/findspot_I_COR_062"
   }
  },
  {
   "type": "Feature",
   "id": "I-COR-063",
   "geometry": {
    "type": "Point",
    "coordinates": [
     -8.796211,
     51.872673
    ]
   },
   "properties": {
    "file": "I-COR-063.xml",
    "stone_key": "I-COR-063",
    "ogham_id": "I-COR-063",
    "title": "Cnoc Seanmhaí | Knockshanawee 2",
    "ciic": "113",
    "cisp": "KNWEE/2",
    "cisp_url": "https://www.ucl.ac.uk/archaeology/cisp/database/stone/knwee_2.html",
    "smr": "CO072-078004-",
    "repository": "University College Cork",
    "origplace_text": "Knockshanawee (Cnoc Seanmhaí), Co. Cork, Ireland 51.872673, -8.796211 ITM Coordinates: 545175, 569241",
    "pn_townland": "Knockshanawee",
    "pn_county": "Co. Cork",
    "pn_country": "Ireland",
    "pn_vernacular": "Cnoc Seanmhaí (ga)",
    "geo_raw": "51.872673, -8.796211",
    "geo_status": "asserted",
    "grid_raw": "545175, 569241",
    "gazetteer_uris": "https://www.logainm.ie/en/8237",
    "uri": "http://data.ogham.link/crm/findspot_I_COR_063"
   }
  },
  {
   "type": "Feature",
   "id": "I-COR-064",
   "geometry": {
    "type": "Point",
    "coordinates": [
     -8.796211,
     51.872673
    ]
   },
   "properties": {
    "file": "I-COR-064.xml",
    "stone_key": "I-COR-064",
    "ogham_id": "I-COR-064",
    "title": "Cnoc Seanmhaí | Knockshanawee 3",
    "ciic": "114",
    "cisp": "KNWEE/3",
    "cisp_url": "https://www.ucl.ac.uk/archaeology/cisp/database/stone/knwee_3.html",
    "smr": "CO072-078005-",
    "repository": "University College Cork",
    "origplace_text": "Knockshanawee (Cnoc Seanmhaí), Co. Cork Ireland 51.872673, -8.796211 ITM Coordinates: 545175, 569241",
    "pn_townland": "Knockshanawee",
    "pn_county": "Co. Cork",
    "pn_country": "Ireland",
    "pn_vernacular": "Cnoc Seanmhaí (ga)",
    "geo_raw": "51.872673, -8.796211",
    "geo_status": "asserted",
    "grid_raw": "545175, 569241",
    "gazetteer_uris": "https://www.logainm.ie/en/8237",
    "uri": "http://data.ogham.link/crm/findspot_I_COR_064"
   }
  },
  {
   "type": "Feature",
   "id": "I-COR-065",
   "geometry": {
    "type": "Point",
    "coordinates": [
     -8.796211,
     51.872673
    ]
   },
   "properties": {
    "file": "I-COR-065.xml",
    "stone_key": "I-COR-065",
    "ogham_id": "I-COR-065",
    "title": "Cnoc Seanmhaí | Knockshanawee 4",
    "ciic": "115",
    "cisp": "KNWEE/4",
    "cisp_url": "https://www.ucl.ac.uk/archaeology/cisp/database/stone/knwee_4.html",
    "smr": "CO072-078006-",
    "repository": "University College Cork",
    "origplace_text": "Knockshanawee (Cnoc Seanmhaí), Co. Cork, Ireland 51.872673, -8.796211 ITM Coordinates: 545175, 569241",
    "pn_townland": "Knockshanawee",
    "pn_county": "Co. Cork",
    "pn_country": "Ireland",
    "pn_vernacular": "Cnoc Seanmhaí (ga)",
    "geo_raw": "51.872673, -8.796211",
    "geo_status": "asserted",
    "grid_raw": "545175, 569241",
    "gazetteer_uris": "https://www.logainm.ie/en/8237",
    "uri": "http://data.ogham.link/crm/findspot_I_COR_065"
   }
  },
  {
   "type": "Feature",
   "id": "I-COR-066",
   "geometry": {
    "type": "Point",
    "coordinates": [
     -8.796211,
     51.872673
    ]
   },
   "properties": {
    "file": "I-COR-066.xml",
    "stone_key": "I-COR-066",
    "ogham_id": "I-COR-066",
    "title": "Cnoc Seanmhaí | Knockshanawee 5",
    "ciic": "116",
    "cisp": "KNWEE/5",
    "cisp_url": "https://www.ucl.ac.uk/archaeology/cisp/database/stone/knwee_5.html",
    "smr": "CO072-078007-",
    "repository": "University College Cork",
    "origplace_text": "Knockshanawee (Cnoc Seanmhaí), Co. Cork, Ireland 51.872673, -8.796211 ITM Coordinates: 545175, 569241",
    "pn_townland": "Knockshanawee",
    "pn_county": "Co. Cork",
    "pn_country": "Ireland",
    "pn_vernacular": "Cnoc Seanmhaí (ga)",
    "geo_raw": "51.872673, -8.796211",
    "geo_status": "asserted",
    "grid_raw": "545175, 569241",
    "gazetteer_uris": "https://www.logainm.ie/en/8237",
    "uri": "http://data.ogham.link/crm/findspot_I_COR_066"
   }
  },
  {
   "type": "Feature",
   "id": "I-COR-067",
   "geometry": {
    "type": "Point",
    "coordinates": [
     -8.796211,
     51.872673
    ]
   },
   "properties": {
    "file": "I-COR-067.xml",
    "stone_key": "I-COR-067",
    "ogham_id": "I-COR-067",
    "title": "Cnoc Seanmhaí | Knockshanawee 6",
    "ciic": "117",
    "cisp": "KNWEE/6",
    "cisp_url": "https://www.ucl.ac.uk/archaeology/cisp/database/stone/knwee_6.html",
    "smr": "CO072-078008-",
    "repository": "University College Cork",
    "origplace_text": "Knockshanawee (Cnoc Seanmhaí), Co. Cork Ireland 51.872673, -8.796211 ITM Coordinates: 545175, 569241",
    "pn_townland": "Knockshanawee",
    "pn_county": "Co. Cork",
    "pn_country": "Ireland",
    "pn_vernacular": "Cnoc Seanmhaí (ga)",
    "geo_raw": "51.872673, -8.796211",
    "geo_status": "asserted",
    "grid_raw": "545175, 569241",
    "gazetteer_uris": "https://www.logainm.ie/en/8237",
    "uri": "http://data.ogham.link/crm/findspot_I_COR_067"
   }
  },
  {
   "type": "Feature",
   "id": "I-COR-068",
   "geometry": {
    "type": "Point",
    "coordinates": [
     -8.25959,
     51.90476
    ]
   },
   "properties": {
    "file": "I-COR-068.xml",
    "stone_key": "I-COR-068",
    "ogham_id": "I-COR-068",
    "title": "Caisleán Chúirt an Bharraigh | Barryscourt Castle",
    "smr": "SMR ID: CO075-018001-",
    "origplace_text": "Barryscourt (Cúirt an Bharraigh), Co. Cork, Ireland 51.90476, -8.25959 ITM Coordinates: 582156, 572523",
    "pn_townland": "Barryscourt",
    "pn_county": "Co. Cork",
    "pn_country": "Ireland",
    "pn_vernacular": "Cúirt an Bharraigh (ga)",
    "geo_raw": "51.90476, -8.25959",
    "geo_status": "asserted",
    "grid_raw": "582156, 572523",
    "gazetteer_uris": "https://www.logainm.ie/ga/12183",
    "uri": "http://data.ogham.link/crm/findspot_I_COR_068"
   }
  },
  {
   "type": "Feature",
   "id": "I-COR-069",
   "geometry": {
    "type": "Point",
    "coordinates": [
     -8.787796,
     51.976513
    ]
   },
   "properties": {
    "file": "I-COR-069.xml",
    "stone_key": "I-COR-069",
    "ogham_id": "I-COR-069",
    "title": "Móin an tSagairt | Monataggart 1",
    "ciic": "118",
    "cisp": "MONAT/1",
    "cisp_url": "https://www.ucl.ac.uk/archaeology/cisp/database/stone/monat_1.html",
    "smr": "SMR ID: CO061-022002-",
    "repository": "National Museum of Ireland",
    "origplace_text": "Monataggart (Móin an tSagairt), Co. Cork, Ireland 51.976513, -8.787796 ITM Coordinates: 545879, 580808",
    "pn_townland": "Monataggart",
    "pn_county": "Co. Cork",
    "pn_country": "Ireland",
    "pn_vernacular": "Móin an tSagairt (ga)",
    "geo_raw": "51.976513, -8.787796",
    "geo_status": "asserted",
    "grid_raw": "545879, 580808",
    "gazetteer_uris": "https://www.logainm.ie/ga/11463",
    "uri": "http://data.ogham.link/crm/findspot_I_COR_069"
   }
  },
  {
   "type": "Feature",
   "id": "I-COR-070",
   "geometry": {
    "type": "Point",
    "coordinates": [
     -8.787796,
     51.976513
    ]
   },
   "properties": {
    "file": "I-COR-070.xml",
    "stone_key": "I-COR-070",
    "ogham_id": "I-COR-070",
    "title": "Móin an tSagairt | Monataggart 2",
    "ciic": "119",
    "cisp": "MONAT/2",
    "cisp_url": "https://www.ucl.ac.uk/archaeology/cisp/database/stone/monat_2.html",
    "smr": "SMR ID: CO061-022003-",
    "repository": "National Museum of Ireland",
    "origplace_text": "Monataggart (Móin an tSagairt), Co. Cork, Ireland 51.976513, -8.787796 ITM Coordinates: 545879, 580808",
    "pn_townland": "Monataggart",
    "pn_county": "Co. Cork",
    "pn_country": "Ireland",
    "pn_vernacular": "Móin an tSagairt (ga)",
    "geo_raw": "51.976513, -8.787796",
    "geo_status": "asserted",
    "grid_raw": "545879, 580808",
    "gazetteer_uris": "https://www.logainm.ie/ga/11463",
    "uri": "http://data.ogham.link/crm/findspot_I_COR_070"
   }
  },
  {
   "type": "Feature",
   "id": "I-COR-071",
   "geometry": {
    "type": "Point",
    "coordinates": [
     -8.787796,
     51.976513
    ]
   },
   "properties": {
    "file": "I-COR-071.xml",
    "stone_key": "I-COR-071",
    "ogham_id": "I-COR-071",
    "title": "Móin an tSagairt | Monataggart 3",
    "ciic": "120",
    "cisp": "MONAT/3",
    "cisp_url": "https://www.ucl.ac.uk/archaeology/cisp/database/stone/monat_3.html",
    "smr": "SMR ID: CO061-022004-",
    "repository": "National Museum of Ireland",
    "origplace_text": "Monataggart (Móin an tSagairt), Co. Cork Ireland 51.976513, -8.787796 ITM Coordinates: 545879, 580808",
    "pn_townland": "Monataggart",
    "pn_county": "Co. Cork",
    "pn_country": "Ireland",
    "pn_vernacular": "Móin an tSagairt (ga)",
    "geo_raw": "51.976513, -8.787796",
    "geo_status": "asserted",
    "grid_raw": "545879, 580808",
    "gazetteer_uris": "https://www.logainm.ie/ga/11463",
    "uri": "http://data.ogham.link/crm/findspot_I_COR_071"
   }
  },
  {
   "type": "Feature",
   "id": "I-COR-072",
   "geometry": {
    "type": "Point",
    "coordinates": [
     -8.787796,
     51.976513
    ]
   },
   "properties": {
    "file": "I-COR-072.xml",
    "stone_key": "I-COR-072",
    "ogham_id": "I-COR-072",
    "title": "Móin an tSagairt | Monataggart 4",
    "ciic": "121",
    "cisp": "MONAT/4",
    "cisp_url": "https://www.ucl.ac.uk/archaeology/cisp/database/stone/monat_4.html",
    "smr": "SMR ID: CO061-022005-",
    "origplace_text": "Monataggart (Móin an tSagairt), Co. Cork, Ireland 51.976513, -8.787796 ITM Coordinates: 545879, 580808",
    "pn_townland": "Monataggart",
    "pn_county": "Co. Cork",
    "pn_country": "Ireland",
    "pn_vernacular": "Móin an tSagairt (ga)",
    "geo_raw": "51.976513, -8.787796",
    "geo_status": "asserted",
    "grid_raw": "545879, 580808",
    "gazetteer_uris": "https://www.logainm.ie/ga/11463",
    "uri": "http://data.ogham.link/crm/findspot_I_COR_072"
   }
  },
  {
   "type": "Feature",
   "id": "I-COR-073",
   "geometry": {
    "type": "Point",
    "coordinates": [
     -8.81211,
     51.957629
    ]
   },
   "properties": {
    "file": "I-COR-073.xml",
    "stone_key": "I-COR-073",
    "ogham_id": "I-COR-073",
    "title": "Cnoc idir Dhá Abhainn | Mountrivers 1",
    "ciic": "122",
    "cisp": "MNTRI/1",
    "cisp_url": "https://www.ucl.ac.uk/archaeology/cisp/database/stone/mntri_1.html",
    "smr": "SMR ID: CO061-079003-",
    "origplace_text": "Mountrivers (Cnoc idir Dhá Abhainn), Co. Cork, Ireland 51.957629, -8.812110 ITM Coordinates: 544176, 578708",
    "pn_townland": "Mountrivers",
    "pn_county": "Co. Cork",
    "pn_country": "Ireland",
    "pn_vernacular": "Cnoc idir Dhá Abhainn (ga)",
    "geo_raw": "51.957629, -8.812110",
    "geo_status": "asserted",
    "grid_raw": "544176, 578708",
    "gazetteer_uris": "https://www.logainm.ie/ga/11553",
    "uri": "http://data.ogham.link/crm/findspot_I_COR_073"
   }
  },
  {
   "type": "Feature",
   "id": "I-COR-074",
   "geometry": {
    "type": "Point",
    "coordinates": [
     -8.81211,
     51.957629
    ]
   },
   "properties": {
    "file": "I-COR-074.xml",
    "stone_key": "I-COR-074",
    "ogham_id": "I-COR-074",
    "title": "Cnoc idir Dhá Abhainn | Mountrivers 2",
    "ciic": "123",
    "cisp": "MNTRI/2",
    "cisp_url": "https://www.ucl.ac.uk/archaeology/cisp/database/stone/mntri_2.html",
    "smr": "SMR ID: CO061-079004-",
    "repository": "British Museum",
    "origplace_text": "Mountrivers (Cnoc idir Dhá Abhainn), Co. Cork, Ireland 51.957629, -8.812110 ITM Coordinates: 544176, 578708",
    "pn_townland": "Mountrivers",
    "pn_county": "Co. Cork",
    "pn_country": "Ireland",
    "pn_vernacular": "Cnoc idir Dhá Abhainn (ga)",
    "geo_raw": "51.957629, -8.812110",
    "geo_status": "asserted",
    "grid_raw": "544176, 578708",
    "gazetteer_uris": "https://www.logainm.ie/ga/11553",
    "uri": "http://data.ogham.link/crm/findspot_I_COR_074"
   }
  },
  {
   "type": "Feature",
   "id": "I-COR-076",
   "geometry": {
    "type": "Point",
    "coordinates": [
     -8.788478,
     51.88324
    ]
   },
   "properties": {
    "file": "I-COR-076.xml",
    "stone_key": "I-COR-076",
    "ogham_id": "I-COR-076",
    "title": "An Rú Mór | Rooves More 1",
    "ciic": "124",
    "cisp": "ROVMO/1",
    "cisp_url": "https://www.ucl.ac.uk/archaeology/cisp/database/stone/rovmo_1.html",
    "smr": "SMR ID: CO072-070003-",
    "repository": "British Museum",
    "origplace_text": "Rooves More (An Rú Mór), Co. Cork, Ireland 51.883240, -8.788478 ITM Coordinates: 545708, 570419",
    "pn_townland": "Rooves More",
    "pn_county": "Co. Cork",
    "pn_country": "Ireland",
    "pn_vernacular": "An Rú Mór (ga)",
    "geo_raw": "51.883240, -8.788478",
    "geo_status": "asserted",
    "grid_raw": "545708, 570419",
    "gazetteer_uris": "https://www.logainm.ie/ga/11243",
    "uri": "http://data.ogham.link/crm/findspot_I_COR_076"
   }
  },
  {
   "type": "Feature",
   "id": "I-COR-077",
   "geometry": {
    "type": "Point",
    "coordinates": [
     -8.788478,
     51.88324
    ]
   },
   "properties": {
    "file": "I-COR-077.xml",
    "stone_key": "I-COR-077",
    "ogham_id": "I-COR-077",
    "title": "An Rú Mór | Rooves More 2",
    "ciic": "125",
    "cisp": "ROVMO/2",
    "cisp_url": "https://www.ucl.ac.uk/archaeology/cisp/database/stone/rovmo_2.html",
    "smr": "SMR ID: CO072-070004-",
    "repository": "British Museum",
    "origplace_text": "Rooves More (An Rú Mór), Co. Cork, Ireland 51.883240, -8.788478 ITM Coordinates: 545708, 570419",
    "pn_townland": "Rooves More",
    "pn_county": "Co. Cork",
    "pn_country": "Ireland",
    "pn_vernacular": "An Rú Mór (ga)",
    "geo_raw": "51.883240, -8.788478",
    "geo_status": "asserted",
    "grid_raw": "545708, 570419",
    "gazetteer_uris": "https://www.logainm.ie/ga/11243",
    "uri": "http://data.ogham.link/crm/findspot_I_COR_077"
   }
  },
  {
   "type": "Feature",
   "id": "I-COR-078",
   "geometry": {
    "type": "Point",
    "coordinates": [
     -8.788478,
     51.88324
    ]
   },
   "properties": {
    "file": "I-COR-078.xml",
    "stone_key": "I-COR-078",
    "ogham_id": "I-COR-078",
    "title": "An Rú Mór | Rooves More 3",
    "ciic": "126",
    "cisp": "ROVMO/3",
    "cisp_url": "https://www.ucl.ac.uk/archaeology/cisp/database/stone/rovmo_3.html",
    "smr": "CO072-070002-",
    "repository": "British Museum",
    "origplace_text": "Rooves More (An Rú Mór), Co. Cork, Ireland 51.883240, -8.788478 ITM Coordinates: 545708, 570419",
    "pn_townland": "Rooves More",
    "pn_county": "Co. Cork",
    "pn_country": "Ireland",
    "pn_vernacular": "An Rú Mór (ga)",
    "geo_raw": "51.883240, -8.788478",
    "geo_status": "asserted",
    "grid_raw": "545708, 570419",
    "gazetteer_uris": "https://www.logainm.ie/ga/11243",
    "uri": "http://data.ogham.link/crm/findspot_I_COR_078"
   }
  },
  {
   "type": "Feature",
   "id": "I-COR-079",
   "geometry": {
    "type": "Point",
    "coordinates": [
     -8.758,
     51.947
    ]
   },
   "properties": {
    "file": "I-COR-079.xml",
    "stone_key": "I-COR-079",
    "ogham_id": "I-COR-079",
    "title": "An Tulaigh Mhór | Tullig More",
    "ciic": "127",
    "cisp": "TLGMO/1",
    "cisp_url": "https://www.ucl.ac.uk/archaeology/cisp/database/stone/tlgmo_1.html",
    "smr": "CO061-182----",
    "repository": "University College Cork",
    "origplace_text": "Tullig More (An Tulaigh Mhór), Co. Cork, Ireland 51.947, -8.758 Coordinates approximate to townland",
    "pn_townland": "Tullig More",
    "pn_county": "Co. Cork",
    "pn_country": "Ireland",
    "pn_vernacular": "An Tulaigh Mhór (ga)",
    "geo_raw": "51.947, -8.758",
    "geo_status": "asserted",
    "gazetteer_uris": "https://www.logainm.ie/ga/11538",
    "uri": "http://data.ogham.link/crm/findspot_I_COR_079"
   }
  },
  {
   "type": "Feature",
   "id": "I-COR-080",
   "geometry": {
    "type": "Point",
    "coordinates": [
     -8.909,
     52.015
    ]
   },
   "properties": {
    "file": "I-COR-080.xml",
    "stone_key": "I-COR-080",
    "ogham_id": "I-COR-080",
    "title": "Carraig an Ghiolla | Carrigagulla",
    "ciic": "128",
    "cisp": "CRGUL/1",
    "cisp_url": "https://www.ucl.ac.uk/archaeology/cisp/database/stone/crgul_1.html",
    "smr": "CO049-052----",
    "repository": "University College Cork",
    "origplace_text": "Carrigagulla (Carraig an Ghiolla), Co. Cork, Ireland 52.015, -8.909 Coordinates approximate to townland",
    "pn_townland": "Carrigagulla",
    "pn_county": "Co. Cork",
    "pn_country": "Ireland",
    "pn_vernacular": "Carraig an Ghiolla (ga)",
    "geo_raw": "52.015, -8.909",
    "geo_status": "asserted",
    "gazetteer_uris": "https://www.logainm.ie/ga/11451",
    "uri": "http://data.ogham.link/crm/findspot_I_COR_080"
   }
  },
  {
   "type": "Feature",
   "id": "I-COR-081",
   "geometry": {
    "type": "Point",
    "coordinates": [
     -9.02702,
     51.83908
    ]
   },
   "properties": {
    "file": "I-COR-081.xml",
    "stone_key": "I-COR-081",
    "ogham_id": "I-COR-081",
    "title": "An Chúil Dorcha | Cooldorragha",
    "ciic": "129",
    "cisp": "COOLH/1",
    "cisp_url": "https://www.ucl.ac.uk/archaeology/cisp/database/stone/coolh_1.html",
    "smr": "SMR ID: CO082-045002-",
    "origplace_text": "Cooldorragha (An Chúil Dorcha), Co. Cork, Ireland 51.83908, -9.02702 ITM Coordinates (approximate): 529224, 565704",
    "pn_townland": "Cooldorragha",
    "pn_county": "Co. Cork",
    "pn_country": "Ireland",
    "pn_vernacular": "An Chúil Dorcha (ga)",
    "geo_raw": "51.83908, -9.02702",
    "geo_status": "asserted",
    "grid_raw": "529224, 565704",
    "gazetteer_uris": "https://www.logainm.ie/ga/9939",
    "uri": "http://data.ogham.link/crm/findspot_I_COR_081"
   }
  },
  {
   "type": "Feature",
   "id": "I-COR-082",
   "geometry": {
    "type": "Point",
    "coordinates": [
     -8.935787,
     52.06919
    ]
   },
   "properties": {
    "file": "I-COR-082.xml",
    "stone_key": "I-COR-082",
    "ogham_id": "I-COR-082",
    "title": "Crionna Lua | Crinnaloo",
    "ciic": "130",
    "cisp": "CRNLO/1",
    "cisp_url": "https://www.ucl.ac.uk/archaeology/cisp/database/stone/crnlo_1.html",
    "smr": "SMR ID: CO040-053002-",
    "origplace_text": "Crinnaloo (Crionna Lua), Co. Cork, Ireland 52.069190, -8.935787 ITM Coordinates: 535846, 591206",
    "pn_townland": "Crinnaloo",
    "pn_county": "Co. Cork",
    "pn_country": "Ireland",
    "pn_vernacular": "Crionna Lua (ga)",
    "geo_raw": "52.069190, -8.935787",
    "geo_status": "asserted",
    "grid_raw": "535846, 591206",
    "gazetteer_uris": "https://www.logainm.ie/ga/1372141",
    "uri": "http://data.ogham.link/crm/findspot_I_COR_082"
   }
  },
  {
   "type": "Feature",
   "id": "I-COR-083",
   "geometry": {
    "type": "Point",
    "coordinates": [
     -9.15294,
     51.93525
    ]
   },
   "properties": {
    "file": "I-COR-083.xml",
    "stone_key": "I-COR-083",
    "ogham_id": "I-COR-083",
    "title": "An tSeanchluain | Shanacloon 1",
    "ciic": "131",
    "cisp": "GLEBE/1",
    "cisp_url": "https://www.ucl.ac.uk/archaeology/cisp/database/stone/glebe_1.html",
    "smr": "SMR ID: CO058-039001-",
    "origplace_text": "Shanacloon (An tSeanchluain), Co. Cork, Ireland 51.93525, -9.15294 ITM Coordinates (approximate): 520703, 576557",
    "pn_townland": "Shanacloon",
    "pn_county": "Co. Cork",
    "pn_country": "Ireland",
    "pn_vernacular": "An tSeanchluain (ga)",
    "geo_raw": "51.93525, -9.15294",
    "geo_status": "asserted",
    "grid_raw": "520703, 576557",
    "gazetteer_uris": "https://www.logainm.ie/ga/11382",
    "uri": "http://data.ogham.link/crm/findspot_I_COR_083"
   }
  },
  {
   "type": "Feature",
   "id": "I-COR-084",
   "geometry": {
    "type": "Point",
    "coordinates": [
     -9.15294,
     51.93525
    ]
   },
   "properties": {
    "file": "I-COR-084.xml",
    "stone_key": "I-COR-084",
    "ogham_id": "I-COR-084",
    "title": "An tSeanchluain | Shanacloon 2",
    "ciic": "132",
    "cisp": "GLEBE/2",
    "cisp_url": "https://www.ucl.ac.uk/archaeology/cisp/database/stone/glebe_2.html",
    "smr": "SMR ID: CO058-039006-",
    "origplace_text": "Shanacloon (An tSeanchluain), Co. Cork, Ireland 51.93525, -9.15294 ITM Coordinates (approximate): 520703, 576557",
    "pn_townland": "Shanacloon",
    "pn_county": "Co. Cork",
    "pn_country": "Ireland",
    "pn_vernacular": "An tSeanchluain (ga)",
    "geo_raw": "51.93525, -9.15294",
    "geo_status": "asserted",
    "grid_raw": "520703, 576557",
    "gazetteer_uris": "https://www.logainm.ie/ga/11382",
    "uri": "http://data.ogham.link/crm/findspot_I_COR_084"
   }
  },
  {
   "type": "Feature",
   "id": "I-COR-085",
   "geometry": {
    "type": "Point",
    "coordinates": [
     -9.15294,
     51.93525
    ]
   },
   "properties": {
    "file": "I-COR-085.xml",
    "stone_key": "I-COR-085",
    "ogham_id": "I-COR-085",
    "title": "An tSeanchluain | Shanacloon 3",
    "ciic": "133",
    "cisp": "GLEBE/3",
    "cisp_url": "https://www.ucl.ac.uk/archaeology/cisp/database/stone/glebe_3.html",
    "smr": "SMR ID: CO058-039005-",
    "origplace_text": "Shanacloon (An tSeanchluain), Co. Cork, Ireland 51.93525, -9.15294 ITM Coordinates (approximate): 520703, 576557",
    "pn_townland": "Shanacloon",
    "pn_county": "Co. Cork",
    "pn_country": "Ireland",
    "pn_vernacular": "An tSeanchluain (ga)",
    "geo_raw": "51.93525, -9.15294",
    "geo_status": "asserted",
    "grid_raw": "520703, 576557",
    "gazetteer_uris": "https://www.logainm.ie/ga/11382",
    "uri": "http://data.ogham.link/crm/findspot_I_COR_085"
   }
  },
  {
   "type": "Feature",
   "id": "I-COR-086",
   "geometry": {
    "type": "Point",
    "coordinates": [
     -9.2355,
     51.83004
    ]
   },
   "properties": {
    "file": "I-COR-086.xml",
    "stone_key": "I-COR-086",
    "ogham_id": "I-COR-086",
    "title": "Caolmhagh Mór | Kealvaugh More",
    "ciic": "134",
    "cisp": "KLVMO/1",
    "cisp_url": "https://www.ucl.ac.uk/archaeology/cisp/database/stone/klvmo_1.html",
    "smr": "SMR ID: CO081-018----",
    "origplace_text": "Kealvaugh More (Caolmhagh Mór), Co. Cork, Ireland 51.83004, -9.2355 ITM Coordinates: 514843, 564927",
    "pn_townland": "Kealvaugh More",
    "pn_county": "Co. Cork",
    "pn_country": "Ireland",
    "pn_vernacular": "Caolmhagh Mór (ga)",
    "geo_raw": "51.83004, -9.2355",
    "geo_status": "asserted",
    "grid_raw": "514843, 564927",
    "gazetteer_uris": "https://www.logainm.ie/ga/9754",
    "uri": "http://data.ogham.link/crm/findspot_I_COR_086"
   }
  },
  {
   "type": "Feature",
   "id": "I-COR-088",
   "geometry": {
    "type": "Point",
    "coordinates": [
     -9.111685,
     51.715236
    ]
   },
   "properties": {
    "file": "I-COR-088.xml",
    "stone_key": "I-COR-088",
    "ogham_id": "I-COR-088",
    "title": "Bun an Chnoic | Underhill 1",
    "smr": "SMR ID: CO107-060----",
    "repository": "National Museum of Ireland",
    "origplace_text": "Underhill (Bun an Chnoic), Co. Cork, Ireland 51.715236, -9.111685 ITM Coordinates: 523185, 552012",
    "pn_townland": "Underhill",
    "pn_county": "Co. Cork",
    "pn_country": "Ireland",
    "pn_vernacular": "Bun an Chnoic (ga)",
    "geo_raw": "51.715236, -9.111685",
    "geo_status": "asserted",
    "grid_raw": "523185, 552012",
    "gazetteer_uris": "https://www.logainm.ie/ga/9871",
    "uri": "http://data.ogham.link/crm/findspot_I_COR_088"
   }
  },
  {
   "type": "Feature",
   "id": "I-COR-089",
   "geometry": {
    "type": "Point",
    "coordinates": [
     -9.111685,
     51.715236
    ]
   },
   "properties": {
    "file": "I-COR-089.xml",
    "stone_key": "I-COR-089",
    "ogham_id": "I-COR-089",
    "title": "Bun an Chnoic | Underhill 2",
    "smr": "SMR ID: CO107-059----",
    "repository": "National Museum of Ireland",
    "origplace_text": "Underhill (Bun an Chnoic), Co. Cork Ireland 51.715236, -9.111685 ITM Coordinates: 523185, 552012",
    "pn_townland": "Underhill",
    "pn_county": "Co. Cork",
    "pn_country": "Ireland",
    "pn_vernacular": "Bun an Chnoic (ga)",
    "geo_raw": "51.715236, -9.111685",
    "geo_status": "asserted",
    "grid_raw": "523185, 552012",
    "gazetteer_uris": "https://www.logainm.ie/ga/9871",
    "uri": "http://data.ogham.link/crm/findspot_I_COR_089"
   }
  },
  {
   "type": "Feature",
   "id": "I-COR-090",
   "geometry": {
    "type": "Point",
    "coordinates": [
     -9.111685,
     51.715236
    ]
   },
   "properties": {
    "file": "I-COR-090.xml",
    "stone_key": "I-COR-090",
    "ogham_id": "I-COR-090",
    "title": "Bun an Chnoic | Underhill 3",
    "smr": "SMR ID: CO107-058----",
    "repository": "National Museum of Ireland",
    "origplace_text": "Underhill (Bun an Chnoic), Co. Cork, Ireland 51.715236, -9.111685 ITM Coordinates: 523185, 552012",
    "pn_townland": "Underhill",
    "pn_county": "Co. Cork",
    "pn_country": "Ireland",
    "pn_vernacular": "Bun an Chnoic (ga)",
    "geo_raw": "51.715236, -9.111685",
    "geo_status": "asserted",
    "grid_raw": "523185, 552012",
    "gazetteer_uris": "https://www.logainm.ie/ga/9871",
    "uri": "http://data.ogham.link/crm/findspot_I_COR_090"
   }
  },
  {
   "type": "Feature",
   "id": "I-COR-091",
   "geometry": {
    "type": "Point",
    "coordinates": [
     -9.045799,
     52.052268
    ]
   },
   "properties": {
    "file": "I-COR-091.xml",
    "stone_key": "I-COR-091",
    "ogham_id": "I-COR-091",
    "title": "Lios Catháin | Liscahane 1",
    "cisp": "LHANE/1",
    "cisp_url": "https://www.ucl.ac.uk/archaeology/cisp/database/stone/lhane_1.html",
    "smr": "SMR ID: CO039-062004-",
    "repository": "Millstreet Museum",
    "origplace_text": "Liscahane (Lios Catháin), Co. Cork, Ireland 52.052268, -9.045799 ITM Coordinates: 528271, 589435",
    "pn_townland": "Liscahane",
    "pn_county": "Co. Cork",
    "pn_country": "Ireland",
    "pn_vernacular": "Lios Catháin (ga)",
    "geo_raw": "52.052268, -9.045799",
    "geo_status": "asserted",
    "grid_raw": "528271, 589435",
    "gazetteer_uris": "https://www.logainm.ie/ga/12681",
    "uri": "http://data.ogham.link/crm/findspot_I_COR_091"
   }
  },
  {
   "type": "Feature",
   "id": "I-COR-092",
   "geometry": {
    "type": "Point",
    "coordinates": [
     -9.045799,
     52.052268
    ]
   },
   "properties": {
    "file": "I-COR-092.xml",
    "stone_key": "I-COR-092",
    "ogham_id": "I-COR-092",
    "title": "Lios Catháin | Liscahane 2",
    "cisp": "LHANE/2",
    "cisp_url": "https://www.ucl.ac.uk/archaeology/cisp/database/stone/lhane_2.html",
    "smr": "SMR ID: CO039-062005-",
    "repository": "Millstreet Museum",
    "origplace_text": "Liscahane (Lios Catháin), Co. Cork, Ireland 52.052268, -9.045799 ITM Coordinates: 528271, 589435",
    "pn_townland": "Liscahane",
    "pn_county": "Co. Cork",
    "pn_country": "Ireland",
    "pn_vernacular": "Lios Catháin (ga)",
    "geo_raw": "52.052268, -9.045799",
    "geo_status": "asserted",
    "grid_raw": "528271, 589435",
    "gazetteer_uris": "https://www.logainm.ie/ga/12681",
    "uri": "http://data.ogham.link/crm/findspot_I_COR_092"
   }
  },
  {
   "type": "Feature",
   "id": "I-COR-093",
   "geometry": {
    "type": "Point",
    "coordinates": [
     -8.699242,
     51.978115
    ]
   },
   "properties": {
    "file": "I-COR-093.xml",
    "stone_key": "I-COR-093",
    "ogham_id": "I-COR-093",
    "title": "Bun Coille | Bunkilla",
    "smr": "SMR ID: CO061-074----",
    "repository": "National Museum of Ireland",
    "origplace_text": "Bunkilla (Bun Coille), Co. Cork Ireland 51.978115, -8.699242 ITM Coordinates: 551963, 580904",
    "pn_townland": "Bunkilla",
    "pn_county": "Co. Cork",
    "pn_country": "Ireland",
    "pn_vernacular": "Bun Coille (ga)",
    "geo_raw": "51.978115, -8.699242",
    "geo_status": "asserted",
    "grid_raw": "551963, 580904",
    "gazetteer_uris": "https://www.logainm.ie/ga/11387",
    "uri": "http://data.ogham.link/crm/findspot_I_COR_093"
   }
  },
  {
   "type": "Feature",
   "id": "I-COR-094",
   "geometry": {
    "type": "Point",
    "coordinates": [
     -8.741727,
     51.995929
    ]
   },
   "properties": {
    "file": "I-COR-094.xml",
    "stone_key": "I-COR-094",
    "ogham_id": "I-COR-094",
    "title": "An Leaca Bhán | Lackabane",
    "smr": "SMR ID: CO050-100003-",
    "origplace_text": "Lackabane (An Leaca Bhán), Co. Cork, Ireland 51.995929, -8.741727 ITM Coordinates: 549065, 582921",
    "pn_townland": "Lackabane",
    "pn_county": "Co. Cork",
    "pn_country": "Ireland",
    "pn_vernacular": "An Leaca Bhán (ga)",
    "geo_raw": "51.995929, -8.741727",
    "geo_status": "asserted",
    "grid_raw": "549065, 582921",
    "gazetteer_uris": "https://www.logainm.ie/ga/11395",
    "uri": "http://data.ogham.link/crm/findspot_I_COR_094"
   }
  },
  {
   "type": "Feature",
   "id": "I-COR-095",
   "geometry": {
    "type": "Point",
    "coordinates": [
     -9.9272,
     51.7112
    ]
   },
   "properties": {
    "file": "I-COR-095.xml",
    "stone_key": "I-COR-095",
    "ogham_id": "I-COR-095",
    "title": "Na Barraí | Barrees",
    "smr": "SMR ID: CO102-037----",
    "origplace_text": "Barrees (Na Barraí), Co. Cork Ireland 51.7112, -9.9272 ITM Coordinates (approximate): 466822, 552748",
    "pn_townland": "Barrees",
    "pn_county": "Co. Cork",
    "pn_country": "Ireland",
    "pn_vernacular": "Na Barraí (ga)",
    "geo_raw": "51.7112, -9.9272",
    "geo_status": "asserted",
    "grid_raw": "466822, 552748",
    "gazetteer_uris": "https://www.logainm.ie/ga/8767",
    "uri": "http://data.ogham.link/crm/findspot_I_COR_095"
   }
  },
  {
   "type": "Feature",
   "id": "I-COR-096",
   "geometry": {
    "type": "Point",
    "coordinates": [
     -8.709778,
     51.681223
    ]
   },
   "properties": {
    "file": "I-COR-096.xml",
    "stone_key": "I-COR-096",
    "ogham_id": "I-COR-096",
    "title": "Gort na hEorna | Kilbrittain/Barleyfield",
    "smr": "SMR ID: CO123-081----",
    "origplace_text": "Barleyfield (Gort na hEorna), Co. Cork Ireland 51.681223, -8.709778",
    "pn_townland": "Barleyfield",
    "pn_county": "Co. Cork",
    "pn_country": "Ireland",
    "pn_vernacular": "Gort na hEorna (ga)",
    "geo_raw": "51.681223, -8.709778",
    "geo_status": "asserted",
    "gazetteer_uris": "https://www.logainm.ie/ga/8271",
    "uri": "http://data.ogham.link/crm/findspot_I_COR_096"
   }
  },
  {
   "type": "Feature",
   "id": "I-COR-097",
   "geometry": {
    "type": "Point",
    "coordinates": [
     -9.132629,
     51.79361
    ]
   },
   "properties": {
    "file": "I-COR-097.xml",
    "stone_key": "I-COR-097",
    "ogham_id": "I-COR-097",
    "title": "Crosdoire | Crushterra",
    "smr": "SMR ID: CO093-049----",
    "origplace_text": "Crushterra (Crosdoire), Co. Cork, Ireland 51.793610, -9.132629 ITM Coordinates: 521874, 560758",
    "pn_townland": "Crushterra",
    "pn_county": "Co. Cork",
    "pn_country": "Ireland",
    "pn_vernacular": "Crosdoire (ga)",
    "geo_raw": "51.793610, -9.132629",
    "geo_status": "asserted",
    "grid_raw": "521874, 560758",
    "gazetteer_uris": "https://www.logainm.ie/ga/9827",
    "uri": "http://data.ogham.link/crm/findspot_I_COR_097"
   }
  },
  {
   "type": "Feature",
   "id": "I-COR-L11",
   "geometry": {
    "type": "Point",
    "coordinates": [
     -8.53428,
     51.955391
    ]
   },
   "properties": {
    "file": "I-COR-L11.xml",
    "stone_key": "I-COR-L11",
    "ogham_id": "I-COR-L11",
    "title": "Cúil Eoghain | Coolowen",
    "ciic": "78",
    "cisp": "COOLN/1",
    "smr": "CO063-101----",
    "origplace_text": "Coolowen (Cúil Eoghain), Co. Cork, Ireland 51.955391, -8.534280 Precise location unknown",
    "pn_townland": "Coolowen",
    "pn_county": "Co. Cork",
    "pn_country": "Ireland",
    "pn_vernacular": "Cúil Eoghain (ga)",
    "geo_raw": "51.955391, -8.534280",
    "geo_status": "asserted",
    "gazetteer_uris": "https://www.logainm.ie/ga/9671",
    "uri": "http://data.ogham.link/crm/findspot_I_COR_L11"
   }
  },
  {
   "type": "Feature",
   "id": "I-COR-L13",
   "geometry": {
    "type": "Point",
    "coordinates": [
     -8.762792,
     51.99341
    ]
   },
   "properties": {
    "file": "I-COR-L13.xml",
    "stone_key": "I-COR-L13",
    "ogham_id": "I-COR-L13",
    "title": "Cnoc Uí Ruairc | Knockyrourke",
    "smr": "SMR ID: CO050-155----",
    "origplace_text": "Knockyrourke (Cnoc Uí Ruairc), Co. Cork Ireland 51.993410, -8.762792 Approximate",
    "pn_townland": "Knockyrourke",
    "pn_county": "Co. Cork",
    "pn_country": "Ireland",
    "pn_vernacular": "Cnoc Uí Ruairc (ga)",
    "geo_raw": "51.993410, -8.762792",
    "geo_status": "asserted",
    "gazetteer_uris": "https://www.logainm.ie/ga/11394",
    "uri": "http://data.ogham.link/crm/findspot_I_COR_L13"
   }
  },
  {
   "type": "Feature",
   "id": "I-DON-001",
   "geometry": {
    "type": "Point",
    "coordinates": [
     -7.56019,
     54.800162
    ]
   },
   "properties": {
    "file": "I-DON-001.xml",
    "stone_key": "I-DON-001",
    "ogham_id": "I-DON-001",
    "title": "An Machaire Riabhach | Magherareagh",
    "smr": "DG079-020----",
    "origplace_text": "Magherareagh (An Machaire Riabhach) Co. Donegal Ireland 54.800162, -7.560190 ITM Coordinates: 628279, 894793",
    "pn_townland": "Magherareagh",
    "pn_county": "Co. Donegal",
    "pn_country": "Ireland",
    "pn_vernacular": "An Machaire Riabhach (ga)",
    "geo_raw": "54.800162, -7.560190",
    "geo_status": "asserted",
    "grid_raw": "628279, 894793",
    "gazetteer_uris": "https://www.logainm.ie/en/16139",
    "uri": "http://data.ogham.link/crm/findspot_I_DON_001"
   }
  },
  {
   "type": "Feature",
   "id": "I-FER-001",
   "geometry": {
    "type": "Point",
    "coordinates": [
     -7.5217,
     54.3594
    ]
   },
   "properties": {
    "file": "I-FER-001.xml",
    "stone_key": "I-FER-001",
    "ogham_id": "I-FER-001",
    "title": "Mullach an Chnoic | Topped Mountain",
    "ciic": "315",
    "cisp": "TMOUN/1",
    "cisp_url": "https://www.ucl.ac.uk/archaeology/cisp/database/stone/TMOUN/1.html",
    "repository": "Ulster Museum, Belfast",
    "origplace_text": "Topped Mountain (also Toppid Mountain) or Mulluknock (Mullach an Chnoic) Co. Fermanagh Northern Ireland 54.3594, -7.5217 National Grid Ref (Carn): H3114045750",
    "pn_townland": "Topped Mountain (also Toppid Mountain)",
    "pn_county": "Co. Fermanagh",
    "pn_country": "Northern Ireland",
    "pn_vernacular": "Mullach an Chnoic (ga)",
    "geo_raw": "54.3594, -7.5217",
    "geo_status": "asserted",
    "gazetteer_uris": "https://www.logainm.ie/en/121032",
    "uri": "http://data.ogham.link/crm/findspot_I_FER_001"
   }
  },
  {
   "type": "Feature",
   "id": "I-FER-L01",
   "geometry": {
    "type": "Point",
    "coordinates": [
     -7.7184727,
     54.524002
    ]
   },
   "properties": {
    "file": "I-FER-L01.xml",
    "stone_key": "I-FER-L01",
    "ogham_id": "I-FER-L01",
    "title": "Drumnarullagh",
    "origplace_text": "Drumnarullagh Co. Fermanagh Northern Ireland 54.524002, -7.7184727 National Grid Ref: H1822864003",
    "pn_townland": "Drumnarullagh",
    "pn_county": "Co. Fermanagh",
    "pn_country": "Northern Ireland",
    "geo_raw": "54.524002, -7.7184727",
    "geo_status": "asserted",
    "uri": "http://data.ogham.link/crm/findspot_I_FER_L01"
   }
  },
  {
   "type": "Feature",
   "id": "I-FER-X01",
   "geometry": {
    "type": "Point",
    "coordinates": [
     -7.56255,
     54.38069
    ]
   },
   "properties": {
    "file": "I-FER-X01.xml",
    "stone_key": "I-FER-X01",
    "ogham_id": "I-FER-X01",
    "title": "Ballydoolagh",
    "repository": "National Museum of Ireland",
    "origplace_text": "Ballydoolaghh (Baile Dúlocha) Co. Fermanagh Northern Ireland 54.38069, -7.56255 National Grid Ref: H2849048170",
    "pn_townland": "Ballydoolaghh",
    "pn_county": "Co. Fermanagh",
    "pn_country": "Northern Ireland",
    "pn_vernacular": "Baile Dúlocha (ga)",
    "geo_raw": "54.38069, -7.56255",
    "geo_status": "asserted",
    "gazetteer_uris": "https://www.logainm.ie/en/61181",
    "uri": "http://data.ogham.link/crm/findspot_I_FER_X01"
   }
  },
  {
   "type": "Feature",
   "id": "I-KER-001",
   "geometry": {
    "type": "Point",
    "coordinates": [
     -9.78406,
     52.32876
    ]
   },
   "properties": {
    "file": "I-KER-001.xml",
    "stone_key": "I-KER-001",
    "ogham_id": "I-KER-001",
    "title": "Ard Fhearta | Ardfert 1",
    "ciic": "136",
    "cisp": "ARDFE/1",
    "cisp_url": "https://www.ucl.ac.uk/archaeology/cisp/database/stone/ARDFE/1.html",
    "tm": "www.trismegistos.org/text/172439",
    "smr": "KE020-046029-",
    "origplace_text": "Ardfert (Ard Fhearta) Co. Kerry Ireland 52.32876, -9.78406 approximate",
    "pn_townland": "Ardfert",
    "pn_county": "Co. Kerry",
    "pn_country": "Ireland",
    "pn_vernacular": "Ard Fhearta (ga)",
    "geo_raw": "52.32876, -9.78406",
    "geo_status": "asserted",
    "gazetteer_uris": "https://www.logainm.ie/en/1411932",
    "uri": "http://data.ogham.link/crm/findspot_I_KER_001"
   }
  },
  {
   "type": "Feature",
   "id": "I-KER-002",
   "geometry": {
    "type": "Point",
    "coordinates": [
     -9.782728,
     52.328817
    ]
   },
   "properties": {
    "file": "I-KER-002.xml",
    "stone_key": "I-KER-002",
    "ogham_id": "I-KER-002",
    "title": "Ard Fhearta | Ardfert 2",
    "cisp_url": "https://www.ucl.ac.uk/archaeology/cisp/database/stone/.html",
    "smr": "KE020-046030-",
    "origplace_text": "Ardfert (Ard Fhearta) Co. Kerry Ireland 52.328817, -9.782728 ITM coordinates: 478493, 621188",
    "pn_townland": "Ardfert",
    "pn_county": "Co. Kerry",
    "pn_country": "Ireland",
    "pn_vernacular": "Ard Fhearta (ga)",
    "geo_raw": "52.328817, -9.782728",
    "geo_status": "asserted",
    "grid_raw": "478493, 621188",
    "gazetteer_uris": "https://www.logainm.ie/en/1411932",
    "uri": "http://data.ogham.link/crm/findspot_I_KER_002"
   }
  },
  {
   "type": "Feature",
   "id": "I-KER-003",
   "geometry": {
    "type": "Point",
    "coordinates": [
     -9.38419,
     52.3715
    ]
   },
   "properties": {
    "file": "I-KER-003.xml",
    "stone_key": "I-KER-003",
    "ogham_id": "I-KER-003",
    "title": "An Deirc | Derk",
    "cisp_url": "https://www.ucl.ac.uk/archaeology/cisp/database/stone/.html",
    "smr": "KE017-022----",
    "repository": "National Museum of Ireland",
    "origplace_text": "Derk (An Deirc) Co. Kerry Ireland 52.37150, -9.38419 Approximate only",
    "pn_townland": "Derk",
    "pn_county": "Co. Kerry",
    "pn_country": "Ireland",
    "pn_vernacular": "An Deirc (ga)",
    "geo_raw": "52.37150, -9.38419",
    "geo_status": "asserted",
    "gazetteer_uris": "https://www.logainm.ie/en/24130",
    "uri": "http://data.ogham.link/crm/findspot_I_KER_003"
   }
  },
  {
   "type": "Feature",
   "id": "I-KER-004",
   "geometry": {
    "type": "Point",
    "coordinates": [
     -9.726907,
     52.365209
    ]
   },
   "properties": {
    "file": "I-KER-004.xml",
    "stone_key": "I-KER-004",
    "ogham_id": "I-KER-004",
    "title": "Clochán Ruairc | Fortwilliam",
    "ciic": "137",
    "cisp": "FORTW/1",
    "cisp_url": "https://www.ucl.ac.uk/archaeology/cisp/database/stone/FORTW/1.html",
    "tm": "www.trismegistos.org/text/172566",
    "smr": "KE021-138----",
    "repository": "Trinity College Dublin",
    "origplace_text": "Fortwilliam (Clochán Ruairc) Co. Kerry Ireland 52.365209, -9.726907 ITM coordinates: 482393, 625144 (probable)",
    "pn_townland": "Fortwilliam",
    "pn_county": "Co. Kerry",
    "pn_country": "Ireland",
    "pn_vernacular": "Clochán Ruairc (ga)",
    "geo_raw": "52.365209, -9.726907",
    "geo_status": "asserted",
    "grid_raw": "482393, 625144 (probable)",
    "gazetteer_uris": "https://www.logainm.ie/en/24261",
    "uri": "http://data.ogham.link/crm/findspot_I_KER_004"
   }
  },
  {
   "type": "Feature",
   "id": "I-KER-005",
   "geometry": {
    "type": "Point",
    "coordinates": [
     -10.173865,
     52.131899
    ]
   },
   "properties": {
    "file": "I-KER-005.xml",
    "stone_key": "I-KER-005",
    "ogham_id": "I-KER-005",
    "title": "Áth an Charbaill | Aghacarrible 1",
    "ciic": "138",
    "cisp": "AGHIB/1",
    "cisp_url": "https://www.ucl.ac.uk/archaeology/cisp/database/stone/AGHIB/1.html",
    "tm": "www.trismegistos.org/text/172431",
    "smr": "KE054-006004-",
    "origplace_text": "Aghacarrible (Áth an Charbaill) Co. Kerry Ireland 52.131899, -10.173865 ITM coordinates: 451179, 600006",
    "pn_townland": "Aghacarrible",
    "pn_county": "Co. Kerry",
    "pn_country": "Ireland",
    "pn_vernacular": "Áth an Charbaill (ga)",
    "geo_raw": "52.131899, -10.173865",
    "geo_status": "asserted",
    "grid_raw": "451179, 600006",
    "gazetteer_uris": "https://www.logainm.ie/en/22713",
    "uri": "http://data.ogham.link/crm/findspot_I_KER_005"
   }
  },
  {
   "type": "Feature",
   "id": "I-KER-006",
   "geometry": {
    "type": "Point",
    "coordinates": [
     -10.173865,
     52.131899
    ]
   },
   "properties": {
    "file": "I-KER-006.xml",
    "stone_key": "I-KER-006",
    "ogham_id": "I-KER-006",
    "title": "Áth an Charbaill | Aghacarrible 2",
    "ciic": "139",
    "cisp": "AGHIB/2",
    "cisp_url": "https://www.ucl.ac.uk/archaeology/cisp/database/stone/AGHIB/2.html",
    "tm": "www.trismegistos.org/text/172834",
    "smr": "KE054-006002-",
    "origplace_text": "Aghacarrible (Áth an Charbaill) Co. Kerry Ireland 52.131899, -10.173865 ITM coordinates: 451179, 600006",
    "pn_townland": "Aghacarrible",
    "pn_county": "Co. Kerry",
    "pn_country": "Ireland",
    "pn_vernacular": "Áth an Charbaill (ga)",
    "geo_raw": "52.131899, -10.173865",
    "geo_status": "asserted",
    "grid_raw": "451179, 600006",
    "gazetteer_uris": "https://www.logainm.ie/en/22713",
    "uri": "http://data.ogham.link/crm/findspot_I_KER_006"
   }
  },
  {
   "type": "Feature",
   "id": "I-KER-007",
   "geometry": {
    "type": "Point",
    "coordinates": [
     -10.173865,
     52.131899
    ]
   },
   "properties": {
    "file": "I-KER-007.xml",
    "stone_key": "I-KER-007",
    "ogham_id": "I-KER-007",
    "title": "Áth an Charbaill | Aghacarrible 3",
    "ciic": "140",
    "cisp": "AGHIB/3",
    "cisp_url": "https://www.ucl.ac.uk/archaeology/cisp/database/stone/AGHIB/3.html",
    "tm": "www.trismegistos.org/text/172861",
    "smr": "KE054-006005-",
    "origplace_text": "Aghacarrible (Áth an Charbaill) Co. Kerry Ireland 52.131899, -10.173865 ITM coordinates: 451179, 600006",
    "pn_townland": "Aghacarrible",
    "pn_county": "Co. Kerry",
    "pn_country": "Ireland",
    "pn_vernacular": "Áth an Charbaill (ga)",
    "geo_raw": "52.131899, -10.173865",
    "geo_status": "asserted",
    "grid_raw": "451179, 600006",
    "gazetteer_uris": "https://www.logainm.ie/en/22713",
    "uri": "http://data.ogham.link/crm/findspot_I_KER_007"
   }
  },
  {
   "type": "Feature",
   "id": "I-KER-008",
   "geometry": {
    "type": "Point",
    "coordinates": [
     -10.13772,
     52.13606
    ]
   },
   "properties": {
    "file": "I-KER-008.xml",
    "stone_key": "I-KER-008",
    "ogham_id": "I-KER-008",
    "title": "An Eaglais | Aglish 1",
    "ciic": "141",
    "cisp": "AGLIS/1",
    "cisp_url": "https://www.ucl.ac.uk/archaeology/cisp/database/stone/AGLIS/1.html",
    "tm": "www.trismegistos.org/text/172434",
    "smr": "KE054-032003-",
    "repository": "National Museum of Ireland",
    "origplace_text": "Aglish (An Eaglais) Co. Kerry Ireland 52.13606, -10.13772 ITM coordinates: 453672, 600395 approximate",
    "pn_townland": "Aglish",
    "pn_county": "Co. Kerry",
    "pn_country": "Ireland",
    "pn_vernacular": "An Eaglais (ga)",
    "geo_raw": "52.13606, -10.13772",
    "geo_status": "asserted",
    "grid_raw": "453672, 600395 approximate",
    "gazetteer_uris": "https://www.logainm.ie/en/22749",
    "uri": "http://data.ogham.link/crm/findspot_I_KER_008"
   }
  },
  {
   "type": "Feature",
   "id": "I-KER-009",
   "geometry": {
    "type": "Point",
    "coordinates": [
     -10.13764,
     52.13607
    ]
   },
   "properties": {
    "file": "I-KER-009.xml",
    "stone_key": "I-KER-009",
    "ogham_id": "I-KER-009",
    "title": "An Eaglais | Aglish 2",
    "ciic": "142",
    "cisp": "AGLIS/2",
    "cisp_url": "https://www.ucl.ac.uk/archaeology/cisp/database/stone/AGLIS/2.html",
    "tm": "www.trismegistos.org/text/172779",
    "smr": "KE054-032004-",
    "origplace_text": "Aglish (An Eaglais) Co. Kerry Ireland 52.13607, -10.13764 ITM coordinates (approximate): 453663, 600395",
    "pn_townland": "Aglish",
    "pn_county": "Co. Kerry",
    "pn_country": "Ireland",
    "pn_vernacular": "An Eaglais (ga)",
    "geo_raw": "52.13607, -10.13764",
    "geo_status": "asserted",
    "grid_raw": "453663, 600395",
    "gazetteer_uris": "https://www.logainm.ie/en/22749",
    "uri": "http://data.ogham.link/crm/findspot_I_KER_009"
   }
  },
  {
   "type": "Feature",
   "id": "I-KER-010",
   "geometry": {
    "type": "Point",
    "coordinates": [
     -10.05993,
     52.1601
    ]
   },
   "properties": {
    "file": "I-KER-010.xml",
    "stone_key": "I-KER-010",
    "ogham_id": "I-KER-010",
    "title": "Áth na gCeap | Annagap",
    "ciic": "143",
    "cisp": "ANGAP/1",
    "cisp_url": "https://www.ucl.ac.uk/archaeology/cisp/database/stone/ANGAP/1.html",
    "tm": "www.trismegistos.org/text/172436",
    "smr": "KE044-065003-",
    "repository": "Cork Public Museum",
    "origplace_text": "Annagap (Áth na gCeap) Co. Kerry Ireland 52.16010, -10.05993 ITM coordinates (approximate): 459066, 602920",
    "pn_townland": "Annagap",
    "pn_county": "Co. Kerry",
    "pn_country": "Ireland",
    "pn_vernacular": "Áth na gCeap (ga)",
    "geo_raw": "52.16010, -10.05993",
    "geo_status": "asserted",
    "grid_raw": "459066, 602920",
    "gazetteer_uris": "https://www.logainm.ie/en/22479",
    "uri": "http://data.ogham.link/crm/findspot_I_KER_010"
   }
  },
  {
   "type": "Feature",
   "id": "I-KER-011",
   "geometry": {
    "type": "Point",
    "coordinates": [
     -10.0516,
     52.1468
    ]
   },
   "properties": {
    "file": "I-KER-011.xml",
    "stone_key": "I-KER-011",
    "ogham_id": "I-KER-011",
    "title": "Ard Draighneáin | Ardrinane",
    "ciic": "144",
    "cisp": "ARDNE/1",
    "cisp_url": "https://www.ucl.ac.uk/archaeology/cisp/database/stone/ARDNE/1.html",
    "tm": "www.trismegistos.org/text/173394",
    "smr": "KE044-126----",
    "origplace_text": "Ardrinane (Ard Draighneáin) Co. Kerry Ireland 52.1468, -10.0516 very approximate",
    "pn_townland": "Ardrinane",
    "pn_county": "Co. Kerry",
    "pn_country": "Ireland",
    "pn_vernacular": "Ard Draighneáin (ga)",
    "geo_raw": "52.1468, -10.0516",
    "geo_status": "asserted",
    "gazetteer_uris": "https://www.logainm.ie/en/22455",
    "uri": "http://data.ogham.link/crm/findspot_I_KER_011"
   }
  },
  {
   "type": "Feature",
   "id": "I-KER-012",
   "geometry": {
    "type": "Point",
    "coordinates": [
     -10.248991,
     52.257799
    ]
   },
   "properties": {
    "file": "I-KER-012.xml",
    "stone_key": "I-KER-012",
    "ogham_id": "I-KER-012",
    "title": "Airghleann | Arraglen",
    "ciic": "145",
    "cisp": "ARRAG/1",
    "cisp_url": "https://www.ucl.ac.uk/archaeology/cisp/database/stone/ARRAG/1.html",
    "tm": "www.trismegistos.org/text/172441",
    "smr": "KE025-002001-",
    "origplace_text": "Arraglen (Airghleann ) Co. Kerry Ireland 52.257799, -10.248991 ITM coordinates: 446495, 614181",
    "pn_townland": "Arraglen",
    "pn_county": "Co. Kerry",
    "pn_country": "Ireland",
    "pn_vernacular": "Airghleann (ga)",
    "geo_raw": "52.257799, -10.248991",
    "geo_status": "asserted",
    "grid_raw": "446495, 614181",
    "gazetteer_uris": "https://www.logainm.ie/en/22488",
    "uri": "http://data.ogham.link/crm/findspot_I_KER_012"
   }
  },
  {
   "type": "Feature",
   "id": "I-KER-013",
   "geometry": {
    "type": "Point",
    "coordinates": [
     -10.3909,
     52.1639
    ]
   },
   "properties": {
    "file": "I-KER-013.xml",
    "stone_key": "I-KER-013",
    "ogham_id": "I-KER-013",
    "title": "An Riasc | Reask (Ballineanig)",
    "ciic": "146",
    "cisp": "BLNIG/1",
    "cisp_url": "https://www.ucl.ac.uk/archaeology/cisp/database/stone/BLNIG/1.html",
    "tm": "www.trismegistos.org/text/860655",
    "smr": "KE042-151----",
    "repository": "National Museum of Ireland",
    "origplace_text": "Reask (An Riasc ) Co. Kerry Ireland 52.1639, -10.3909 Very approximate",
    "pn_townland": "Reask",
    "pn_county": "Co. Kerry",
    "pn_country": "Ireland",
    "pn_vernacular": "An Riasc (ga)",
    "geo_raw": "52.1639, -10.3909",
    "geo_status": "asserted",
    "gazetteer_uris": "https://www.logainm.ie/en/22747",
    "uri": "http://data.ogham.link/crm/findspot_I_KER_013"
   }
  },
  {
   "type": "Feature",
   "id": "I-KER-014",
   "geometry": {
    "type": "Point",
    "coordinates": [
     -10.20474,
     52.140119
    ]
   },
   "properties": {
    "file": "I-KER-014.xml",
    "stone_key": "I-KER-014",
    "ogham_id": "I-KER-014",
    "title": "Baile an Ístínigh | Ballineesteenig",
    "ciic": "147",
    "cisp": "BALEE/1",
    "cisp_url": "https://www.ucl.ac.uk/archaeology/cisp/database/stone/BALEE/1.html",
    "tm": "www.trismegistos.org/text/172445",
    "smr": "KE043-248----",
    "origplace_text": "Ballineesteenig (Baile an Ístínigh ) Co. Kerry Ireland 52.140119, -10.204740 ITM coordinates: 449092, 600990",
    "pn_townland": "Ballineesteenig",
    "pn_county": "Co. Kerry",
    "pn_country": "Ireland",
    "pn_vernacular": "Baile an Ístínigh (ga)",
    "geo_raw": "52.140119, -10.204740",
    "geo_status": "asserted",
    "grid_raw": "449092, 600990",
    "gazetteer_uris": "https://www.logainm.ie/en/22707",
    "uri": "http://data.ogham.link/crm/findspot_I_KER_014"
   }
  },
  {
   "type": "Feature",
   "id": "I-KER-015",
   "geometry": {
    "type": "Point",
    "coordinates": [
     -10.3879,
     52.1788
    ]
   },
   "properties": {
    "file": "I-KER-015.xml",
    "stone_key": "I-KER-015",
    "ogham_id": "I-KER-015",
    "title": "Baile an Reannaigh | Ballinrannig 1",
    "ciic": "148",
    "cisp": "BALIG/1",
    "cisp_url": "https://www.ucl.ac.uk/archaeology/cisp/database/stone/BALIG/1.html",
    "tm": "www.trismegistos.org/text/172447",
    "smr": "KE042-057007-",
    "origplace_text": "Ballinrannig (Baile an Reannaigh) Co. Kerry Ireland 52.1788, -10.3879 ITM coordinates (approximate - location of remaining stone): 436682, 605700",
    "pn_townland": "Ballinrannig",
    "pn_county": "Co. Kerry",
    "pn_country": "Ireland",
    "pn_vernacular": "Baile an Reannaigh (ga)",
    "geo_raw": "52.1788, -10.3879",
    "geo_status": "asserted",
    "grid_raw": "436682, 605700",
    "gazetteer_uris": "https://www.logainm.ie/en/22741",
    "uri": "http://data.ogham.link/crm/findspot_I_KER_015"
   }
  },
  {
   "type": "Feature",
   "id": "I-KER-016",
   "geometry": {
    "type": "Point",
    "coordinates": [
     -10.3879,
     52.1788
    ]
   },
   "properties": {
    "file": "I-KER-016.xml",
    "stone_key": "I-KER-016",
    "ogham_id": "I-KER-016",
    "title": "Baile an Reannaigh | Ballinrannig 2",
    "ciic": "149",
    "cisp": "BALIG/2",
    "cisp_url": "https://www.ucl.ac.uk/archaeology/cisp/database/stone/BALIG/2.html",
    "tm": "www.trismegistos.org/text/172963",
    "smr": "KE042-057006-",
    "origplace_text": "Ballinrannig (Baile an Reannaigh) Co. Kerry Ireland 52.1788, -10.3879 ITM coordinates (approximate - location of remaining stone): 436682, 605700",
    "pn_townland": "Ballinrannig",
    "pn_county": "Co. Kerry",
    "pn_country": "Ireland",
    "pn_vernacular": "Baile an Reannaigh (ga)",
    "geo_raw": "52.1788, -10.3879",
    "geo_status": "asserted",
    "grid_raw": "436682, 605700",
    "gazetteer_uris": "https://www.logainm.ie/en/22741",
    "uri": "http://data.ogham.link/crm/findspot_I_KER_016"
   }
  },
  {
   "type": "Feature",
   "id": "I-KER-017",
   "geometry": {
    "type": "Point",
    "coordinates": [
     -10.3879,
     52.1788
    ]
   },
   "properties": {
    "file": "I-KER-017.xml",
    "stone_key": "I-KER-017",
    "ogham_id": "I-KER-017",
    "title": "Baile an Reannaigh | Ballinrannig 3",
    "ciic": "150",
    "cisp": "BALIG/3",
    "cisp_url": "https://www.ucl.ac.uk/archaeology/cisp/database/stone/BALIG/3.html",
    "tm": "www.trismegistos.org/text/172968",
    "smr": "KE042-057008-",
    "origplace_text": "Ballinrannig (Baile an Reannaigh) Co. Kerry Ireland 52.1788, -10.3879 ITM coordinates (approximate - location of remaining stone): 436682, 605700",
    "pn_townland": "Ballinrannig",
    "pn_county": "Co. Kerry",
    "pn_country": "Ireland",
    "pn_vernacular": "Baile an Reannaigh (ga)",
    "geo_raw": "52.1788, -10.3879",
    "geo_status": "asserted",
    "grid_raw": "436682, 605700",
    "gazetteer_uris": "https://www.logainm.ie/en/22741",
    "uri": "http://data.ogham.link/crm/findspot_I_KER_017"
   }
  },
  {
   "type": "Feature",
   "id": "I-KER-018",
   "geometry": {
    "type": "Point",
    "coordinates": [
     -10.3879,
     52.1788
    ]
   },
   "properties": {
    "file": "I-KER-018.xml",
    "stone_key": "I-KER-018",
    "ogham_id": "I-KER-018",
    "title": "Baile an Reannaigh | Ballinrannig 4",
    "ciic": "151",
    "cisp": "BALIG/4",
    "cisp_url": "https://www.ucl.ac.uk/archaeology/cisp/database/stone/BALIG/4.html",
    "tm": "www.trismegistos.org/text/172973",
    "smr": "KE042-057009-",
    "origplace_text": "Ballinrannig (Baile an Reannaigh) Co. Kerry Ireland 52.1788, -10.3879 ITM coordinates (approximate - location of remaining stone): 436682, 605700",
    "pn_townland": "Ballinrannig",
    "pn_county": "Co. Kerry",
    "pn_country": "Ireland",
    "pn_vernacular": "Baile an Reannaigh (ga)",
    "geo_raw": "52.1788, -10.3879",
    "geo_status": "asserted",
    "grid_raw": "436682, 605700",
    "gazetteer_uris": "https://www.logainm.ie/en/22741",
    "uri": "http://data.ogham.link/crm/findspot_I_KER_018"
   }
  },
  {
   "type": "Feature",
   "id": "I-KER-019",
   "geometry": {
    "type": "Point",
    "coordinates": [
     -10.3879,
     52.1788
    ]
   },
   "properties": {
    "file": "I-KER-019.xml",
    "stone_key": "I-KER-019",
    "ogham_id": "I-KER-019",
    "title": "Baile an Reannaigh | Ballinrannig 5",
    "ciic": "152",
    "cisp": "BALIG/5",
    "cisp_url": "https://www.ucl.ac.uk/archaeology/cisp/database/stone/BALIG/5.html",
    "tm": "www.trismegistos.org/text/172978",
    "smr": "KE042-057010-",
    "origplace_text": "Ballinrannig (Baile an Reannaigh>) Co. Kerry Ireland 52.1788, -10.3879 ITM coordinates (approximate - location of remaining stone): 436682, 605700",
    "pn_townland": "Ballinrannig (>)",
    "pn_county": "Co. Kerry",
    "pn_country": "Ireland",
    "pn_vernacular": "Baile an Reannaigh (ga)",
    "geo_raw": "52.1788, -10.3879",
    "geo_status": "asserted",
    "grid_raw": "436682, 605700",
    "gazetteer_uris": "https://www.logainm.ie/en/22741",
    "uri": "http://data.ogham.link/crm/findspot_I_KER_019"
   }
  },
  {
   "type": "Feature",
   "id": "I-KER-020",
   "geometry": {
    "type": "Point",
    "coordinates": [
     -10.3879,
     52.1788
    ]
   },
   "properties": {
    "file": "I-KER-020.xml",
    "stone_key": "I-KER-020",
    "ogham_id": "I-KER-020",
    "title": "Baile an Reannaigh | Ballinrannig 6",
    "ciic": "153",
    "cisp": "BALIG/6",
    "cisp_url": "https://www.ucl.ac.uk/archaeology/cisp/database/stone/BALIG/6.html",
    "tm": "www.trismegistos.org/text/172983",
    "smr": "KE042-057011-",
    "origplace_text": "Ballinrannig (Baile an Reannaigh) Co. Kerry Ireland 52.1788, -10.3879 ITM coordinates (approximate - location of remaining stone): 436682, 605700",
    "pn_townland": "Ballinrannig",
    "pn_county": "Co. Kerry",
    "pn_country": "Ireland",
    "pn_vernacular": "Baile an Reannaigh (ga)",
    "geo_raw": "52.1788, -10.3879",
    "geo_status": "asserted",
    "grid_raw": "436682, 605700",
    "gazetteer_uris": "https:/www.logainm.ie/en/22741",
    "uri": "http://data.ogham.link/crm/findspot_I_KER_020"
   }
  },
  {
   "type": "Feature",
   "id": "I-KER-021",
   "geometry": {
    "type": "Point",
    "coordinates": [
     -10.3879,
     52.1788
    ]
   },
   "properties": {
    "file": "I-KER-021.xml",
    "stone_key": "I-KER-021",
    "ogham_id": "I-KER-021",
    "title": "Baile an Reannaigh | Ballinrannig 7",
    "ciic": "154",
    "cisp": "BALIG/7",
    "cisp_url": "https://www.ucl.ac.uk/archaeology/cisp/database/stone/BALIG/7.html",
    "tm": "www.trismegistos.org/text/172988",
    "smr": "KE042-057003-",
    "origplace_text": "Ballinrannig (Baile an Reannaigh) Co. Kerry Ireland 52.1788, -10.3879 ITM coordinates (approximate - location of remaining stone): 436682, 605700",
    "pn_townland": "Ballinrannig",
    "pn_county": "Co. Kerry",
    "pn_country": "Ireland",
    "pn_vernacular": "Baile an Reannaigh (ga)",
    "geo_raw": "52.1788, -10.3879",
    "geo_status": "asserted",
    "grid_raw": "436682, 605700",
    "gazetteer_uris": "https://www.logainm.ie/en/22741",
    "uri": "http://data.ogham.link/crm/findspot_I_KER_021"
   }
  },
  {
   "type": "Feature",
   "id": "I-KER-022",
   "geometry": {
    "type": "Point",
    "coordinates": [
     -10.24318,
     52.12778
    ]
   },
   "properties": {
    "file": "I-KER-022.xml",
    "stone_key": "I-KER-022",
    "ogham_id": "I-KER-022",
    "title": "Baile an tSagairt | Ballintaggart 1",
    "ciic": "155",
    "cisp": "BLTAG/1",
    "cisp_url": "https://www.ucl.ac.uk/archaeology/cisp/database/stone/BLTAG/1.html",
    "tm": "www.trismegistos.org/text/172448",
    "smr": "KE053-033005-",
    "origplace_text": "Ballintaggart (Baile an tSagairt) Co. Kerry Ireland 52.12778, -10.24318 ITM coordinates (approximate): 446414, 599691",
    "pn_townland": "Ballintaggart",
    "pn_county": "Co. Kerry",
    "pn_country": "Ireland",
    "pn_vernacular": "Baile an tSagairt (ga)",
    "geo_raw": "52.12778, -10.24318",
    "geo_status": "asserted",
    "grid_raw": "446414, 599691",
    "gazetteer_uris": "https://www.logainm.ie/en/22634",
    "uri": "http://data.ogham.link/crm/findspot_I_KER_022"
   }
  },
  {
   "type": "Feature",
   "id": "I-KER-023",
   "geometry": {
    "type": "Point",
    "coordinates": [
     -10.24318,
     52.12778
    ]
   },
   "properties": {
    "file": "I-KER-023.xml",
    "stone_key": "I-KER-023",
    "ogham_id": "I-KER-023",
    "title": "Baile an tSagairt | Ballintaggart 2",
    "ciic": "156",
    "cisp": "BLTAG/2",
    "cisp_url": "https://www.ucl.ac.uk/archaeology/cisp/database/stone/BLTAG/2.html",
    "tm": "www.trismegistos.org/text/172998",
    "smr": "KE053-033006-",
    "origplace_text": "Ballintaggart (Baile an tSagairt) Co. Kerry Ireland 52.12778, -10.24318 ITM coordinates (approximate): 446414, 599691",
    "pn_townland": "Ballintaggart",
    "pn_county": "Co. Kerry",
    "pn_country": "Ireland",
    "pn_vernacular": "Baile an tSagairt (ga)",
    "geo_raw": "52.12778, -10.24318",
    "geo_status": "asserted",
    "grid_raw": "446414, 599691",
    "gazetteer_uris": "https://www.logainm.ie/en/22634",
    "uri": "http://data.ogham.link/crm/findspot_I_KER_023"
   }
  },
  {
   "type": "Feature",
   "id": "I-KER-024",
   "geometry": {
    "type": "Point",
    "coordinates": [
     -10.24318,
     52.12778
    ]
   },
   "properties": {
    "file": "I-KER-024.xml",
    "stone_key": "I-KER-024",
    "ogham_id": "I-KER-024",
    "title": "Baile an tSagairt | Ballintaggart 3",
    "ciic": "157",
    "cisp": "BLTAG/3",
    "cisp_url": "https://www.ucl.ac.uk/archaeology/cisp/database/stone/BLTAG/3.html",
    "tm": "www.trismegistos.org/text/172999",
    "smr": "KE053-033007-",
    "origplace_text": "Ballintaggart (Baile an tSagairt) Co. Kerry Ireland 52.12778, -10.24318 ITM coordinates (approximate): 446414, 599691",
    "pn_townland": "Ballintaggart",
    "pn_county": "Co. Kerry",
    "pn_country": "Ireland",
    "pn_vernacular": "Baile an tSagairt (ga)",
    "geo_raw": "52.12778, -10.24318",
    "geo_status": "asserted",
    "grid_raw": "446414, 599691",
    "gazetteer_uris": "https://www.logainm.ie/en/22634",
    "uri": "http://data.ogham.link/crm/findspot_I_KER_024"
   }
  },
  {
   "type": "Feature",
   "id": "I-KER-025",
   "geometry": {
    "type": "Point",
    "coordinates": [
     -10.24318,
     52.12778
    ]
   },
   "properties": {
    "file": "I-KER-025.xml",
    "stone_key": "I-KER-025",
    "ogham_id": "I-KER-025",
    "title": "Baile an tSagairt | Ballintaggart 4",
    "ciic": "158",
    "cisp": "BLTAG/4",
    "cisp_url": "https://www.ucl.ac.uk/archaeology/cisp/database/stone/BLTAG/4.html",
    "tm": "www.trismegistos.org/text/173000",
    "smr": "KE053-033008-",
    "origplace_text": "Ballintaggart (Baile an tSagairt) Co. Kerry Ireland 52.12778, -10.24318 ITM coordinates (approximate): 446414, 599691",
    "pn_townland": "Ballintaggart",
    "pn_county": "Co. Kerry",
    "pn_country": "Ireland",
    "pn_vernacular": "Baile an tSagairt (ga)",
    "geo_raw": "52.12778, -10.24318",
    "geo_status": "asserted",
    "grid_raw": "446414, 599691",
    "gazetteer_uris": "https://www.logainm.ie/en/22634",
    "uri": "http://data.ogham.link/crm/findspot_I_KER_025"
   }
  },
  {
   "type": "Feature",
   "id": "I-KER-026",
   "geometry": {
    "type": "Point",
    "coordinates": [
     -10.24318,
     52.12778
    ]
   },
   "properties": {
    "file": "I-KER-026.xml",
    "stone_key": "I-KER-026",
    "ogham_id": "I-KER-026",
    "title": "Baile an tSagairt | Ballintaggart 5",
    "ciic": "159",
    "cisp": "BLTAG/5",
    "cisp_url": "https://www.ucl.ac.uk/archaeology/cisp/database/stone/BLTAG/5.html",
    "tm": "www.trismegistos.org/text/173001",
    "smr": "KE053-033009-",
    "origplace_text": "Ballintaggart (Baile an tSagairt) Co. Kerry Ireland 52.12778, -10.24318 ITM coordinates (approximate): 446414, 599691",
    "pn_townland": "Ballintaggart",
    "pn_county": "Co. Kerry",
    "pn_country": "Ireland",
    "pn_vernacular": "Baile an tSagairt (ga)",
    "geo_raw": "52.12778, -10.24318",
    "geo_status": "asserted",
    "grid_raw": "446414, 599691",
    "gazetteer_uris": "https://www.logainm.ie/en/22634",
    "uri": "http://data.ogham.link/crm/findspot_I_KER_026"
   }
  },
  {
   "type": "Feature",
   "id": "I-KER-027",
   "geometry": {
    "type": "Point",
    "coordinates": [
     -10.24318,
     52.12778
    ]
   },
   "properties": {
    "file": "I-KER-027.xml",
    "stone_key": "I-KER-027",
    "ogham_id": "I-KER-027",
    "title": "Baile an tSagairt | Ballintaggart 6",
    "ciic": "160",
    "cisp": "BLTAG/6",
    "cisp_url": "https://www.ucl.ac.uk/archaeology/cisp/database/stone/BLTAG/6.html",
    "tm": "www.trismegistos.org/text/173002",
    "smr": "KE053-033010-",
    "origplace_text": "Ballintaggart (Baile an tSagairt) Co. Kerry Ireland 52.12778, -10.24318 ITM coordinates (approximate): 446414, 599691",
    "pn_townland": "Ballintaggart",
    "pn_county": "Co. Kerry",
    "pn_country": "Ireland",
    "pn_vernacular": "Baile an tSagairt (ga)",
    "geo_raw": "52.12778, -10.24318",
    "geo_status": "asserted",
    "grid_raw": "446414, 599691",
    "gazetteer_uris": "https://www.logainm.ie/en/22634",
    "uri": "http://data.ogham.link/crm/findspot_I_KER_027"
   }
  },
  {
   "type": "Feature",
   "id": "I-KER-028",
   "geometry": {
    "type": "Point",
    "coordinates": [
     -10.24318,
     52.12778
    ]
   },
   "properties": {
    "file": "I-KER-028.xml",
    "stone_key": "I-KER-028",
    "ogham_id": "I-KER-028",
    "title": "Baile an tSagairt | Ballintaggart 7",
    "ciic": "161",
    "cisp": "BLTAG/7",
    "cisp_url": "https://www.ucl.ac.uk/archaeology/cisp/database/stone/BLTAG/7.html",
    "tm": "www.trismegistos.org/text/173003",
    "smr": "KE053-033011-",
    "origplace_text": "Ballintaggart (Baile an tSagairt) Co. Kerry Ireland 52.12778, -10.24318 ITM coordinates (approximate): 446414, 599691",
    "pn_townland": "Ballintaggart",
    "pn_county": "Co. Kerry",
    "pn_country": "Ireland",
    "pn_vernacular": "Baile an tSagairt (ga)",
    "geo_raw": "52.12778, -10.24318",
    "geo_status": "asserted",
    "grid_raw": "446414, 599691",
    "gazetteer_uris": "https://www.logainm.ie/en/22634",
    "uri": "http://data.ogham.link/crm/findspot_I_KER_028"
   }
  },
  {
   "type": "Feature",
   "id": "I-KER-029",
   "geometry": {
    "type": "Point",
    "coordinates": [
     -10.24318,
     52.12778
    ]
   },
   "properties": {
    "file": "I-KER-029.xml",
    "stone_key": "I-KER-029",
    "ogham_id": "I-KER-029",
    "title": "Baile an tSagairt | Ballintaggart 8",
    "ciic": "162",
    "cisp": "BLTAG/8",
    "cisp_url": "https://www.ucl.ac.uk/archaeology/cisp/database/stone/BLTAG/8.html",
    "tm": "www.trismegistos.org/text/173004",
    "smr": "KE053-033012-",
    "origplace_text": "Ballintaggart (Baile an tSagairt) Co. Kerry Ireland 52.12778, -10.24318 ITM coordinates (approximate): 446414, 599691",
    "pn_townland": "Ballintaggart",
    "pn_county": "Co. Kerry",
    "pn_country": "Ireland",
    "pn_vernacular": "Baile an tSagairt (ga)",
    "geo_raw": "52.12778, -10.24318",
    "geo_status": "asserted",
    "grid_raw": "446414, 599691",
    "gazetteer_uris": "https://www.logainm.ie/en/22634",
    "uri": "http://data.ogham.link/crm/findspot_I_KER_029"
   }
  },
  {
   "type": "Feature",
   "id": "I-KER-030",
   "geometry": {
    "type": "Point",
    "coordinates": [
     -10.24318,
     52.12778
    ]
   },
   "properties": {
    "file": "I-KER-030.xml",
    "stone_key": "I-KER-030",
    "ogham_id": "I-KER-030",
    "title": "Baile an tSagairt | Ballintaggart 9",
    "ciic": "163",
    "cisp": "BLTAG/9",
    "cisp_url": "https://www.ucl.ac.uk/archaeology/cisp/database/stone/BLTAG/9.html",
    "tm": "www.trismegistos.org/text/173005",
    "smr": "KE053-033013-",
    "origplace_text": "Ballintaggart (Baile an tSagairt) Co. Kerry Ireland 52.12778, -10.24318 ITM coordinates (approximate): 446414, 599691",
    "pn_townland": "Ballintaggart",
    "pn_county": "Co. Kerry",
    "pn_country": "Ireland",
    "pn_vernacular": "Baile an tSagairt (ga)",
    "geo_raw": "52.12778, -10.24318",
    "geo_status": "asserted",
    "grid_raw": "446414, 599691",
    "gazetteer_uris": "https://www.logainm.ie/en/22634",
    "uri": "http://data.ogham.link/crm/findspot_I_KER_030"
   }
  },
  {
   "type": "Feature",
   "id": "I-KER-031",
   "geometry": {
    "type": "Point",
    "coordinates": [
     -10.243184,
     52.127784
    ]
   },
   "properties": {
    "file": "I-KER-031.xml",
    "stone_key": "I-KER-031",
    "ogham_id": "I-KER-031",
    "title": "Baile an tSagairt | Ballintaggart 10",
    "cisp_url": "https://www.ucl.ac.uk/archaeology/cisp/database/stone/.html",
    "smr": "KE053-033014-",
    "origplace_text": "Ballintaggart https://www.logainm.ie/en/22634 Co. Kerry Ireland ITM coordinates: 446414, 599691 (approximate) 52.127784, -10.243184",
    "pn_townland": "Ballintaggart",
    "pn_county": "Co. Kerry",
    "pn_country": "Ireland",
    "geo_raw": "52.127784, -10.243184",
    "geo_status": "asserted",
    "grid_raw": "446414, 599691 (approximate)",
    "uri": "http://data.ogham.link/crm/findspot_I_KER_031"
   }
  },
  {
   "type": "Feature",
   "id": "I-KER-032",
   "geometry": {
    "type": "Point",
    "coordinates": [
     -10.029438,
     52.154518
    ]
   },
   "properties": {
    "file": "I-KER-032.xml",
    "stone_key": "I-KER-032",
    "ogham_id": "I-KER-032",
    "title": "Baile an Tearmainn | Ballintermon 1",
    "ciic": "164",
    "cisp": "BLTER/1",
    "cisp_url": "https://www.ucl.ac.uk/archaeology/cisp/database/stone/BLTER/1.html",
    "tm": "www.trismegistos.org/text/172450",
    "smr": "KE045-062----",
    "origplace_text": "Ballintermon https://www.logainm.ie/en/22456 Co. Kerry Ireland 52.154518, -10.029438 ITM coordinates: 461131, 602237",
    "pn_townland": "Ballintermon",
    "pn_county": "Co. Kerry",
    "pn_country": "Ireland",
    "geo_raw": "52.154518, -10.029438",
    "geo_status": "asserted",
    "grid_raw": "461131, 602237",
    "uri": "http://data.ogham.link/crm/findspot_I_KER_032"
   }
  },
  {
   "type": "Feature",
   "id": "I-KER-033",
   "geometry": {
    "type": "Point",
    "coordinates": [
     -10.039355,
     52.161414
    ]
   },
   "properties": {
    "file": "I-KER-033.xml",
    "stone_key": "I-KER-033",
    "ogham_id": "I-KER-033",
    "title": "Baile an Tearmainn | Ballintermon 2",
    "ciic": "165",
    "cisp": "BLTE2/1",
    "cisp_url": "https://www.ucl.ac.uk/archaeology/cisp/database/stone/BLTE2/1.html",
    "tm": "www.trismegistos.org/text/172449",
    "smr": "KE045-052----",
    "repository": "Cork Public Museum",
    "origplace_text": "Ballintermon (Baile an Tearmainn) Co. Kerry Ireland ITM coordinates: 52.161414, -10.039355(approx. only)",
    "pn_townland": "Ballintermon",
    "pn_county": "Co. Kerry",
    "pn_country": "Ireland",
    "pn_vernacular": "Baile an Tearmainn (ga)",
    "geo_raw": "52.161414, -10.039355",
    "geo_status": "asserted",
    "gazetteer_uris": "https://www.logainm.ie/en/22456",
    "uri": "http://data.ogham.link/crm/findspot_I_KER_033"
   }
  },
  {
   "type": "Feature",
   "id": "I-KER-034",
   "geometry": {
    "type": "Point",
    "coordinates": [
     -10.028213,
     52.168473
    ]
   },
   "properties": {
    "file": "I-KER-034.xml",
    "stone_key": "I-KER-034",
    "ogham_id": "I-KER-034",
    "title": "Baile an Bhóthair | Ballinvoher",
    "ciic": "166",
    "cisp": "BLHER/1",
    "cisp_url": "https://www.ucl.ac.uk/archaeology/cisp/database/stone/BLHER/1.html",
    "tm": "www.trismegistos.org/text/172452",
    "smr": "KE045-105----",
    "repository": "National Museum of Ireland",
    "origplace_text": "Rathduff? Ballyandreen? Co. Kerry Ireland 52.168473 , -10.028213 (possible orig loc) ITM coordinates: 461262, 603790 (possible orig loc)",
    "pn_townland": "Rathduff? Ballyandreen?",
    "pn_county": "Co. Kerry",
    "pn_country": "Ireland",
    "geo_raw": "52.168473 , -10.028213 (possible orig loc)",
    "geo_hedge": "possible orig loc",
    "geo_status": "qualified",
    "grid_raw": "461262, 603790 (possible orig loc)",
    "uri": "http://data.ogham.link/crm/findspot_I_KER_034"
   }
  },
  {
   "type": "Feature",
   "id": "I-KER-035",
   "geometry": {
    "type": "Point",
    "coordinates": [
     -10.0357,
     52.1672
    ]
   },
   "properties": {
    "file": "I-KER-035.xml",
    "stone_key": "I-KER-035",
    "ogham_id": "I-KER-035",
    "title": "Baile Aindrín | Ballyandreen 1",
    "ciic": "167",
    "cisp": "BDREN/1",
    "cisp_url": "https://www.ucl.ac.uk/archaeology/cisp/database/stone/BDREN/1.html",
    "tm": "www.trismegistos.org/text/172454",
    "smr": "KE045-107----",
    "origplace_text": "Ballyandreen https://www.logainm.ie/en/22441 Co. Kerry Ireland 52.1672, -10.0357 approximate",
    "pn_townland": "Ballyandreen",
    "pn_county": "Co. Kerry",
    "pn_country": "Ireland",
    "geo_raw": "52.1672, -10.0357",
    "geo_status": "asserted",
    "uri": "http://data.ogham.link/crm/findspot_I_KER_035"
   }
  },
  {
   "type": "Feature",
   "id": "I-KER-036",
   "geometry": {
    "type": "Point",
    "coordinates": [
     -10.03821,
     52.165199
    ]
   },
   "properties": {
    "file": "I-KER-036.xml",
    "stone_key": "I-KER-036",
    "ogham_id": "I-KER-036",
    "title": "Baile Aindrín | Ballyandreen 2",
    "ciic": "168",
    "cisp": "BDRE2/1",
    "cisp_url": "https://www.ucl.ac.uk/archaeology/cisp/database/stone/BDRE2/1.html",
    "tm": "www.trismegistos.org/text/172455",
    "smr": "KE045-049----",
    "origplace_text": "Ballyandreen https://www.logainm.ie/en/22441 Co. Kerry Ireland 52.165199, -10.038210 ITM coordinates: 460569, 603455",
    "pn_townland": "Ballyandreen",
    "pn_county": "Co. Kerry",
    "pn_country": "Ireland",
    "geo_raw": "52.165199, -10.038210",
    "geo_status": "asserted",
    "grid_raw": "460569, 603455",
    "uri": "http://data.ogham.link/crm/findspot_I_KER_036"
   }
  },
  {
   "type": "Feature",
   "id": "I-KER-037",
   "geometry": {
    "type": "Point",
    "coordinates": [
     -10.320792,
     52.161721
    ]
   },
   "properties": {
    "file": "I-KER-037.xml",
    "stone_key": "I-KER-037",
    "ogham_id": "I-KER-037",
    "title": "An Baile Íochtarach | Ballyeightragh",
    "ciic": "169",
    "cisp": "BRAGH/2",
    "cisp_url": "https://www.ucl.ac.uk/archaeology/cisp/database/stone/BRAGH/2.html",
    "tm": "www.trismegistos.org/text/172782",
    "smr": "KE043-250----",
    "origplace_text": "Ballyeightragh https://www.logainm.ie/en/22647 Co. Kerry Ireland ITM coordinates: 52.161721, -10.320792(very approximate)",
    "pn_townland": "Ballyeightragh",
    "pn_county": "Co. Kerry",
    "pn_country": "Ireland",
    "geo_raw": "52.161721, -10.320792",
    "geo_status": "asserted",
    "uri": "http://data.ogham.link/crm/findspot_I_KER_037"
   }
  },
  {
   "type": "Feature",
   "id": "I-KER-038",
   "geometry": {
    "type": "Point",
    "coordinates": [
     -10.331399,
     52.154449
    ]
   },
   "properties": {
    "file": "I-KER-038.xml",
    "stone_key": "I-KER-038",
    "ogham_id": "I-KER-038",
    "title": "An Baile Riabhach | Ballymorereagh",
    "ciic": "170",
    "cisp": "BLYGH/1",
    "cisp_url": "https://www.ucl.ac.uk/archaeology/cisp/database/stone/BLYGH/1.html",
    "tm": "www.trismegistos.org/text/172463",
    "smr": "KE043-140008-",
    "origplace_text": "Ballymorereagh (An Baile Riabhach) Co. Kerry Ireland 52.154449, -10.331399 ITM coordinates: 440472, 602847",
    "pn_townland": "Ballymorereagh",
    "pn_county": "Co. Kerry",
    "pn_country": "Ireland",
    "pn_vernacular": "An Baile Riabhach (ga)",
    "geo_raw": "52.154449, -10.331399",
    "geo_status": "asserted",
    "grid_raw": "440472, 602847",
    "gazetteer_uris": "https://www.logainm.ie/en/22607",
    "uri": "http://data.ogham.link/crm/findspot_I_KER_038"
   }
  },
  {
   "type": "Feature",
   "id": "I-KER-039",
   "geometry": {
    "type": "Point",
    "coordinates": [
     -10.0025,
     52.1829
    ]
   },
   "properties": {
    "file": "I-KER-039.xml",
    "stone_key": "I-KER-039",
    "ogham_id": "I-KER-039",
    "title": "Baile na Hunta | Ballynahunt",
    "ciic": "171",
    "cisp": "BLHUN/1",
    "cisp_url": "https://www.ucl.ac.uk/archaeology/cisp/database/stone/BLHUN/1.html",
    "tm": "www.trismegistos.org/text/172465",
    "smr": "KE045-008002-",
    "origplace_text": "Ballynahunt (https://www.logainm.ie/en/22443) but possibly originally from Kilduff ecclesiastical site (An Chill Dubh https://www.logainm.ie/en/22451) Co. Kerry Ireland 52.1829, -10.0025 ITM coordinates (approximate): 463062, 605353",
    "pn_townland": "Ballynahunt",
    "pn_county": "Co. Kerry",
    "pn_country": "Ireland",
    "geo_raw": "52.1829, -10.0025",
    "geo_status": "asserted",
    "grid_raw": "463062, 605353",
    "uri": "http://data.ogham.link/crm/findspot_I_KER_039"
   }
  },
  {
   "type": "Feature",
   "id": "I-KER-040",
   "geometry": {
    "type": "Point",
    "coordinates": [
     -10.407534,
     52.156204
    ]
   },
   "properties": {
    "file": "I-KER-040.xml",
    "stone_key": "I-KER-040",
    "ogham_id": "I-KER-040",
    "title": "Baile Uí Bhaoithín | Ballywiheen",
    "ciic": "172",
    "cisp": "BWEEN/1",
    "cisp_url": "https://www.ucl.ac.uk/archaeology/cisp/database/stone/BWEEN/1.html",
    "tm": "www.trismegistos.org/text/172470",
    "smr": "KE042-093003-",
    "origplace_text": "Ballywiheen (Baile Uí Bhaoithín) Co. Kerry Ireland 52.156204, -10.407534 ITM coordinates (current location): 435281, 603210",
    "pn_townland": "Ballywiheen",
    "pn_county": "Co. Kerry",
    "pn_country": "Ireland",
    "pn_vernacular": "Baile Uí Bhaoithín (ga)",
    "geo_raw": "52.156204, -10.407534",
    "geo_status": "asserted",
    "grid_raw": "435281, 603210",
    "gazetteer_uris": "https://www.logainm.ie/en/22742",
    "uri": "http://data.ogham.link/crm/findspot_I_KER_040"
   }
  },
  {
   "type": "Feature",
   "id": "I-KER-041",
   "geometry": {
    "type": "Point",
    "coordinates": [
     -10.045703,
     52.149426
    ]
   },
   "properties": {
    "file": "I-KER-041.xml",
    "stone_key": "I-KER-041",
    "ogham_id": "I-KER-041",
    "title": "An Bhreac-chluain | Brackloon",
    "ciic": "173",
    "cisp": "BRCKN/1",
    "cisp_url": "https://www.ucl.ac.uk/archaeology/cisp/database/stone/BRCKN/1.html",
    "tm": "www.trismegistos.org/text/172478",
    "smr": "KE045-081002-",
    "repository": "Músaem Chorca Dhuibhne",
    "origplace_text": "Brackloon (An Bhreac-chluain https://www.logainm.ie/en/22457) Co. Kerry Ireland ITM coordinates: 460006, 601705 (possible findspot) 52.149426, -10.045703",
    "pn_townland": "Brackloon (An Bhreac-chluain)",
    "pn_county": "Co. Kerry",
    "pn_country": "Ireland",
    "geo_raw": "52.149426, -10.045703",
    "geo_status": "asserted",
    "grid_raw": "460006, 601705 (possible findspot)",
    "uri": "http://data.ogham.link/crm/findspot_I_KER_041"
   }
  },
  {
   "type": "Feature",
   "id": "I-KER-044",
   "geometry": {
    "type": "Point",
    "coordinates": [
     -9.90546,
     52.214573
    ]
   },
   "properties": {
    "file": "I-KER-044.xml",
    "stone_key": "I-KER-044",
    "ogham_id": "I-KER-044",
    "title": "An Com | Camp 1",
    "ciic": "176",
    "cisp": "CAMP/1",
    "cisp_url": "https://www.ucl.ac.uk/archaeology/cisp/database/stone/CAMP/1 .html",
    "tm": "www.trismegistos.org/text/172489",
    "smr": "KE036-046----",
    "origplace_text": "Camp (An Com https://www.logainm.ie/en/24660) Co. Kerry Ireland 52.214573, -9.905460 ITM coordinates: 469791, 608686",
    "pn_townland": "Camp (An Com)",
    "pn_county": "Co. Kerry",
    "pn_country": "Ireland",
    "geo_raw": "52.214573, -9.905460",
    "geo_status": "asserted",
    "grid_raw": "469791, 608686",
    "uri": "http://data.ogham.link/crm/findspot_I_KER_044"
   }
  },
  {
   "type": "Feature",
   "id": "I-KER-045",
   "geometry": {
    "type": "Point",
    "coordinates": [
     -9.909784,
     52.215635
    ]
   },
   "properties": {
    "file": "I-KER-045.xml",
    "stone_key": "I-KER-045",
    "ogham_id": "I-KER-045",
    "title": "An Com | Camp 2",
    "ciic": "177",
    "cisp": "CAMP/2",
    "cisp_url": "https://www.ucl.ac.uk/archaeology/cisp/database/stone/CAMP/2.html",
    "tm": "www.trismegistos.org/text/172786",
    "smr": "KE036-083----",
    "origplace_text": "Camp (An Com https://www.logainm.ie/en/24660. 'near Camp' MAC1945) Co. Kerry Ireland 52.215635, -9.909784 very approximate",
    "pn_townland": "Camp (An Com 'near Camp' MAC1945)",
    "pn_county": "Co. Kerry",
    "pn_country": "Ireland",
    "geo_raw": "52.215635, -9.909784",
    "geo_status": "asserted",
    "uri": "http://data.ogham.link/crm/findspot_I_KER_045"
   }
  },
  {
   "type": "Feature",
   "id": "I-KER-046",
   "geometry": {
    "type": "Point",
    "coordinates": [
     -10.473175,
     52.110277
    ]
   },
   "properties": {
    "file": "I-KER-046.xml",
    "stone_key": "I-KER-046",
    "ogham_id": "I-KER-046",
    "title": "Com Dhíneol Thuaidh | Coumeenoole North",
    "ciic": "178",
    "cisp": "COUME/1",
    "cisp_url": "https://www.ucl.ac.uk/archaeology/cisp/database/stone/COUME/1.html",
    "tm": "www.trismegistos.org/text/172528",
    "smr": "KE052-059002-",
    "origplace_text": "Coumeenoole North (Com Dhíneol Thuaidh); Dunmore Head (An Dún Mór) Co. Kerry Ireland 52.110277, -10.473175 ITM coordinates: 430623, 598263",
    "pn_townland": "Coumeenoole North",
    "pn_county": "Co. Kerry",
    "pn_country": "Ireland",
    "pn_vernacular": "Com Dhíneol Thuaidh (ga) | An Dún Mór (ga)",
    "geo_raw": "52.110277, -10.473175",
    "geo_status": "asserted",
    "grid_raw": "430623, 598263",
    "gazetteer_uris": "https://www.logainm.ie/en/22572 | https://www.logainm.ie/en/1394328",
    "uri": "http://data.ogham.link/crm/findspot_I_KER_046"
   }
  },
  {
   "type": "Feature",
   "id": "I-KER-047",
   "geometry": {
    "type": "Point",
    "coordinates": [
     -10.264474,
     52.141376
    ]
   },
   "properties": {
    "file": "I-KER-047.xml",
    "stone_key": "I-KER-047",
    "ogham_id": "I-KER-047",
    "title": "Daingean Uí Chúis | Dingle",
    "ciic": "179",
    "cisp_url": "https://www.ucl.ac.uk/archaeology/cisp/database/stone/.html",
    "tm": "www.trismegistos.org/text/172540",
    "smr": "KE043-224027-",
    "origplace_text": "Dingle (Daingean Uí Chúis https://www.logainm.ie/en/22553) Co. Kerry Ireland ITM coordinates: 52.141376, -10.264474(very approximate)",
    "pn_townland": "Dingle (Daingean Uí Chúis)",
    "pn_county": "Co. Kerry",
    "pn_country": "Ireland",
    "geo_raw": "52.141376, -10.264474",
    "geo_status": "asserted",
    "uri": "http://data.ogham.link/crm/findspot_I_KER_047"
   }
  },
  {
   "type": "Feature",
   "id": "I-KER-048",
   "geometry": {
    "type": "Point",
    "coordinates": [
     -10.21622,
     52.131598
    ]
   },
   "properties": {
    "file": "I-KER-048.xml",
    "stone_key": "I-KER-048",
    "ogham_id": "I-KER-048",
    "title": "Imleach Dhún Séann | Emlagh East",
    "ciic": "180",
    "cisp_url": "https://www.ucl.ac.uk/archaeology/cisp/database/stone/.html",
    "tm": "www.trismegistos.org/text/172559",
    "smr": "KE053-040----",
    "origplace_text": "Emlagh East (Imleach Dhún Séann) Co. Kerry Ireland 52.131598, -10.216220 ITM coordinates: 448277, 600058",
    "pn_townland": "Emlagh East",
    "pn_county": "Co. Kerry",
    "pn_country": "Ireland",
    "pn_vernacular": "Imleach Dhún Séann (ga)",
    "geo_raw": "52.131598, -10.216220",
    "geo_status": "asserted",
    "grid_raw": "448277, 600058",
    "gazetteer_uris": "https://www.logainm.ie/en/22621",
    "uri": "http://data.ogham.link/crm/findspot_I_KER_048"
   }
  },
  {
   "type": "Feature",
   "id": "I-KER-049",
   "geometry": {
    "type": "Point",
    "coordinates": [
     -10.269093,
     52.136316
    ]
   },
   "properties": {
    "file": "I-KER-049.xml",
    "stone_key": "I-KER-049",
    "ogham_id": "I-KER-049",
    "title": "Imleach an Daingin | Emlagh West",
    "ciic": "181",
    "cisp_url": "https://www.ucl.ac.uk/archaeology/cisp/database/stone/.html",
    "tm": "www.trismegistos.org/text/172560",
    "smr": "KE053-016002-",
    "repository": "Músaem Chorca Dhuibhne",
    "origplace_text": "Emlagh West (Imleach an Daingin) Co. Kerry Ireland ITM coordinates: 52.136316, -10.269093(approximate)",
    "pn_townland": "Emlagh West",
    "pn_county": "Co. Kerry",
    "pn_country": "Ireland",
    "pn_vernacular": "Imleach an Daingin (ga)",
    "geo_raw": "52.136316, -10.269093",
    "geo_status": "asserted",
    "gazetteer_uris": "https://www.logainm.ie/en/22554",
    "uri": "http://data.ogham.link/crm/findspot_I_KER_049"
   }
  },
  {
   "type": "Feature",
   "id": "I-KER-050",
   "geometry": {
    "type": "Point",
    "coordinates": [
     -9.956816,
     52.182005
    ]
   },
   "properties": {
    "file": "I-KER-050.xml",
    "stone_key": "I-KER-050",
    "ogham_id": "I-KER-050",
    "title": "An Gleann Mór | Glanmore",
    "ciic": "182",
    "cisp": "GLNMO/1",
    "cisp_url": "https://www.ucl.ac.uk/archaeology/cisp/database/stone/GLNMO/1.html",
    "tm": "www.trismegistos.org/text/172575",
    "smr": "KE045-044----",
    "origplace_text": "Glanmore (An Gleann Mór https://www.logainm.ie/en/24602) Co. Kerry Ireland ITM coordinates: ITM Coordinates: 466186 , 605161 52.182005, -9.956816",
    "pn_townland": "Glanmore (An Gleann Mór)",
    "pn_county": "Co. Kerry",
    "pn_country": "Ireland",
    "geo_raw": "52.182005, -9.956816",
    "geo_status": "asserted",
    "grid_raw": "ITM Coordinates: 466186 , 605161",
    "uri": "http://data.ogham.link/crm/findspot_I_KER_050"
   }
  },
  {
   "type": "Feature",
   "id": "I-KER-051",
   "geometry": {
    "type": "Point",
    "coordinates": [
     -10.434394,
     52.100774
    ]
   },
   "properties": {
    "file": "I-KER-051.xml",
    "stone_key": "I-KER-051",
    "ogham_id": "I-KER-051",
    "title": "Gleann Fán | Glanfahan",
    "ciic": "183",
    "cisp": "GLHAN/1",
    "cisp_url": "https://www.ucl.ac.uk/archaeology/cisp/database/stone/GLHAN/1.html",
    "tm": "www.trismegistos.org/text/172486",
    "smr": "KE052-188003-",
    "repository": "National Museum of Ireland",
    "origplace_text": "Glanfahan (Gleann Fán https://www.logainm.ie/en/22787) Co. Kerry Ireland 52.100774, -10.434394 ITM coordinates: 433228, 597112",
    "pn_townland": "Glanfahan (Gleann Fán)",
    "pn_county": "Co. Kerry",
    "pn_country": "Ireland",
    "geo_raw": "52.100774, -10.434394",
    "geo_status": "asserted",
    "grid_raw": "433228, 597112",
    "uri": "http://data.ogham.link/crm/findspot_I_KER_051"
   }
  },
  {
   "type": "Feature",
   "id": "I-KER-052",
   "geometry": {
    "type": "Point",
    "coordinates": [
     -10.123942,
     52.142167
    ]
   },
   "properties": {
    "file": "I-KER-052.xml",
    "stone_key": "I-KER-052",
    "ogham_id": "I-KER-052",
    "title": "Gort na gCuileannach | Gortnagullanagh",
    "ciic": "184",
    "cisp": "GORGH/1",
    "cisp_url": "https://www.ucl.ac.uk/archaeology/cisp/database/stone/GORGH/1.html",
    "tm": "www.trismegistos.org/text/172580",
    "smr": "KE044-094002-",
    "repository": "National Museum of Ireland",
    "origplace_text": "Gortnagullanagh (Gort na gCuileannach https://www.logainm.ie/en/22764) Co. Kerry Ireland 52.142167, -10.123942 ITM coordinates: 454633, 601051",
    "pn_townland": "Gortnagullanagh (Gort na gCuileannach)",
    "pn_county": "Co. Kerry",
    "pn_country": "Ireland",
    "geo_raw": "52.142167, -10.123942",
    "geo_status": "asserted",
    "grid_raw": "454633, 601051",
    "uri": "http://data.ogham.link/crm/findspot_I_KER_052"
   }
  },
  {
   "type": "Feature",
   "id": "I-KER-053",
   "geometry": {
    "type": "Point",
    "coordinates": [
     -10.606102,
     52.044062
    ]
   },
   "properties": {
    "file": "I-KER-053.xml",
    "stone_key": "I-KER-053",
    "ogham_id": "I-KER-053",
    "title": "Inis Mhic Aoibhleáin | Inishvickillane",
    "ciic": "185",
    "cisp": "INVIC/1",
    "cisp_url": "https://www.ucl.ac.uk/archaeology/cisp/database/stone/INVIC/1.html",
    "tm": "www.trismegistos.org/text/172599",
    "smr": "KE061-006008-",
    "repository": "Trinity College Dublin",
    "origplace_text": "Inishvickillane (Inis Mhic Aoibhleáin) Co. Kerry Ireland 52.044062 , -10.606102 ITM coordinates: 421241, 591216",
    "pn_townland": "Inishvickillane",
    "pn_county": "Co. Kerry",
    "pn_country": "Ireland",
    "pn_vernacular": "Inis Mhic Aoibhleáin (ga)",
    "geo_raw": "52.044062 , -10.606102",
    "geo_status": "asserted",
    "grid_raw": "421241, 591216",
    "gazetteer_uris": "https://www.logainm.ie/en/22582",
    "uri": "http://data.ogham.link/crm/findspot_I_KER_053"
   }
  },
  {
   "type": "Feature",
   "id": "I-KER-054",
   "geometry": {
    "type": "Point",
    "coordinates": [
     -10.306548,
     52.157745
    ]
   },
   "properties": {
    "file": "I-KER-054.xml",
    "stone_key": "I-KER-054",
    "ogham_id": "I-KER-054",
    "title": "Cill Fhiontain | Kilfountan",
    "ciic": "186",
    "cisp": "KFNTN/1",
    "cisp_url": "https://www.ucl.ac.uk/archaeology/cisp/database/stone/KFNTN/1.html",
    "tm": "www.trismegistos.org/text/172616",
    "smr": "KE043-144005-",
    "origplace_text": "Kilfountan (Cill Fhiontain) Co. Kerry Ireland 52.157745, -10.306548 ITM coordinates: 442188, 603162",
    "pn_townland": "Kilfountan",
    "pn_county": "Co. Kerry",
    "pn_country": "Ireland",
    "pn_vernacular": "Cill Fhiontain (ga)",
    "geo_raw": "52.157745, -10.306548",
    "geo_status": "asserted",
    "grid_raw": "442188, 603162",
    "gazetteer_uris": "https://www.logainm.ie/en/22654",
    "uri": "http://data.ogham.link/crm/findspot_I_KER_054"
   }
  },
  {
   "type": "Feature",
   "id": "I-KER-055",
   "geometry": {
    "type": "Point",
    "coordinates": [
     -10.336555,
     52.18476
    ]
   },
   "properties": {
    "file": "I-KER-055.xml",
    "stone_key": "I-KER-055",
    "ogham_id": "I-KER-055",
    "title": "Cill Maoilchéadair | Kilmalkedar",
    "ciic": "187",
    "cisp": "KMKDR/3",
    "cisp_url": "https://www.ucl.ac.uk/archaeology/cisp/database/stone/KMKDR/3.html",
    "tm": "www.trismegistos.org/text/172874",
    "smr": "KE042-026001-",
    "origplace_text": "Kilmalkedar (Cill Maoilchéadair) Co. Kerry Ireland 52.184760, -10.336555 ITM coordinates: 440220, 606235",
    "pn_townland": "Kilmalkedar",
    "pn_county": "Co. Kerry",
    "pn_country": "Ireland",
    "pn_vernacular": "Cill Maoilchéadair (ga)",
    "geo_raw": "52.184760, -10.336555",
    "geo_status": "asserted",
    "grid_raw": "440220, 606235",
    "gazetteer_uris": "https://www.logainm.ie/en/22685",
    "uri": "http://data.ogham.link/crm/findspot_I_KER_055"
   }
  },
  {
   "type": "Feature",
   "id": "I-KER-056",
   "geometry": {
    "type": "Point",
    "coordinates": [
     -10.19658,
     52.12619
    ]
   },
   "properties": {
    "file": "I-KER-056.xml",
    "stone_key": "I-KER-056",
    "ogham_id": "I-KER-056",
    "title": "Cinn Aird | Kinard East 1",
    "ciic": "188",
    "cisp": "KINET/1",
    "cisp_url": "https://www.ucl.ac.uk/archaeology/cisp/database/stone/KINET/1.html",
    "tm": "www.trismegistos.org/text/172636",
    "smr": "KE053-053005-",
    "origplace_text": "Kinard East (Cinn Aird https://www.logainm.ie/en/22724) Co. Kerry Ireland 52.12619, -10.19658 ITM coordinates (approximate): 449604, 599419",
    "pn_townland": "Kinard East (Cinn Aird)",
    "pn_county": "Co. Kerry",
    "pn_country": "Ireland",
    "geo_raw": "52.12619, -10.19658",
    "geo_status": "asserted",
    "grid_raw": "449604, 599419",
    "uri": "http://data.ogham.link/crm/findspot_I_KER_056"
   }
  },
  {
   "type": "Feature",
   "id": "I-KER-057",
   "geometry": {
    "type": "Point",
    "coordinates": [
     -10.19661,
     52.12626
    ]
   },
   "properties": {
    "file": "I-KER-057.xml",
    "stone_key": "I-KER-057",
    "ogham_id": "I-KER-057",
    "title": "Cinn Aird | Kinard East 2",
    "ciic": "189",
    "cisp": "KINET/2",
    "cisp_url": "https://www.ucl.ac.uk/archaeology/cisp/database/stone/KINET/2.html",
    "tm": "www.trismegistos.org/text/172803",
    "smr": "KE053-053002-",
    "origplace_text": "Kinard East (Cinn Aird https://www.logainm.ie/en/22724) Co. Kerry Ireland 52.12626, -10.19661 ITM coordinates (approximate): 449614, 599423",
    "pn_townland": "Kinard East (Cinn Aird)",
    "pn_county": "Co. Kerry",
    "pn_country": "Ireland",
    "geo_raw": "52.12626, -10.19661",
    "geo_status": "asserted",
    "grid_raw": "449614, 599423",
    "uri": "http://data.ogham.link/crm/findspot_I_KER_057"
   }
  },
  {
   "type": "Feature",
   "id": "I-KER-058",
   "geometry": {
    "type": "Point",
    "coordinates": [
     -10.13075,
     52.13585
    ]
   },
   "properties": {
    "file": "I-KER-058.xml",
    "stone_key": "I-KER-058",
    "ogham_id": "I-KER-058",
    "title": "Log na gCapall | Lugnagappul 1",
    "ciic": "190",
    "cisp": "LUGUL/1",
    "cisp_url": "https://www.ucl.ac.uk/archaeology/cisp/database/stone/LUGUL/1.html",
    "tm": "www.trismegistos.org/text/172651",
    "smr": "KE054-033002-",
    "origplace_text": "Lugnagappul (Log na gCapall https://www.logainm.ie/en/22767) Co. Kerry Ireland ITM coordinates: 454147, 60036152.13585, -10.13075",
    "pn_townland": "Lugnagappul (Log na gCapall)",
    "pn_county": "Co. Kerry",
    "pn_country": "Ireland",
    "geo_raw": "52.13585, -10.13075",
    "geo_status": "asserted",
    "grid_raw": "454147, 600361",
    "uri": "http://data.ogham.link/crm/findspot_I_KER_058"
   }
  },
  {
   "type": "Feature",
   "id": "I-KER-059",
   "geometry": {
    "type": "Point",
    "coordinates": [
     -10.13075,
     52.13585
    ]
   },
   "properties": {
    "file": "I-KER-059.xml",
    "stone_key": "I-KER-059",
    "ogham_id": "I-KER-059",
    "title": "Log na gCapall | Lugnagappul 2",
    "ciic": "191",
    "cisp": "LUGUL/2",
    "cisp_url": "https://www.ucl.ac.uk/archaeology/cisp/database/stone/LUGUL/2.html",
    "tm": "www.trismegistos.org/text/172808",
    "smr": "KE054-033004-",
    "origplace_text": "Lugnagappul (Log na gCapall https://www.logainm.ie/en/22767) Co. Kerry Ireland ITM coordinates: 454147, 60036152.13585, -10.13075",
    "pn_townland": "Lugnagappul (Log na gCapall)",
    "pn_county": "Co. Kerry",
    "pn_country": "Ireland",
    "geo_raw": "52.13585, -10.13075",
    "geo_status": "asserted",
    "grid_raw": "454147, 600361",
    "uri": "http://data.ogham.link/crm/findspot_I_KER_059"
   }
  },
  {
   "type": "Feature",
   "id": "I-KER-060",
   "geometry": {
    "type": "Point",
    "coordinates": [
     -10.019614,
     52.257493
    ]
   },
   "properties": {
    "file": "I-KER-060.xml",
    "stone_key": "I-KER-060",
    "ogham_id": "I-KER-060",
    "title": "Martromán | Martramane",
    "ciic": "192",
    "cisp": "MRAME/1",
    "cisp_url": "https://www.ucl.ac.uk/archaeology/cisp/database/stone/MRAME/1.html",
    "tm": "www.trismegistos.org/text/172656",
    "smr": "KE036-084----",
    "repository": "National Museum of Ireland",
    "origplace_text": "Martramane (Martromán https://www.logainm.ie/en/22517) Co. Kerry Ireland 52.257493, -10.019614 approximate",
    "pn_townland": "Martramane (Martromán)",
    "pn_county": "Co. Kerry",
    "pn_country": "Ireland",
    "geo_raw": "52.257493, -10.019614",
    "geo_status": "asserted",
    "uri": "http://data.ogham.link/crm/findspot_I_KER_060"
   }
  },
  {
   "type": "Feature",
   "id": "I-KER-061",
   "geometry": {
    "type": "Point",
    "coordinates": [
     -10.35836,
     52.14371
    ]
   },
   "properties": {
    "file": "I-KER-061.xml",
    "stone_key": "I-KER-061",
    "ogham_id": "I-KER-061",
    "title": "Mám an Óraigh | Maumanorig",
    "ciic": "193",
    "cisp": "MAUIG/1",
    "cisp_url": "https://www.ucl.ac.uk/archaeology/cisp/database/stone/MAUIG/1.html",
    "tm": "www.trismegistos.org/text/172609",
    "smr": "KE042-141006-",
    "origplace_text": "Maumanorig (Mám an Óraigh https://www.logainm.ie/en/22789) Co. Kerry Ireland 52.14371, -10.35836 ITM coordinates (approximate): 438586, 601721",
    "pn_townland": "Maumanorig (Mám an Óraigh)",
    "pn_county": "Co. Kerry",
    "pn_country": "Ireland",
    "geo_raw": "52.14371, -10.35836",
    "geo_status": "asserted",
    "grid_raw": "438586, 601721",
    "uri": "http://data.ogham.link/crm/findspot_I_KER_061"
   }
  },
  {
   "type": "Feature",
   "id": "I-KER-062",
   "geometry": {
    "type": "Point",
    "coordinates": [
     -10.02801,
     52.16851
    ]
   },
   "properties": {
    "file": "I-KER-062.xml",
    "stone_key": "I-KER-062",
    "ogham_id": "I-KER-062",
    "title": "An Ráth Dubh | Rathduff 1",
    "ciic": "194",
    "cisp": "RTHDF/1",
    "cisp_url": "https://www.ucl.ac.uk/archaeology/cisp/database/stone/RTHDF/1.html",
    "tm": "www.trismegistos.org/text/172682",
    "smr": "KE045-025003-",
    "origplace_text": "Rathduff (An Ráth Dubh https://www.logainm.ie/en/22452) Co. Kerry Ireland 52.16851, -10.02801 ITM coordinates (approximate): 461275, 603792",
    "pn_townland": "Rathduff (An Ráth Dubh)",
    "pn_county": "Co. Kerry",
    "pn_country": "Ireland",
    "geo_raw": "52.16851, -10.02801",
    "geo_status": "asserted",
    "grid_raw": "461275, 603792",
    "uri": "http://data.ogham.link/crm/findspot_I_KER_062"
   }
  },
  {
   "type": "Feature",
   "id": "I-KER-063",
   "geometry": {
    "type": "Point",
    "coordinates": [
     -10.02826,
     52.16843
    ]
   },
   "properties": {
    "file": "I-KER-063.xml",
    "stone_key": "I-KER-063",
    "ogham_id": "I-KER-063",
    "title": "An Ráth Dubh | Rathduff 2",
    "ciic": "194A",
    "cisp": "RTHDF/2",
    "cisp_url": "https://www.ucl.ac.uk/archaeology/cisp/database/stone/RTHDF/2.html",
    "tm": "www.trismegistos.org/text/172815",
    "smr": "KE045-025004-",
    "origplace_text": "Rathduff (An Ráth Dubh https://www.logainm.ie/en/22452) Co. Kerry Ireland 52.16843, -10.02826 ITM coordinates (approximate): 461257, 603788",
    "pn_townland": "Rathduff (An Ráth Dubh)",
    "pn_county": "Co. Kerry",
    "pn_country": "Ireland",
    "geo_raw": "52.16843, -10.02826",
    "geo_status": "asserted",
    "grid_raw": "461257, 603788",
    "uri": "http://data.ogham.link/crm/findspot_I_KER_063"
   }
  },
  {
   "type": "Feature",
   "id": "I-KER-064",
   "geometry": {
    "type": "Point",
    "coordinates": [
     -9.992082,
     52.171589
    ]
   },
   "properties": {
    "file": "I-KER-064.xml",
    "stone_key": "I-KER-064",
    "ogham_id": "I-KER-064",
    "title": "Ráth Málóid | Rathmalode 1",
    "ciic": "195",
    "cisp": "RTHOD/1",
    "cisp_url": "https://www.ucl.ac.uk/archaeology/cisp/database/stone/RTHOD/1.html",
    "tm": "www.trismegistos.org/text/172686",
    "smr": "KE045-035003-",
    "repository": "National Museum of Ireland",
    "origplace_text": "Rathmalode (Ráth Málóid https://www.logainm.ie/en/22668) Co. Kerry Ireland ITM coordinates: 463747, 60406452.171589, -9.992082(probable)",
    "pn_townland": "Rathmalode (Ráth Málóid)",
    "pn_county": "Co. Kerry",
    "pn_country": "Ireland",
    "geo_raw": "52.171589, -9.992082",
    "geo_status": "asserted",
    "grid_raw": "463747, 604064",
    "uri": "http://data.ogham.link/crm/findspot_I_KER_064"
   }
  },
  {
   "type": "Feature",
   "id": "I-KER-065",
   "geometry": {
    "type": "Point",
    "coordinates": [
     -9.992082,
     52.171589
    ]
   },
   "properties": {
    "file": "I-KER-065.xml",
    "stone_key": "I-KER-065",
    "ogham_id": "I-KER-065",
    "title": "Ráth Málóid | Rathmalode 2",
    "ciic": "196",
    "cisp": "RTHOD/2",
    "cisp_url": "https://www.ucl.ac.uk/archaeology/cisp/database/stone/RTHOD/2.html",
    "tm": "www.trismegistos.org/text/172816",
    "smr": "KE045-035004-",
    "repository": "Músaem Chorca Dhuibhne",
    "origplace_text": "Rathmalode (Ráth Málóid https://www.logainm.ie/en/22668 Co. Kerry Ireland 52.171589, -9.992082 ITM coordinates (probable): 463747, 604064",
    "pn_townland": "Rathmalode",
    "pn_county": "Co. Kerry",
    "pn_country": "Ireland",
    "geo_raw": "52.171589, -9.992082",
    "geo_status": "asserted",
    "grid_raw": "463747, 604064",
    "uri": "http://data.ogham.link/crm/findspot_I_KER_065"
   }
  },
  {
   "type": "Feature",
   "id": "I-KER-066",
   "geometry": {
    "type": "Point",
    "coordinates": [
     -9.633728,
     52.0605
    ]
   },
   "properties": {
    "file": "I-KER-066.xml",
    "stone_key": "I-KER-066",
    "ogham_id": "I-KER-066",
    "title": "Cúil Má Gort | Coolmagort 1",
    "ciic": "197",
    "cisp": "COOLM/1",
    "cisp_url": "https://www.ucl.ac.uk/archaeology/cisp/database/stone/COOLM/1.html",
    "tm": "www.trismegistos.org/text/172521",
    "smr": "KE065-078003-",
    "origplace_text": "Coolmagort (Cúil Má Gort https://www.logainm.ie/en/23373) Co. Kerry Ireland 52.060500, -9.633728 ITM coordinates (souterrain according to OS maps, no surface trace): 487974, 591098",
    "pn_townland": "Coolmagort (Cúil Má Gort)",
    "pn_county": "Co. Kerry",
    "pn_country": "Ireland",
    "geo_raw": "52.060500, -9.633728",
    "geo_status": "asserted",
    "grid_raw": "487974, 591098",
    "uri": "http://data.ogham.link/crm/findspot_I_KER_066"
   }
  },
  {
   "type": "Feature",
   "id": "I-KER-067",
   "geometry": {
    "type": "Point",
    "coordinates": [
     -9.633728,
     52.0605
    ]
   },
   "properties": {
    "file": "I-KER-067.xml",
    "stone_key": "I-KER-067",
    "ogham_id": "I-KER-067",
    "title": "Cúil Má Gort | Coolmagort 2",
    "ciic": "198",
    "cisp": "COOLM/2",
    "cisp_url": "https://www.ucl.ac.uk/archaeology/cisp/database/stone/COOLM/2.html",
    "tm": "www.trismegistos.org/text/172957",
    "smr": "KE065-078004-",
    "origplace_text": "Coolmagort (Cúil Má Gort https://www.logainm.ie/en/23373) Co. Kerry Ireland 52.060500, -9.633728 ITM coordinates (souterrain according to OS maps, no surface trace): 487974, 591098",
    "pn_townland": "Coolmagort (Cúil Má Gort)",
    "pn_county": "Co. Kerry",
    "pn_country": "Ireland",
    "geo_raw": "52.060500, -9.633728",
    "geo_status": "asserted",
    "grid_raw": "487974, 591098",
    "uri": "http://data.ogham.link/crm/findspot_I_KER_067"
   }
  },
  {
   "type": "Feature",
   "id": "I-KER-068",
   "geometry": {
    "type": "Point",
    "coordinates": [
     -9.633728,
     52.0605
    ]
   },
   "properties": {
    "file": "I-KER-068.xml",
    "stone_key": "I-KER-068",
    "ogham_id": "I-KER-068",
    "title": "Cúil Má Gort | Coolmagort 3",
    "ciic": "199",
    "cisp": "COOLM/3",
    "cisp_url": "https://www.ucl.ac.uk/archaeology/cisp/database/stone/COOLM/3.html",
    "tm": "www.trismegistos.org/text/172958",
    "smr": "KE065-078001-",
    "origplace_text": "Coolmagort (Cúil Má Gort https://www.logainm.ie/en/23373) Co. Kerry Ireland 52.060500, -9.633728 ITM coordinates (souterrain according to OS maps, no surface trace): 487974, 591098",
    "pn_townland": "Coolmagort (Cúil Má Gort)",
    "pn_county": "Co. Kerry",
    "pn_country": "Ireland",
    "geo_raw": "52.060500, -9.633728",
    "geo_status": "asserted",
    "grid_raw": "487974, 591098",
    "uri": "http://data.ogham.link/crm/findspot_I_KER_068"
   }
  },
  {
   "type": "Feature",
   "id": "I-KER-069",
   "geometry": {
    "type": "Point",
    "coordinates": [
     -9.633728,
     52.0605
    ]
   },
   "properties": {
    "file": "I-KER-069.xml",
    "stone_key": "I-KER-069",
    "ogham_id": "I-KER-069",
    "title": "Cúil Má Gort | Coolmagort 4",
    "ciic": "200",
    "cisp": "COOLM/4",
    "cisp_url": "https://www.ucl.ac.uk/archaeology/cisp/database/stone/COOLM/4.html",
    "tm": "www.trismegistos.org/text/172959",
    "smr": "KE065-078005-",
    "origplace_text": "Coolmagort (Cúil Má Gort https://www.logainm.ie/en/23373) Co. Kerry Ireland 52.060500, -9.633728 ITM coordinates (souterrain according to OS maps, no surface trace): 487974, 591098",
    "pn_townland": "Coolmagort (Cúil Má Gort)",
    "pn_county": "Co. Kerry",
    "pn_country": "Ireland",
    "geo_raw": "52.060500, -9.633728",
    "geo_status": "asserted",
    "grid_raw": "487974, 591098",
    "uri": "http://data.ogham.link/crm/findspot_I_KER_069"
   }
  },
  {
   "type": "Feature",
   "id": "I-KER-070",
   "geometry": {
    "type": "Point",
    "coordinates": [
     -9.633728,
     52.0605
    ]
   },
   "properties": {
    "file": "I-KER-070.xml",
    "stone_key": "I-KER-070",
    "ogham_id": "I-KER-070",
    "title": "Cúil Má Gort | Coolmagort 5",
    "ciic": "201",
    "cisp": "COOLM/5",
    "cisp_url": "https://www.ucl.ac.uk/archaeology/cisp/database/stone/COOLM/5.html",
    "tm": "www.trismegistos.org/text/172960",
    "smr": "KE065-078006-",
    "origplace_text": "Coolmagort (Cúil Má Gort https://www.logainm.ie/en/23373) Co. Kerry Ireland 52.060500, -9.633728 ITM coordinates (souterrain according to OS maps, no surface trace): 487974, 591098",
    "pn_townland": "Coolmagort (Cúil Má Gort)",
    "pn_county": "Co. Kerry",
    "pn_country": "Ireland",
    "geo_raw": "52.060500, -9.633728",
    "geo_status": "asserted",
    "grid_raw": "487974, 591098",
    "uri": "http://data.ogham.link/crm/findspot_I_KER_070"
   }
  },
  {
   "type": "Feature",
   "id": "I-KER-071",
   "geometry": {
    "type": "Point",
    "coordinates": [
     -9.633728,
     52.0605
    ]
   },
   "properties": {
    "file": "I-KER-071.xml",
    "stone_key": "I-KER-071",
    "ogham_id": "I-KER-071",
    "title": "Cúil Má Gort | Coolmagort 6",
    "ciic": "202",
    "cisp": "COOLM/6",
    "cisp_url": "https://www.ucl.ac.uk/archaeology/cisp/database/stone/COOLM/6.html",
    "tm": "www.trismegistos.org/text/172961",
    "smr": "KE065-078007-",
    "origplace_text": "Coolmagort (Cúil Má Gort https://www.logainm.ie/en/23373) Co. Kerry Ireland 52.060500, -9.633728 ITM coordinates (souterrain according to OS maps, no surface trace): 487974, 591098",
    "pn_townland": "Coolmagort (Cúil Má Gort)",
    "pn_county": "Co. Kerry",
    "pn_country": "Ireland",
    "geo_raw": "52.060500, -9.633728",
    "geo_status": "asserted",
    "grid_raw": "487974, 591098",
    "uri": "http://data.ogham.link/crm/findspot_I_KER_071"
   }
  },
  {
   "type": "Feature",
   "id": "I-KER-072",
   "geometry": {
    "type": "Point",
    "coordinates": [
     -9.633728,
     52.0605
    ]
   },
   "properties": {
    "file": "I-KER-072.xml",
    "stone_key": "I-KER-072",
    "ogham_id": "I-KER-072",
    "title": "Cúil Má Gort | Coolmagort 7",
    "ciic": "203",
    "cisp": "COOLM/7",
    "cisp_url": "https://www.ucl.ac.uk/archaeology/cisp/database/stone/COOLM/7.html",
    "tm": "www.trismegistos.org/text/172962",
    "smr": "KE065-078008-",
    "origplace_text": "Coolmagort (Cúil Má Gort https://www.logainm.ie/en/23373) Co. Kerry Ireland 52.060500, -9.633728 ITM coordinates (souterrain according to OS maps, no surface trace): 487974, 591098",
    "pn_townland": "Coolmagort (Cúil Má Gort)",
    "pn_county": "Co. Kerry",
    "pn_country": "Ireland",
    "geo_raw": "52.060500, -9.633728",
    "geo_status": "asserted",
    "grid_raw": "487974, 591098",
    "uri": "http://data.ogham.link/crm/findspot_I_KER_072"
   }
  },
  {
   "type": "Feature",
   "id": "I-KER-073",
   "geometry": {
    "type": "Point",
    "coordinates": [
     -9.622576,
     52.211384
    ]
   },
   "properties": {
    "file": "I-KER-073.xml",
    "stone_key": "I-KER-073",
    "ogham_id": "I-KER-073",
    "title": "An Currach Mór Thoir | Curraghmore East",
    "ciic": "204",
    "cisp": "CURMO/1",
    "cisp_url": "https://www.ucl.ac.uk/archaeology/cisp/database/stone/CURMO/1.html",
    "tm": "www.trismegistos.org/text/173397",
    "smr": "KE038-059----",
    "origplace_text": "Curraghmore East (An Currach Mór Thoir https://www.logainm.ie/en/23611) Co. Kerry Ireland 52.211384, -9.622576 ITM coordinates: 489114, 607865",
    "pn_townland": "Curraghmore East (An Currach Mór Thoir)",
    "pn_county": "Co. Kerry",
    "pn_country": "Ireland",
    "geo_raw": "52.211384, -9.622576",
    "geo_status": "asserted",
    "grid_raw": "489114, 607865",
    "uri": "http://data.ogham.link/crm/findspot_I_KER_073"
   }
  },
  {
   "type": "Feature",
   "id": "I-KER-074",
   "geometry": {
    "type": "Point",
    "coordinates": [
     -9.8723,
     51.8183
    ]
   },
   "properties": {
    "file": "I-KER-074.xml",
    "stone_key": "I-KER-074",
    "ogham_id": "I-KER-074",
    "title": "\"Derrygarriv\" Doire Coinche | Derryquin 1",
    "ciic": "205",
    "cisp": "DERIV/1",
    "cisp_url": "https://www.ucl.ac.uk/archaeology/cisp/database/stone/DERIV/1.html",
    "tm": "www.trismegistos.org/text/172537",
    "smr": "KE073-017----",
    "repository": "National Museum of Ireland",
    "origplace_text": "Derryquin (Doire Coinche https://www.logainm.ie/en/23134). Found in Askive woods in this townland but MAC1945: Derrygarriv? Co. Kerry Ireland 51.8183, -9.8723 approximate",
    "pn_townland": "Derryquin (Doire Coinche)",
    "pn_county": "Co. Kerry",
    "pn_country": "Ireland",
    "geo_raw": "51.8183, -9.8723",
    "geo_status": "asserted",
    "uri": "http://data.ogham.link/crm/findspot_I_KER_074"
   }
  },
  {
   "type": "Feature",
   "id": "I-KER-075",
   "geometry": {
    "type": "Point",
    "coordinates": [
     -9.7458,
     52.07402
    ]
   },
   "properties": {
    "file": "I-KER-075.xml",
    "stone_key": "I-KER-075",
    "ogham_id": "I-KER-075",
    "title": "Cill Chuallachta Thoir | Kilcoolaght East 1",
    "ciic": "206",
    "cisp": "KLCOO/1",
    "cisp_url": "https://www.ucl.ac.uk/archaeology/cisp/database/stone/KLCOO/1.html",
    "tm": "www.trismegistos.org/text/172611",
    "smr": "KE065-003002-",
    "origplace_text": "Kilcoolaght East (Cill Chuallachta Thoir https://www.logainm.ie/en/23473) Co. Kerry Ireland 52.07402, -9.74580 ITM coordinates (approximate): 480329, 592782",
    "pn_townland": "Kilcoolaght East (Cill Chuallachta Thoir)",
    "pn_county": "Co. Kerry",
    "pn_country": "Ireland",
    "geo_raw": "52.07402, -9.74580",
    "geo_status": "asserted",
    "grid_raw": "480329, 592782",
    "uri": "http://data.ogham.link/crm/findspot_I_KER_075"
   }
  },
  {
   "type": "Feature",
   "id": "I-KER-076",
   "geometry": {
    "type": "Point",
    "coordinates": [
     -9.7458,
     52.07402
    ]
   },
   "properties": {
    "file": "I-KER-076.xml",
    "stone_key": "I-KER-076",
    "ogham_id": "I-KER-076",
    "title": "Cill Chuallachta Thoir | Kilcoolaght East 2",
    "ciic": "207",
    "cisp": "KLCOO/2",
    "cisp_url": "https://www.ucl.ac.uk/archaeology/cisp/database/stone/KLCOO/2.html",
    "tm": "www.trismegistos.org/text/172966",
    "smr": "KE065-003005-",
    "origplace_text": "Kilcoolaght East (Cill Chuallachta Thoir https://www.logainm.ie/en/23473) Co. Kerry Ireland ITM coordinates: 480329, 592782 52.07402, -9.74580",
    "pn_townland": "Kilcoolaght East (Cill Chuallachta Thoir)",
    "pn_county": "Co. Kerry",
    "pn_country": "Ireland",
    "geo_raw": "52.07402, -9.74580",
    "geo_status": "asserted",
    "grid_raw": "480329, 592782",
    "uri": "http://data.ogham.link/crm/findspot_I_KER_076"
   }
  },
  {
   "type": "Feature",
   "id": "I-KER-077",
   "geometry": {
    "type": "Point",
    "coordinates": [
     -9.7458,
     52.07402
    ]
   },
   "properties": {
    "file": "I-KER-077.xml",
    "stone_key": "I-KER-077",
    "ogham_id": "I-KER-077",
    "title": "Cill Chuallachta Thoir | Kilcoolaght East 3",
    "ciic": "208",
    "cisp": "KLCOO/3",
    "cisp_url": "https://www.ucl.ac.uk/archaeology/cisp/database/stone/KLCOO/3.html",
    "tm": "www.trismegistos.org/text/172971",
    "smr": "KE065-003006-",
    "origplace_text": "Kilcoolaght East (Cill Chuallachta Thoir https://www.logainm.ie/en/23473) Co. Kerry Ireland ITM coordinates: 480329, 592782 52.07402, -9.74580",
    "pn_townland": "Kilcoolaght East (Cill Chuallachta Thoir)",
    "pn_county": "Co. Kerry",
    "pn_country": "Ireland",
    "geo_raw": "52.07402, -9.74580",
    "geo_status": "asserted",
    "grid_raw": "480329, 592782",
    "uri": "http://data.ogham.link/crm/findspot_I_KER_077"
   }
  },
  {
   "type": "Feature",
   "id": "I-KER-078",
   "geometry": {
    "type": "Point",
    "coordinates": [
     -9.7458,
     52.07402
    ]
   },
   "properties": {
    "file": "I-KER-078.xml",
    "stone_key": "I-KER-078",
    "ogham_id": "I-KER-078",
    "title": "Cill Chuallachta Thoir | Kilcoolaght East 4",
    "ciic": "209",
    "cisp": "KLCOO/4",
    "cisp_url": "https://www.ucl.ac.uk/archaeology/cisp/database/stone/KLCOO/4.html",
    "tm": "www.trismegistos.org/text/172976",
    "smr": "KE065-003007-",
    "origplace_text": "Kilcoolaght East (Cill Chuallachta Thoir https://www.logainm.ie/en/23473) Co. Kerry Ireland ITM coordinates: 480329, 592782 52.07402, -9.74580",
    "pn_townland": "Kilcoolaght East (Cill Chuallachta Thoir)",
    "pn_county": "Co. Kerry",
    "pn_country": "Ireland",
    "geo_raw": "52.07402, -9.74580",
    "geo_status": "asserted",
    "grid_raw": "480329, 592782",
    "uri": "http://data.ogham.link/crm/findspot_I_KER_078"
   }
  },
  {
   "type": "Feature",
   "id": "I-KER-079",
   "geometry": {
    "type": "Point",
    "coordinates": [
     -9.7458,
     52.07402
    ]
   },
   "properties": {
    "file": "I-KER-079.xml",
    "stone_key": "I-KER-079",
    "ogham_id": "I-KER-079",
    "title": "Cill Chuallachta Thoir | Kilcoolaght East 5",
    "ciic": "210",
    "cisp": "KLCOO/5",
    "cisp_url": "https://www.ucl.ac.uk/archaeology/cisp/database/stone/KLCOO/5.html",
    "tm": "www.trismegistos.org/text/172981",
    "smr": "KE065-003009-",
    "origplace_text": "Kilcoolaght East (Cill Chuallachta Thoir https://www.logainm.ie/en/23473) Co. Kerry Ireland 52.07402, -9.74580 ITM coordinates (approximate): 480329, 592782",
    "pn_townland": "Kilcoolaght East (Cill Chuallachta Thoir)",
    "pn_county": "Co. Kerry",
    "pn_country": "Ireland",
    "geo_raw": "52.07402, -9.74580",
    "geo_status": "asserted",
    "grid_raw": "480329, 592782",
    "uri": "http://data.ogham.link/crm/findspot_I_KER_079"
   }
  },
  {
   "type": "Feature",
   "id": "I-KER-080",
   "geometry": {
    "type": "Point",
    "coordinates": [
     -9.7458,
     52.07402
    ]
   },
   "properties": {
    "file": "I-KER-080.xml",
    "stone_key": "I-KER-080",
    "ogham_id": "I-KER-080",
    "title": "Cill Chuallachta Thoir | Kilcoolaght East 6",
    "ciic": "211",
    "cisp": "KLCOO/6",
    "cisp_url": "https://www.ucl.ac.uk/archaeology/cisp/database/stone/KLCOO/6.html",
    "tm": "www.trismegistos.org/text/172986",
    "smr": "KE065-003008-",
    "origplace_text": "Kilcoolaght East (Cill Chuallachta Thoir https://www.logainm.ie/en/23473) Co. Kerry Ireland ITM coordinates: 480329, 592782 52.07402, -9.74580",
    "pn_townland": "Kilcoolaght East (Cill Chuallachta Thoir)",
    "pn_county": "Co. Kerry",
    "pn_country": "Ireland",
    "geo_raw": "52.07402, -9.74580",
    "geo_status": "asserted",
    "grid_raw": "480329, 592782",
    "uri": "http://data.ogham.link/crm/findspot_I_KER_080"
   }
  },
  {
   "type": "Feature",
   "id": "I-KER-081",
   "geometry": {
    "type": "Point",
    "coordinates": [
     -9.7458,
     52.07402
    ]
   },
   "properties": {
    "file": "I-KER-081.xml",
    "stone_key": "I-KER-081",
    "ogham_id": "I-KER-081",
    "title": "Cill Chuallachta Thoir | Kilcoolaght East 7",
    "ciic": "212",
    "cisp": "KLCOO/7",
    "cisp_url": "https://www.ucl.ac.uk/archaeology/cisp/database/stone/KLCOO/7.html",
    "tm": "www.trismegistos.org/text/172991",
    "smr": "KE065-003009-",
    "origplace_text": "Kilcoolaght East (Cill Chuallachta Thoir https://www.logainm.ie/en/23473) Co. Kerry Ireland 52.07402, -9.74580 ITM coordinates (approximate): 480329, 592782>",
    "pn_townland": "Kilcoolaght East (Cill Chuallachta Thoir)",
    "pn_county": "Co. Kerry",
    "pn_country": "Ireland",
    "geo_raw": "52.07402, -9.74580",
    "geo_status": "asserted",
    "grid_raw": "480329, 592782",
    "uri": "http://data.ogham.link/crm/findspot_I_KER_081"
   }
  },
  {
   "type": "Feature",
   "id": "I-KER-082",
   "geometry": {
    "type": "Point",
    "coordinates": [
     -9.7458,
     52.07402
    ]
   },
   "properties": {
    "file": "I-KER-082.xml",
    "stone_key": "I-KER-082",
    "ogham_id": "I-KER-082",
    "title": "Cill Chuallachta Thoir | Kilcoolaght East 8",
    "ciic": "213",
    "cisp": "KLCOO/8",
    "cisp_url": "https://www.ucl.ac.uk/archaeology/cisp/database/stone/KLCOO/8.html",
    "tm": "www.trismegistos.org/text/172996",
    "smr": "KE065-003010-",
    "origplace_text": "Kilcoolaght East (Cill Chuallachta Thoir https://www.logainm.ie/en/23473) Co. Kerry Ireland ITM coordinates: 480329, 592782 52.07402, -9.74580",
    "pn_townland": "Kilcoolaght East (Cill Chuallachta Thoir)",
    "pn_county": "Co. Kerry",
    "pn_country": "Ireland",
    "geo_raw": "52.07402, -9.74580",
    "geo_status": "asserted",
    "grid_raw": "480329, 592782",
    "uri": "http://data.ogham.link/crm/findspot_I_KER_082"
   }
  },
  {
   "type": "Feature",
   "id": "I-KER-084",
   "geometry": {
    "type": "Point",
    "coordinates": [
     -9.722075,
     52.063009
    ]
   },
   "properties": {
    "file": "I-KER-084.xml",
    "stone_key": "I-KER-084",
    "ogham_id": "I-KER-084",
    "title": "Cill Ghobnait |Kilgobnet",
    "ciic": "214",
    "cisp": "KLGOB/1",
    "cisp_url": "https://www.ucl.ac.uk/archaeology/cisp/database/stone/KLGOB/1.html",
    "tm": "www.trismegistos.org/text/172844",
    "smr": "KE065-109001-",
    "origplace_text": "Kilgobnet (Cill Ghobnait https://www.logainm.ie/en/23483) Co. Kerry Ireland 52.063009 , -9.722075 (possible original location) ITM coordinates: 481923 , 591517",
    "pn_townland": "Kilgobnet (Cill Ghobnait)",
    "pn_county": "Co. Kerry",
    "pn_country": "Ireland",
    "geo_raw": "52.063009 , -9.722075 (possible original location)",
    "geo_hedge": "possible original location",
    "geo_status": "qualified",
    "grid_raw": "481923 , 591517",
    "uri": "http://data.ogham.link/crm/findspot_I_KER_084"
   }
  },
  {
   "type": "Feature",
   "id": "I-KER-085",
   "geometry": {
    "type": "Point",
    "coordinates": [
     -9.70064,
     52.08496
    ]
   },
   "properties": {
    "file": "I-KER-085.xml",
    "stone_key": "I-KER-085",
    "ogham_id": "I-KER-085",
    "title": "Bánchluain | Whitefield 1",
    "ciic": "215",
    "cisp": "WHFLD/1",
    "cisp_url": "https://www.ucl.ac.uk/archaeology/cisp/database/stone/WHFLD/1.html",
    "tm": "www.trismegistos.org/text/172727",
    "smr": "KE057-107----",
    "repository": "National Museum of Ireland",
    "origplace_text": "Whitefield (Bánchluain https://www.logainm.ie/en/23487) Co. Kerry Ireland 52.08496, -9.70064 approximate",
    "pn_townland": "Whitefield (Bánchluain)",
    "pn_county": "Co. Kerry",
    "pn_country": "Ireland",
    "geo_raw": "52.08496, -9.70064",
    "geo_status": "asserted",
    "uri": "http://data.ogham.link/crm/findspot_I_KER_085"
   }
  },
  {
   "type": "Feature",
   "id": "I-KER-086",
   "geometry": {
    "type": "Point",
    "coordinates": [
     -9.70064,
     52.08496
    ]
   },
   "properties": {
    "file": "I-KER-086.xml",
    "stone_key": "I-KER-086",
    "ogham_id": "I-KER-086",
    "title": "Bánchluain | Whitefield 2",
    "ciic": "216",
    "cisp": "WHFLD/2",
    "cisp_url": "https://www.ucl.ac.uk/archaeology/cisp/database/stone/WHFLD/2.html",
    "tm": "www.trismegistos.org/text/172908",
    "smr": "KE057-107002-",
    "repository": "National Museum of Ireland",
    "origplace_text": "Whitefield (Bánchluain https://www.logainm.ie/en/23487) Co. Kerry Ireland 52.08496, -9.70064 approximate",
    "pn_townland": "Whitefield (Bánchluain)",
    "pn_county": "Co. Kerry",
    "pn_country": "Ireland",
    "geo_raw": "52.08496, -9.70064",
    "geo_status": "asserted",
    "uri": "http://data.ogham.link/crm/findspot_I_KER_086"
   }
  },
  {
   "type": "Feature",
   "id": "I-KER-087",
   "geometry": {
    "type": "Point",
    "coordinates": [
     -9.70064,
     52.08496
    ]
   },
   "properties": {
    "file": "I-KER-087.xml",
    "stone_key": "I-KER-087",
    "ogham_id": "I-KER-087",
    "title": "Bánchluain | Whitefield 3",
    "ciic": "217",
    "cisp": "WHFLD/3",
    "cisp_url": "https://www.ucl.ac.uk/archaeology/cisp/database/stone/WHFLD/3.html",
    "tm": "www.trismegistos.org/text/172912",
    "smr": "KE057-107003-",
    "repository": "National Museum of Ireland",
    "origplace_text": "Whitefield (Bánchluain https://www.logainm.ie/en/23487) Co. Kerry Ireland 52.08496, -9.70064 ITM coordinates (approximate):",
    "pn_townland": "Whitefield (Bánchluain)",
    "pn_county": "Co. Kerry",
    "pn_country": "Ireland",
    "geo_raw": "52.08496, -9.70064",
    "geo_status": "asserted",
    "uri": "http://data.ogham.link/crm/findspot_I_KER_087"
   }
  },
  {
   "type": "Feature",
   "id": "I-KER-088",
   "geometry": {
    "type": "Point",
    "coordinates": [
     -9.70064,
     52.08496
    ]
   },
   "properties": {
    "file": "I-KER-088.xml",
    "stone_key": "I-KER-088",
    "ogham_id": "I-KER-088",
    "title": "Bánchluain | Whitefield 4",
    "ciic": "218",
    "cisp": "WHFLD/4",
    "cisp_url": "https://www.ucl.ac.uk/archaeology/cisp/database/stone/WHFLD/4.html",
    "tm": "www.trismegistos.org/text/172916",
    "smr": "KE057-107004-",
    "repository": "National Museum of Ireland",
    "origplace_text": "Whitefield (Bánchluain https://www.logainm.ie/en/23487) Co. Kerry Ireland 52.08496, -9.70064 approximate",
    "pn_townland": "Whitefield (Bánchluain)",
    "pn_county": "Co. Kerry",
    "pn_country": "Ireland",
    "geo_raw": "52.08496, -9.70064",
    "geo_status": "asserted",
    "uri": "http://data.ogham.link/crm/findspot_I_KER_088"
   }
  },
  {
   "type": "Feature",
   "id": "I-KER-089",
   "geometry": {
    "type": "Point",
    "coordinates": [
     -9.70064,
     52.08496
    ]
   },
   "properties": {
    "file": "I-KER-089.xml",
    "stone_key": "I-KER-089",
    "ogham_id": "I-KER-089",
    "title": "Bánchluain | Whitefield 5",
    "ciic": "218A",
    "cisp": "WHFLD/5",
    "cisp_url": "https://www.ucl.ac.uk/archaeology/cisp/database/stone/WHFLD/5.html",
    "tm": "www.trismegistos.org/text/172920",
    "smr": "KE057-108----",
    "origplace_text": "Whitefield (Bánchluain https://www.logainm.ie/en/23487) Co. Kerry Ireland 52.08496, -9.70064 approximate",
    "pn_townland": "Whitefield (Bánchluain)",
    "pn_county": "Co. Kerry",
    "pn_country": "Ireland",
    "geo_raw": "52.08496, -9.70064",
    "geo_status": "asserted",
    "uri": "http://data.ogham.link/crm/findspot_I_KER_089"
   }
  },
  {
   "type": "Feature",
   "id": "I-KER-090",
   "geometry": {
    "type": "Point",
    "coordinates": [
     -9.75202,
     51.90374
    ]
   },
   "properties": {
    "file": "I-KER-090.xml",
    "stone_key": "I-KER-090",
    "ogham_id": "I-KER-090",
    "title": "Doire Ghearráin Theas | Derrygarrane South",
    "ciic": "219",
    "cisp": "DEGAS/1",
    "cisp_url": "https://www.ucl.ac.uk/archaeology/cisp/database/stone/DEGAS/1.html",
    "tm": "www.trismegistos.org/text/172536",
    "smr": "KE092-001001-",
    "origplace_text": "Derrygarrane South (Doire Ghearráin Theas https://www.logainm.ie/en/23103) Co. Kerry Ireland 51.90374, -9.75202 approximate",
    "pn_townland": "Derrygarrane South (Doire Ghearráin Theas)",
    "pn_county": "Co. Kerry",
    "pn_country": "Ireland",
    "geo_raw": "51.90374, -9.75202",
    "geo_status": "asserted",
    "uri": "http://data.ogham.link/crm/findspot_I_KER_090"
   }
  },
  {
   "type": "Feature",
   "id": "I-KER-091",
   "geometry": {
    "type": "Point",
    "coordinates": [
     -10.1207,
     51.7636
    ]
   },
   "properties": {
    "file": "I-KER-091.xml",
    "stone_key": "I-KER-091",
    "ogham_id": "I-KER-091",
    "title": "Doire Fhíonáin Beag |Darrynane Beg",
    "ciic": "220",
    "cisp": "DENAN/1",
    "cisp_url": "https://www.ucl.ac.uk/archaeology/cisp/database/stone/DENAN/1.html",
    "tm": "www.trismegistos.org/text/172538",
    "smr": "KE106-114----",
    "origplace_text": "Darrynane (Doire Fhíonáin Beag https://www.logainm.ie/en/22212) Co. Kerry Ireland ITM coordinates: 51.7636, -10.1207",
    "pn_townland": "Darrynane (Doire Fhíonáin Beag)",
    "pn_county": "Co. Kerry",
    "pn_country": "Ireland",
    "geo_raw": "51.7636, -10.1207",
    "geo_status": "asserted",
    "uri": "http://data.ogham.link/crm/findspot_I_KER_091"
   }
  },
  {
   "type": "Feature",
   "id": "I-KER-092",
   "geometry": {
    "type": "Point",
    "coordinates": [
     -9.78809,
     51.87329
    ]
   },
   "properties": {
    "file": "I-KER-092.xml",
    "stone_key": "I-KER-092",
    "ogham_id": "I-KER-092",
    "title": "Drom Loiscthe | Dromlusk",
    "ciic": "221",
    "cisp": "DRLUS/1",
    "cisp_url": "https://www.ucl.ac.uk/archaeology/cisp/database/stone/DRLUS/1.html",
    "tm": "www.trismegistos.org/text/172546",
    "smr": "KE091-103001-",
    "origplace_text": "Dromlusk (Drom Loiscthe https://www.logainm.ie/en/23160) Co. Kerry Ireland ITM coordinates: 51.87329, -9.78809",
    "pn_townland": "Dromlusk (Drom Loiscthe)",
    "pn_county": "Co. Kerry",
    "pn_country": "Ireland",
    "geo_raw": "51.87329, -9.78809",
    "geo_status": "asserted",
    "uri": "http://data.ogham.link/crm/findspot_I_KER_092"
   }
  },
  {
   "type": "Feature",
   "id": "I-KER-093",
   "geometry": {
    "type": "Point",
    "coordinates": [
     -9.4685,
     51.9532
    ]
   },
   "properties": {
    "file": "I-KER-093.xml",
    "stone_key": "I-KER-093",
    "ogham_id": "I-KER-093",
    "title": "An Mhangarta | Mangerton",
    "ciic": "222",
    "cisp": "MANGE/1",
    "cisp_url": "https://www.ucl.ac.uk/archaeology/cisp/database/stone/MANGE/1.html",
    "tm": "www.trismegistos.org/text/172654",
    "smr": "KE074-009----",
    "origplace_text": "Mangerton (An Mhangarta https://www.logainm.ie/en/23087) Co. Kerry Ireland 51.9532, -9.4685 very approximate",
    "pn_townland": "Mangerton (An Mhangarta)",
    "pn_county": "Co. Kerry",
    "pn_country": "Ireland",
    "geo_raw": "51.9532, -9.4685",
    "geo_status": "asserted",
    "uri": "http://data.ogham.link/crm/findspot_I_KER_093"
   }
  },
  {
   "type": "Feature",
   "id": "I-KER-094",
   "geometry": {
    "type": "Point",
    "coordinates": [
     -9.872346,
     51.818379
    ]
   },
   "properties": {
    "file": "I-KER-094.xml",
    "stone_key": "I-KER-094",
    "ogham_id": "I-KER-094",
    "title": "\"Parknasilla\" Doire Coinche | Derryquin 2\"",
    "ciic": "223",
    "cisp": "PRKLA/1",
    "cisp_url": "https://www.ucl.ac.uk/archaeology/cisp/database/stone/PRKLA/1.html",
    "tm": "www.trismegistos.org/text/173401",
    "smr": "KE100-043----",
    "repository": "National Museum of Ireland",
    "origplace_text": "Derryquin (Doire Coinche https://www.logainm.ie/en/23134). Co. Kerry Ireland 51.818379, -9.872346 approximate",
    "pn_townland": "Derryquin (Doire Coinche).",
    "pn_county": "Co. Kerry",
    "pn_country": "Ireland",
    "geo_raw": "51.818379, -9.872346",
    "geo_status": "asserted",
    "uri": "http://data.ogham.link/crm/findspot_I_KER_094"
   }
  },
  {
   "type": "Feature",
   "id": "I-KER-095",
   "geometry": {
    "type": "Point",
    "coordinates": [
     -9.525148,
     51.884794
    ]
   },
   "properties": {
    "file": "I-KER-095.xml",
    "stone_key": "I-KER-095",
    "ogham_id": "I-KER-095",
    "title": "Drom an tSeabhaic | Dromatouk",
    "ciic": "224",
    "cisp": "DROUK/1",
    "cisp_url": "https://www.ucl.ac.uk/archaeology/cisp/database/stone/DROUK/1.html",
    "tm": "www.trismegistos.org/text/172544",
    "smr": "KE093-026002-",
    "origplace_text": "Dromatouk (Drom an tSeabhaic https://www.logainm.ie/en/22863) Co. Kerry Ireland 51.884794, -9.525148 ITM coordinates: 495009, 571391",
    "pn_townland": "Dromatouk (Drom an tSeabhaic)",
    "pn_county": "Co. Kerry",
    "pn_country": "Ireland",
    "geo_raw": "51.884794, -9.525148",
    "geo_status": "asserted",
    "grid_raw": "495009, 571391",
    "uri": "http://data.ogham.link/crm/findspot_I_KER_095"
   }
  },
  {
   "type": "Feature",
   "id": "I-KER-096",
   "geometry": {
    "type": "Point",
    "coordinates": [
     -9.445252,
     51.87221
    ]
   },
   "properties": {
    "file": "I-KER-096.xml",
    "stone_key": "I-KER-096",
    "ogham_id": "I-KER-096",
    "title": "\"\"\"Gortmaccree\"\" (Gurteenmacree, later Gurteen, parish of Kilgarvan)\"",
    "ciic": "225",
    "cisp": "GRTMA/1",
    "cisp_url": "https://www.ucl.ac.uk/archaeology/cisp/database/stone/GRTMA/1.html",
    "tm": "www.trismegistos.org/text/173399",
    "smr": "KE094-082----",
    "origplace_text": "Gurteen Co. Kerry Ireland 51.872210, -9.445252 ITM coordinates (if correctly identified): 500481, 569879",
    "pn_townland": "Gurteen",
    "pn_county": "Co. Kerry",
    "pn_country": "Ireland",
    "geo_raw": "51.872210, -9.445252",
    "geo_status": "asserted",
    "grid_raw": "500481, 569879",
    "uri": "http://data.ogham.link/crm/findspot_I_KER_096"
   }
  },
  {
   "type": "Feature",
   "id": "I-KER-097",
   "geometry": {
    "type": "Point",
    "coordinates": [
     -9.415211,
     51.840526
    ]
   },
   "properties": {
    "file": "I-KER-097.xml",
    "stone_key": "I-KER-097",
    "ogham_id": "I-KER-097",
    "title": "Inse na nEach | Inchinanagh",
    "ciic": "226",
    "cisp": "INAGH/1",
    "cisp_url": "https://www.ucl.ac.uk/archaeology/cisp/database/stone/INAGH/1.html",
    "tm": "www.trismegistos.org/text/172593",
    "smr": "KE103-027----",
    "origplace_text": "Inchinanagh (Inse na nEach https://www.logainm.ie/en/22966) Co. Kerry Ireland 51.840526, -9.415211 ITM coordinates: 502481, 566314",
    "pn_townland": "Inchinanagh (Inse na nEach)",
    "pn_county": "Co. Kerry",
    "pn_country": "Ireland",
    "geo_raw": "51.840526, -9.415211",
    "geo_status": "asserted",
    "grid_raw": "502481, 566314",
    "uri": "http://data.ogham.link/crm/findspot_I_KER_097"
   }
  },
  {
   "type": "Feature",
   "id": "I-KER-098",
   "geometry": {
    "type": "Point",
    "coordinates": [
     -9.424806,
     51.883378
    ]
   },
   "properties": {
    "file": "I-KER-098.xml",
    "stone_key": "I-KER-098",
    "ogham_id": "I-KER-098",
    "title": "An Lománach | Lomanagh",
    "ciic": "227",
    "cisp": "LMNGH/1",
    "cisp_url": "https://www.ucl.ac.uk/archaeology/cisp/database/stone/LMNGH/1.html",
    "tm": "www.trismegistos.org/text/172650",
    "smr": "KE094-018001-",
    "origplace_text": "Lomanagh (An Lománach https://www.logainm.ie/en/22988) Co. Kerry Ireland 51.883378, -9.424806 ITM coordinates: 501912 , 571089",
    "pn_townland": "Lomanagh (An Lománach)",
    "pn_county": "Co. Kerry",
    "pn_country": "Ireland",
    "geo_raw": "51.883378, -9.424806",
    "geo_status": "asserted",
    "grid_raw": "501912 , 571089",
    "uri": "http://data.ogham.link/crm/findspot_I_KER_098"
   }
  },
  {
   "type": "Feature",
   "id": "I-KER-099",
   "geometry": {
    "type": "Point",
    "coordinates": [
     -9.421646,
     52.571346
    ]
   },
   "properties": {
    "file": "I-KER-099.xml",
    "stone_key": "I-KER-099",
    "ogham_id": "I-KER-099",
    "title": "Na Ceathrúna | Carhoona",
    "ciic": "228",
    "cisp": "COHIL/1",
    "cisp_url": "https://www.ucl.ac.uk/archaeology/cisp/database/stone/COHIL/1.html",
    "tm": "www.trismegistos.org/text/172516",
    "smr": "KE003-070----",
    "repository": "Pitt-Rivers Museum, Oxford",
    "origplace_text": "Carhoona (Na Ceathrúna https://www.logainm.ie/en/24177/; Kilnaughtin graveyard (KE003-008001) Cill Neachtain https://www.logainm.ie/en/1436753) Co. Kerry Ireland 52.571346, -9.421646 ITM coordinates: 503636, 647616",
    "pn_townland": "Carhoona (Na Ceathrúna Kilnaughtin graveyard (KE003-008001) Cill Neachtain)",
    "pn_county": "Co. Kerry",
    "pn_country": "Ireland",
    "geo_raw": "52.571346, -9.421646",
    "geo_status": "asserted",
    "grid_raw": "503636, 647616",
    "uri": "http://data.ogham.link/crm/findspot_I_KER_099"
   }
  },
  {
   "type": "Feature",
   "id": "I-KER-100",
   "geometry": {
    "type": "Point",
    "coordinates": [
     -10.18551,
     51.92166
    ]
   },
   "properties": {
    "file": "I-KER-100.xml",
    "stone_key": "I-KER-100",
    "ogham_id": "I-KER-100",
    "title": "Ceann Boirinn | Canburrin",
    "ciic": "229",
    "cisp": "CARIN/1",
    "cisp_url": "https://www.ucl.ac.uk/archaeology/cisp/database/stone/CARIN/1.html",
    "tm": "www.trismegistos.org/text/172490",
    "smr": "KE080-045----",
    "origplace_text": "Canburrin (Ceann Boirinn https://www.logainm.ie/en/22094) Co. Kerry Ireland 51.92166, -10.18551 ITM coordinates (approximate): 449673, 576651",
    "pn_townland": "Canburrin (Ceann Boirinn)",
    "pn_county": "Co. Kerry",
    "pn_country": "Ireland",
    "geo_raw": "51.92166, -10.18551",
    "geo_status": "asserted",
    "grid_raw": "449673, 576651",
    "uri": "http://data.ogham.link/crm/findspot_I_KER_100"
   }
  },
  {
   "type": "Feature",
   "id": "I-KER-101",
   "geometry": {
    "type": "Point",
    "coordinates": [
     -10.18373,
     51.8884
    ]
   },
   "properties": {
    "file": "I-KER-101.xml",
    "stone_key": "I-KER-101",
    "ogham_id": "I-KER-101",
    "title": "Clochán Cárthainn | Cloghanecarhan",
    "ciic": "230",
    "cisp": "CLCAH/1",
    "cisp_url": "https://www.ucl.ac.uk/archaeology/cisp/database/stone/CLCAH/1.html",
    "tm": "www.trismegistos.org/text/172504",
    "smr": "KE089-011008-",
    "origplace_text": "Cloghanecarhan (Clochán Cárthainn https://www.logainm.ie/en/22255) Co. Kerry Ireland 51.88840, -10.18373 ITM coordinates (approximate): 449686, 572947",
    "pn_townland": "Cloghanecarhan (Clochán Cárthainn)",
    "pn_county": "Co. Kerry",
    "pn_country": "Ireland",
    "geo_raw": "51.88840, -10.18373",
    "geo_status": "asserted",
    "grid_raw": "449686, 572947",
    "uri": "http://data.ogham.link/crm/findspot_I_KER_101"
   }
  },
  {
   "type": "Feature",
   "id": "I-KER-102",
   "geometry": {
    "type": "Point",
    "coordinates": [
     -10.3589,
     51.9111
    ]
   },
   "properties": {
    "file": "I-KER-102.xml",
    "stone_key": "I-KER-102",
    "ogham_id": "I-KER-102",
    "title": "An Chúil Thoir | Cool East 1",
    "ciic": "231",
    "cisp": "COOLE/1",
    "cisp_url": "https://www.ucl.ac.uk/archaeology/cisp/database/stone/COOLE/1.html",
    "tm": "www.trismegistos.org/text/172519",
    "smr": "KE078-009003-",
    "origplace_text": "Cool East (An Chúil Thoir https://www.logainm.ie/en/22424/); Kildreenagh burial ground (Cill Draighneach https://www.logainm.ie/en/1416148) Co. Kerry Ireland 51.9111, -10.3589 ITM coordinates (approximate): 437699, 575865",
    "pn_townland": "Cool East (An Chúil Thoir)",
    "pn_county": "Co. Kerry",
    "pn_country": "Ireland",
    "geo_raw": "51.9111, -10.3589",
    "geo_status": "asserted",
    "grid_raw": "437699, 575865",
    "uri": "http://data.ogham.link/crm/findspot_I_KER_102"
   }
  },
  {
   "type": "Feature",
   "id": "I-KER-103",
   "geometry": {
    "type": "Point",
    "coordinates": [
     -10.363032,
     51.908392
    ]
   },
   "properties": {
    "file": "I-KER-103.xml",
    "stone_key": "I-KER-103",
    "ogham_id": "I-KER-103",
    "title": "An Chúil Thoir | Cool East 2",
    "ciic": "232",
    "cisp": "COOLE/2",
    "cisp_url": "https://www.ucl.ac.uk/archaeology/cisp/database/stone/COOLE/2.html",
    "tm": "www.trismegistos.org/text/172792",
    "smr": "KE078-007----",
    "origplace_text": "Cool East (An Chúil Thoir https://www.logainm.ie/en/22424/) Co. Kerry Ireland 51.908392, -10.363032 ITM coordinates: 437421, 575557",
    "pn_townland": "Cool East (An Chúil Thoir)",
    "pn_county": "Co. Kerry",
    "pn_country": "Ireland",
    "geo_raw": "51.908392, -10.363032",
    "geo_status": "asserted",
    "grid_raw": "437421, 575557",
    "uri": "http://data.ogham.link/crm/findspot_I_KER_103"
   }
  },
  {
   "type": "Feature",
   "id": "I-KER-104",
   "geometry": {
    "type": "Point",
    "coordinates": [
     -10.1118,
     51.84901
    ]
   },
   "properties": {
    "file": "I-KER-104.xml",
    "stone_key": "I-KER-104",
    "ogham_id": "I-KER-104",
    "title": "Drom Caor | Dromkeare",
    "ciic": "233",
    "cisp": "DKEAR/1",
    "cisp_url": "https://www.ucl.ac.uk/archaeology/cisp/database/stone/DKEAR/1.html",
    "tm": "www.trismegistos.org/text/172545",
    "smr": "KE098-021002- (classed as cross-slab)",
    "origplace_text": "Dromkeare (Drom Caor https://www.logainm.ie/en/22344) Co. Kerry Ireland 51.84901, -10.11180 ITM coordinates (approximate): 454511, 568415",
    "pn_townland": "Dromkeare (Drom Caor)",
    "pn_county": "Co. Kerry",
    "pn_country": "Ireland",
    "geo_raw": "51.84901, -10.11180",
    "geo_status": "asserted",
    "grid_raw": "454511, 568415",
    "uri": "http://data.ogham.link/crm/findspot_I_KER_104"
   }
  },
  {
   "type": "Feature",
   "id": "I-KER-105",
   "geometry": {
    "type": "Point",
    "coordinates": [
     -10.045263,
     52.027716
    ]
   },
   "properties": {
    "file": "I-KER-105.xml",
    "stone_key": "I-KER-105",
    "ogham_id": "I-KER-105",
    "title": "Cill Choimhtheach | Kilkeehagh",
    "ciic": "234",
    "cisp": "KLKEE/1",
    "cisp_url": "https://www.ucl.ac.uk/archaeology/cisp/database/stone/KLKEE/1.html",
    "tm": "www.trismegistos.org/text/172620",
    "smr": "KE063-012001-",
    "origplace_text": "Gleensk (Glísc https://www.logainm.ie/en/22313),Kilkeehagh (Cill Choimhtheach https://www.logainm.ie/en/22295) Co. Kerry Ireland 52.027716, -10.045263 ITM coordinates: 459651, 588169",
    "pn_townland": "Gleensk (Glísc),Kilkeehagh (Cill Choimhtheach)",
    "pn_county": "Co. Kerry",
    "pn_country": "Ireland",
    "geo_raw": "52.027716, -10.045263",
    "geo_status": "asserted",
    "grid_raw": "459651, 588169",
    "uri": "http://data.ogham.link/crm/findspot_I_KER_105"
   }
  },
  {
   "type": "Feature",
   "id": "I-KER-106",
   "geometry": {
    "type": "Point",
    "coordinates": [
     -10.17932,
     51.91854
    ]
   },
   "properties": {
    "file": "I-KER-106.xml",
    "stone_key": "I-KER-106",
    "ogham_id": "I-KER-106",
    "title": "Cill Ó gCróin | Killogrone",
    "ciic": "235",
    "cisp": "KLGRO/1",
    "cisp_url": "https://www.ucl.ac.uk/archaeology/cisp/database/stone/KLGRO/1.html",
    "tm": "www.trismegistos.org/text/172626",
    "smr": "KE080-046003-",
    "origplace_text": "Killogrone (Cill Ó gCróin https://www.logainm.ie/en/22106) Co. Kerry Ireland 51.91854, -10.17932 ITM coordinates (approximate: 450104 , 576298",
    "pn_townland": "Killogrone (Cill Ó gCróin)",
    "pn_county": "Co. Kerry",
    "pn_country": "Ireland",
    "geo_raw": "51.91854, -10.17932",
    "geo_status": "asserted",
    "grid_raw": "450104 , 576298",
    "uri": "http://data.ogham.link/crm/findspot_I_KER_106"
   }
  },
  {
   "type": "Feature",
   "id": "I-KER-107",
   "geometry": {
    "type": "Point",
    "coordinates": [
     -10.2992,
     51.8402
    ]
   },
   "properties": {
    "file": "I-KER-107.xml",
    "stone_key": "I-KER-107",
    "ogham_id": "I-KER-107",
    "title": "Cill Urlaí | Killurly 1",
    "ciic": "236",
    "cisp": "KLURL/1",
    "cisp_url": "https://www.ucl.ac.uk/archaeology/cisp/database/stone/KLURL/1.html",
    "tm": "www.trismegistos.org/text/172628",
    "smr": "KE097-003004-",
    "origplace_text": "Killurly (Cill Urlaí https://www.logainm.ie/en/22072) Co. Kerry Ireland 51.8402, -10.2992 ITM coordinates (approximate): 441599, 567765",
    "pn_townland": "Killurly (Cill Urlaí)",
    "pn_county": "Co. Kerry",
    "pn_country": "Ireland",
    "geo_raw": "51.8402, -10.2992",
    "geo_status": "asserted",
    "grid_raw": "441599, 567765",
    "uri": "http://data.ogham.link/crm/findspot_I_KER_107"
   }
  },
  {
   "type": "Feature",
   "id": "I-KER-108",
   "geometry": {
    "type": "Point",
    "coordinates": [
     -10.219151,
     51.924969
    ]
   },
   "properties": {
    "file": "I-KER-108.xml",
    "stone_key": "I-KER-108",
    "ogham_id": "I-KER-108",
    "title": "Leitir | Letter",
    "ciic": "238",
    "cisp": "LETER/1",
    "cisp_url": "https://www.ucl.ac.uk/archaeology/cisp/database/stone/LETER/1.html",
    "tm": "www.trismegistos.org/text/172653",
    "smr": "KE079-086----  When first recorded by Macalister (1939a, 17), it was built into a stile a short distance S of MacCrehin's Castle (KE079-068001-)",
    "repository": "Kerry County Museum",
    "origplace_text": "Letter (Leitir https://www.logainm.ie/en/22109) Co. Kerry Ireland 51.924969, -10.219151 ITM coordinates (approx. findspot Mac Crehin's Castle): 447375, 577088",
    "pn_townland": "Letter (Leitir)",
    "pn_county": "Co. Kerry",
    "pn_country": "Ireland",
    "geo_raw": "51.924969, -10.219151",
    "geo_status": "asserted",
    "grid_raw": "447375, 577088",
    "uri": "http://data.ogham.link/crm/findspot_I_KER_108"
   }
  },
  {
   "type": "Feature",
   "id": "I-KER-109",
   "geometry": {
    "type": "Point",
    "coordinates": [
     -10.22427,
     51.92564
    ]
   },
   "properties": {
    "file": "I-KER-109.xml",
    "stone_key": "I-KER-109",
    "ogham_id": "I-KER-109",
    "title": "Leitir Thiar | Letter West",
    "ciic": "239",
    "cisp": "LETWE/1",
    "cisp_url": "https://www.ucl.ac.uk/archaeology/cisp/database/stone/LETWE/1.html",
    "tm": "www.trismegistos.org/text/172487",
    "smr": "KE079-065002-",
    "origplace_text": "Letter West (Leitir Thiar https://www.logainm.ie/en/22299) Co. Kerry Ireland 51.925640, -10.224270 ITM coordinates: 447025 , 577161",
    "pn_townland": "Letter West (Leitir Thiar)",
    "pn_county": "Co. Kerry",
    "pn_country": "Ireland",
    "geo_raw": "51.925640, -10.224270",
    "geo_status": "asserted",
    "grid_raw": "447025 , 577161",
    "uri": "http://data.ogham.link/crm/findspot_I_KER_109"
   }
  },
  {
   "type": "Feature",
   "id": "I-KER-110",
   "geometry": {
    "type": "Point",
    "coordinates": [
     -10.07638,
     51.97193
    ]
   },
   "properties": {
    "file": "I-KER-110.xml",
    "stone_key": "I-KER-110",
    "ogham_id": "I-KER-110",
    "title": "Tír Ó Maoil | Teeromoyle",
    "ciic": "240",
    "cisp": "TERMY/1",
    "cisp_url": "https://www.ucl.ac.uk/archaeology/cisp/database/stone/TERMY/1.html",
    "tm": "www.trismegistos.org/text/172705",
    "smr": "KE070-070001-",
    "origplace_text": "Teeromoyle (Tír Ó Maoil https://www.logainm.ie/en/22322) Co. Kerry Ireland 51.97193, -10.07638 ITM coordinates: 457341 , 582023",
    "pn_townland": "Teeromoyle (Tír Ó Maoil)",
    "pn_county": "Co. Kerry",
    "pn_country": "Ireland",
    "geo_raw": "51.97193, -10.07638",
    "geo_status": "asserted",
    "grid_raw": "457341 , 582023",
    "uri": "http://data.ogham.link/crm/findspot_I_KER_110"
   }
  },
  {
   "type": "Feature",
   "id": "I-KER-111",
   "geometry": {
    "type": "Point",
    "coordinates": [
     -9.66846,
     52.08437
    ]
   },
   "properties": {
    "file": "I-KER-111.xml",
    "stone_key": "I-KER-111",
    "ogham_id": "I-KER-111",
    "title": "Cill Bheanáin | Kilbonane",
    "ciic": "241",
    "cisp": "KLBON/1",
    "cisp_url": "https://www.ucl.ac.uk/archaeology/cisp/database/stone/KLBON/1.html",
    "tm": "www.trismegistos.org/text/172606",
    "smr": "KE057-078002-",
    "origplace_text": "Kilbonane (Cill Bheanáin https://www.logainm.ie/en/23420) Co. Kerry Ireland 52.08437, -9.66846 ITM coordinates: 485657, 593810",
    "pn_townland": "Kilbonane (Cill Bheanáin)",
    "pn_county": "Co. Kerry",
    "pn_country": "Ireland",
    "geo_raw": "52.08437, -9.66846",
    "geo_status": "asserted",
    "grid_raw": "485657, 593810",
    "uri": "http://data.ogham.link/crm/findspot_I_KER_111"
   }
  },
  {
   "type": "Feature",
   "id": "I-KER-112",
   "geometry": {
    "type": "Point",
    "coordinates": [
     -9.554751,
     52.076337
    ]
   },
   "properties": {
    "file": "I-KER-112.xml",
    "stone_key": "I-KER-112",
    "ogham_id": "I-KER-112",
    "title": "Páirc an Mhóinéir | Parkavonear 1",
    "ciic": "242",
    "cisp": "PARAR/1",
    "cisp_url": "https://www.ucl.ac.uk/archaeology/cisp/database/stone/PARAR/1.html",
    "tm": "www.trismegistos.org/text/172673",
    "smr": "KE066-016005-",
    "origplace_text": "Parkavonear (Páirc an Mhóinéir https://www.logainm.ie/en/23173) Co. Kerry Ireland 52.076337, -9.554751 ITM coordinates: 493429 , 592732",
    "pn_townland": "Parkavonear (Páirc an Mhóinéir)",
    "pn_county": "Co. Kerry",
    "pn_country": "Ireland",
    "geo_raw": "52.076337, -9.554751",
    "geo_status": "asserted",
    "grid_raw": "493429 , 592732",
    "uri": "http://data.ogham.link/crm/findspot_I_KER_112"
   }
  },
  {
   "type": "Feature",
   "id": "I-KER-113",
   "geometry": {
    "type": "Point",
    "coordinates": [
     -9.63087,
     52.12832
    ]
   },
   "properties": {
    "file": "I-KER-113.xml",
    "stone_key": "I-KER-113",
    "ogham_id": "I-KER-113",
    "title": "Gort na Cloiche Meánach | Rockfield Middle 1",
    "ciic": "243",
    "cisp": "RFILD/1",
    "cisp_url": "https://www.ucl.ac.uk/archaeology/cisp/database/stone/RFILD/1.html",
    "tm": "www.trismegistos.org/text/172689",
    "smr": "KE057-023002-",
    "origplace_text": "Rockfield Middle (Gort na Cloiche Meánach https://www.logainm.ie/en/23765) Co. Kerry Ireland 52.12832, -9.63087 ITM coordinates: 488339, 598638",
    "pn_townland": "Rockfield Middle (Gort na Cloiche Meánach)",
    "pn_county": "Co. Kerry",
    "pn_country": "Ireland",
    "geo_raw": "52.12832, -9.63087",
    "geo_status": "asserted",
    "grid_raw": "488339, 598638",
    "uri": "http://data.ogham.link/crm/findspot_I_KER_113"
   }
  },
  {
   "type": "Feature",
   "id": "I-KER-114",
   "geometry": {
    "type": "Point",
    "coordinates": [
     -9.63087,
     52.12832
    ]
   },
   "properties": {
    "file": "I-KER-114.xml",
    "stone_key": "I-KER-114",
    "ogham_id": "I-KER-114",
    "title": "Gort na Cloiche Meánach | Rockfield Middle 2",
    "ciic": "244",
    "cisp": "RFILD/2",
    "cisp_url": "https://www.ucl.ac.uk/archaeology/cisp/database/stone/RFILD/2.html",
    "tm": "www.trismegistos.org/text/172926",
    "smr": "KE057-023003-",
    "origplace_text": "Rockfield Middle (Gort na Cloiche Meánach https://www.logainm.ie/en/23765) Co. Kerry Ireland 52.12832, -9.63087 ITM coordinates: 488339, 598638",
    "pn_townland": "Rockfield Middle (Gort na Cloiche Meánach)",
    "pn_county": "Co. Kerry",
    "pn_country": "Ireland",
    "geo_raw": "52.12832, -9.63087",
    "geo_status": "asserted",
    "grid_raw": "488339, 598638",
    "uri": "http://data.ogham.link/crm/findspot_I_KER_114"
   }
  },
  {
   "type": "Feature",
   "id": "I-KER-115",
   "geometry": {
    "type": "Point",
    "coordinates": [
     -9.630876,
     52.128322
    ]
   },
   "properties": {
    "file": "I-KER-115.xml",
    "stone_key": "I-KER-115",
    "ogham_id": "I-KER-115",
    "title": "Gort na Cloiche Meánach | Rockfield Middle 3",
    "ciic": "245",
    "cisp": "RFILD/3",
    "cisp_url": "https://www.ucl.ac.uk/archaeology/cisp/database/stone/RFILD/3.html",
    "tm": "www.trismegistos.org/text/172932",
    "smr": "KE057-023004-",
    "origplace_text": "Rockfield Middle (Gort na Cloiche Meánach https://www.logainm.ie/en/23765) Co. Kerry Ireland ITM coordinates: 488339 , 598638 52.128322, -9.630876",
    "pn_townland": "Rockfield Middle (Gort na Cloiche Meánach)",
    "pn_county": "Co. Kerry",
    "pn_country": "Ireland",
    "geo_raw": "52.128322, -9.630876",
    "geo_status": "asserted",
    "grid_raw": "488339 , 598638",
    "uri": "http://data.ogham.link/crm/findspot_I_KER_115"
   }
  },
  {
   "type": "Feature",
   "id": "I-KER-116",
   "geometry": {
    "type": "Point",
    "coordinates": [
     -9.63087,
     52.12832
    ]
   },
   "properties": {
    "file": "I-KER-116.xml",
    "stone_key": "I-KER-116",
    "ogham_id": "I-KER-116",
    "title": "Gort na Cloiche Meánach | Rockfield Middle 4",
    "ciic": "246",
    "cisp": "RFILD/4",
    "cisp_url": "https://www.ucl.ac.uk/archaeology/cisp/database/stone/RFILD/4.html",
    "tm": "www.trismegistos.org/text/172938",
    "smr": "KE057-023005-",
    "origplace_text": "Rockfield Middle (Gort na Cloiche Meánach https://www.logainm.ie/en/23765) Co. Kerry Ireland 52.12832, -9.63087 ITM coordinates: 488339, 598638",
    "pn_townland": "Rockfield Middle (Gort na Cloiche Meánach)",
    "pn_county": "Co. Kerry",
    "pn_country": "Ireland",
    "geo_raw": "52.12832, -9.63087",
    "geo_status": "asserted",
    "grid_raw": "488339, 598638",
    "uri": "http://data.ogham.link/crm/findspot_I_KER_116"
   }
  },
  {
   "type": "Feature",
   "id": "I-KER-117",
   "geometry": {
    "type": "Point",
    "coordinates": [
     -9.725042,
     52.165998
    ]
   },
   "properties": {
    "file": "I-KER-117.xml",
    "stone_key": "I-KER-117",
    "ogham_id": "I-KER-117",
    "title": "Aird Chánachta | Ardcanaght 1",
    "ciic": "246A",
    "cisp": "ARDCT/1",
    "cisp_url": "https://www.ucl.ac.uk/archaeology/cisp/database/stone/ARDCT/1.html",
    "tm": "www.trismegistos.org/text/172438",
    "smr": "KE047-026001-",
    "origplace_text": "Ardcanaght (Aird Chánachta https://www.logainm.ie/en/24431) Co. Kerry Ireland 52.165998, -9.725042 ITM coordinates: 481949 , 603329",
    "pn_townland": "Ardcanaght (Aird Chánachta)",
    "pn_county": "Co. Kerry",
    "pn_country": "Ireland",
    "geo_raw": "52.165998, -9.725042",
    "geo_status": "asserted",
    "grid_raw": "481949 , 603329",
    "uri": "http://data.ogham.link/crm/findspot_I_KER_117"
   }
  },
  {
   "type": "Feature",
   "id": "I-KER-118",
   "geometry": {
    "type": "Point",
    "coordinates": [
     -9.725042,
     52.165998
    ]
   },
   "properties": {
    "file": "I-KER-118.xml",
    "stone_key": "I-KER-118",
    "ogham_id": "I-KER-118",
    "title": "Aird Chánachta | Ardcanaght 2",
    "ciic": "246B",
    "cisp": "ARDCT/2",
    "cisp_url": "https://www.ucl.ac.uk/archaeology/cisp/database/stone/ARDCT/2.html",
    "tm": "www.trismegistos.org/text/172780",
    "smr": "KE047-026003-",
    "origplace_text": "Ardcanaght (Aird Chánachta https://www.logainm.ie/en/24431) Co. Kerry Ireland 52.165998, -9.725042 ITM coordinates: 481949, 603329",
    "pn_townland": "Ardcanaght (Aird Chánachta)",
    "pn_county": "Co. Kerry",
    "pn_country": "Ireland",
    "geo_raw": "52.165998, -9.725042",
    "geo_status": "asserted",
    "grid_raw": "481949, 603329",
    "uri": "http://data.ogham.link/crm/findspot_I_KER_118"
   }
  },
  {
   "type": "Feature",
   "id": "I-KER-119",
   "geometry": {
    "type": "Point",
    "coordinates": [
     -9.658615,
     52.152736
    ]
   },
   "properties": {
    "file": "I-KER-119.xml",
    "stone_key": "I-KER-119",
    "ogham_id": "I-KER-119",
    "title": "Ard Uí Mhánaigh | Ardywanig",
    "ciic": "247",
    "cisp": "AYWAG/1",
    "cisp_url": "https://www.ucl.ac.uk/archaeology/cisp/database/stone/AYWAG/1.html",
    "tm": "www.trismegistos.org/text/173395",
    "smr": "KE047-078001-",
    "origplace_text": "Ardywanig (Ard Uí Mhánaigh https://www.logainm.ie/en/23589) Co. Kerry Ireland 52.152736, -9.658615 ITM coordinates:",
    "pn_townland": "Ardywanig (Ard Uí Mhánaigh)",
    "pn_county": "Co. Kerry",
    "pn_country": "Ireland",
    "geo_raw": "52.152736, -9.658615",
    "geo_status": "asserted",
    "uri": "http://data.ogham.link/crm/findspot_I_KER_119"
   }
  },
  {
   "type": "Feature",
   "id": "I-KER-120",
   "geometry": {
    "type": "Point",
    "coordinates": [
     -9.443458,
     52.153985
    ]
   },
   "properties": {
    "file": "I-KER-120.xml",
    "stone_key": "I-KER-120",
    "ogham_id": "I-KER-120",
    "title": "Bán an Ghleanna | Bawnaglanna",
    "ciic": "248",
    "cisp": "BAWGL/1",
    "cisp_url": "https://www.ucl.ac.uk/archaeology/cisp/database/stone/BAWGL/1.html",
    "tm": "www.trismegistos.org/text/172474",
    "smr": "KE049-101002-",
    "origplace_text": "Bawnaglanna (Bán an Ghleanna https://www.logainm.ie/en/23546) Co. Kerry Ireland 52.153985 , -9.443458 (approximate) ITM coordinates: 501227 , 601221",
    "pn_townland": "Bawnaglanna (Bán an Ghleanna)",
    "pn_county": "Co. Kerry",
    "pn_country": "Ireland",
    "geo_raw": "52.153985 , -9.443458 (approximate)",
    "geo_hedge": "approximate",
    "geo_status": "qualified",
    "grid_raw": "501227 , 601221",
    "uri": "http://data.ogham.link/crm/findspot_I_KER_120"
   }
  },
  {
   "type": "Feature",
   "id": "I-KER-121",
   "geometry": {
    "type": "Point",
    "coordinates": [
     -9.674836,
     52.161889
    ]
   },
   "properties": {
    "file": "I-KER-121.xml",
    "stone_key": "I-KER-121",
    "ogham_id": "I-KER-121",
    "title": "An Bhreac-choill | Brackhill",
    "ciic": "249",
    "cisp": "BHILL/1",
    "cisp_url": "https://www.ucl.ac.uk/archaeology/cisp/database/stone/BHILL/1.html",
    "tm": "www.trismegistos.org/text/172873",
    "smr": "KE047-080----",
    "origplace_text": "Brackhill (An Bhreac-choill https://www.logainm.ie/en/23646) Co. Kerry Ireland 52.161889, -9.674836 ITM coordinates:",
    "pn_townland": "Brackhill (An Bhreac-choill)",
    "pn_county": "Co. Kerry",
    "pn_country": "Ireland",
    "geo_raw": "52.161889, -9.674836",
    "geo_status": "asserted",
    "uri": "http://data.ogham.link/crm/findspot_I_KER_121"
   }
  },
  {
   "type": "Feature",
   "id": "I-KER-122",
   "geometry": {
    "type": "Point",
    "coordinates": [
     -9.77764,
     52.16566
    ]
   },
   "properties": {
    "file": "I-KER-122.xml",
    "stone_key": "I-KER-122",
    "ogham_id": "I-KER-122",
    "title": "Corcaigh Bhuí | Corkaboy",
    "ciic": "250",
    "cisp": "COBOY/1",
    "cisp_url": "https://www.ucl.ac.uk/archaeology/cisp/database/stone/COBOY/1.html",
    "tm": "www.trismegistos.org/text/172524",
    "smr": "KE046-022002-",
    "origplace_text": "Corkaboy (Corcaigh Bhuí https://www.logainm.ie/en/24576) (but now in Keel townland as boundary changed) Co. Kerry Ireland 52.16566, -9.77764 ITM coordinates: 478714 , 602928",
    "pn_townland": "Corkaboy (Corcaigh Bhuí)",
    "pn_county": "Co. Kerry",
    "pn_country": "Ireland",
    "geo_raw": "52.16566, -9.77764",
    "geo_status": "asserted",
    "grid_raw": "478714 , 602928",
    "uri": "http://data.ogham.link/crm/findspot_I_KER_122"
   }
  },
  {
   "type": "Feature",
   "id": "I-KER-123",
   "geometry": {
    "type": "Point",
    "coordinates": [
     -9.53331,
     52.19142
    ]
   },
   "properties": {
    "file": "I-KER-123.xml",
    "stone_key": "I-KER-123",
    "ogham_id": "I-KER-123",
    "title": "An Chraig | Crag",
    "ciic": "251",
    "cisp": "CRAG/1",
    "cisp_url": "https://www.ucl.ac.uk/archaeology/cisp/database/stone/CRAG/1.html",
    "tm": "www.trismegistos.org/text/172529",
    "smr": "KE048-016----",
    "origplace_text": "Crag (An Chraig https://www.logainm.ie/en/23332) Co. Kerry Ireland 52.19142, -9.53331 ITM coordinates: 495165 , 605512",
    "pn_townland": "Crag (An Chraig)",
    "pn_county": "Co. Kerry",
    "pn_country": "Ireland",
    "geo_raw": "52.19142, -9.53331",
    "geo_status": "asserted",
    "grid_raw": "495165 , 605512",
    "uri": "http://data.ogham.link/crm/findspot_I_KER_123"
   }
  },
  {
   "type": "Feature",
   "id": "I-KER-124",
   "geometry": {
    "type": "Point",
    "coordinates": [
     -9.56944,
     52.212276
    ]
   },
   "properties": {
    "file": "I-KER-124.xml",
    "stone_key": "I-KER-124",
    "ogham_id": "I-KER-124",
    "title": "An Garrán Darach | Garraundarragh ('Gurrane')",
    "ciic": "252",
    "cisp": "GURAN/1",
    "cisp_url": "https://www.ucl.ac.uk/archaeology/cisp/database/stone/GURAN/1.html",
    "tm": "https://www.trismegistos.org/text/172587",
    "smr": "KE039-148----",
    "repository": "National Museum of Ireland",
    "origplace_text": "Garraundarragh (An Garrán Darach https://www.logainm.ie/en/23459) Co. Kerry Ireland ITM coordinates: 492741 , 607898 52.212276, -9.569440?",
    "pn_townland": "Garraundarragh (An Garrán Darach)",
    "pn_county": "Co. Kerry",
    "pn_country": "Ireland",
    "geo_raw": "52.212276, -9.569440",
    "geo_status": "asserted",
    "grid_raw": "492741 , 607898",
    "uri": "http://data.ogham.link/crm/findspot_I_KER_124"
   }
  },
  {
   "type": "Feature",
   "id": "I-KER-125",
   "geometry": {
    "type": "Point",
    "coordinates": [
     -9.777245,
     52.104272
    ]
   },
   "properties": {
    "file": "I-KER-125.xml",
    "stone_key": "I-KER-125",
    "ogham_id": "I-KER-125",
    "title": "Cill Orglan | Killorglin I ('near')",
    "ciic": "253",
    "cisp": "KLORG/1",
    "cisp_url": "https://www.ucl.ac.uk/archaeology/cisp/database/stone/KLORG/1.html",
    "tm": "www.trismegistos.org/text/172627",
    "smr": "KE056-046----",
    "repository": "National Museum of Ireland",
    "origplace_text": "Unknown Co. Kerry Ireland ITM coordinates: 52.104272, -9.777245(approximate and souterrain site)",
    "pn_townland": "Unknown",
    "pn_county": "Co. Kerry",
    "pn_country": "Ireland",
    "geo_raw": "52.104272, -9.777245",
    "geo_status": "asserted",
    "uri": "http://data.ogham.link/crm/findspot_I_KER_125"
   }
  },
  {
   "type": "Feature",
   "id": "I-KER-126",
   "geometry": {
    "type": "Point",
    "coordinates": [
     -9.6864,
     52.0727
    ]
   },
   "properties": {
    "file": "I-KER-126.xml",
    "stone_key": "I-KER-126",
    "ogham_id": "I-KER-126",
    "title": "Fearann na gCat | Churchtown",
    "ciic": "254",
    "cisp": "KLORG/2",
    "cisp_url": "https://www.ucl.ac.uk/archaeology/cisp/database/stone/KLORG/2.html",
    "tm": "https://www.trismegistos.org/text/172846",
    "smr": "KE065-012004-",
    "repository": "National Museum of Ireland",
    "origplace_text": "Churchtown (Fearann na gCat https://www.logainm.ie/en/23247) Co. Kerry Ireland 52.0727, -9.6864 ITM coordinates (possible orig. loc.): 484397 , 592547",
    "pn_townland": "Churchtown (Fearann na gCat)",
    "pn_county": "Co. Kerry",
    "pn_country": "Ireland",
    "geo_raw": "52.0727, -9.6864",
    "geo_status": "asserted",
    "grid_raw": "484397 , 592547",
    "uri": "http://data.ogham.link/crm/findspot_I_KER_126"
   }
  },
  {
   "type": "Feature",
   "id": "I-KER-127",
   "geometry": {
    "type": "Point",
    "coordinates": [
     -9.749639,
     52.126506
    ]
   },
   "properties": {
    "file": "I-KER-127.xml",
    "stone_key": "I-KER-127",
    "ogham_id": "I-KER-127",
    "title": "Tigh na hAille | Tinnahally 1",
    "ciic": "255",
    "cisp": "TINAH/1",
    "cisp_url": "https://www.ucl.ac.uk/archaeology/cisp/database/stone/TINAH/1.html",
    "tm": "https://www.trismegistos.org/text/172712",
    "smr": "KE057-105001-",
    "repository": "National Museum of Ireland",
    "origplace_text": "Tinnahally (Tigh na hAille https://www.logainm.ie/en/23663) Co. Kerry Ireland 52.126506, -9.749639 ITM coordinates: 480206, 598633",
    "pn_townland": "Tinnahally (Tigh na hAille)",
    "pn_county": "Co. Kerry",
    "pn_country": "Ireland",
    "geo_raw": "52.126506, -9.749639",
    "geo_status": "asserted",
    "grid_raw": "480206, 598633",
    "uri": "http://data.ogham.link/crm/findspot_I_KER_127"
   }
  },
  {
   "type": "Feature",
   "id": "I-KER-128",
   "geometry": {
    "type": "Point",
    "coordinates": [
     -9.749639,
     52.126506
    ]
   },
   "properties": {
    "file": "I-KER-128.xml",
    "stone_key": "I-KER-128",
    "ogham_id": "I-KER-128",
    "title": "Tigh na hAille | Tinnahally 2",
    "ciic": "256",
    "cisp": "TINAH/2",
    "cisp_url": "https://www.ucl.ac.uk/archaeology/cisp/database/stone/TINAH/2.html",
    "tm": "https://www.trismegistos.org/text/172822",
    "smr": "KE057-105002-",
    "repository": "National Museum of Ireland",
    "origplace_text": "Tinnahally (Tigh na hAille https://www.logainm.ie/en/23663) Co. Kerry Ireland 52.126506, -9.749639 ITM coordinates: 480206, 598633",
    "pn_townland": "Tinnahally (Tigh na hAille)",
    "pn_county": "Co. Kerry",
    "pn_country": "Ireland",
    "geo_raw": "52.126506, -9.749639",
    "geo_status": "asserted",
    "grid_raw": "480206, 598633",
    "uri": "http://data.ogham.link/crm/findspot_I_KER_128"
   }
  },
  {
   "type": "Feature",
   "id": "I-KER-129",
   "geometry": {
    "type": "Point",
    "coordinates": [
     -9.694814,
     52.274656
    ]
   },
   "properties": {
    "file": "I-KER-129.xml",
    "stone_key": "I-KER-129",
    "ogham_id": "I-KER-129",
    "title": "Cluain na Lobhar | Cloonalour (Tralee)",
    "ciic": "256A",
    "cisp": "TRALE/1",
    "cisp_url": "https://www.ucl.ac.uk/archaeology/cisp/database/stone/TRALE/1.html",
    "origplace_text": "Cloonalour (Cluain na Lobhar https://www.logainm.ie/en/24828) Co. Kerry Ireland ITM coordinates: 52.274656, -9.694814(approx. according to Mac White's account)",
    "pn_townland": "Cloonalour (Cluain na Lobhar)",
    "pn_county": "Co. Kerry",
    "pn_country": "Ireland",
    "geo_raw": "52.274656, -9.694814",
    "geo_status": "asserted",
    "uri": "http://data.ogham.link/crm/findspot_I_KER_129"
   }
  },
  {
   "type": "Feature",
   "id": "I-KER-130",
   "geometry": {
    "type": "Point",
    "coordinates": [
     -9.726037,
     52.335184
    ]
   },
   "properties": {
    "file": "I-KER-130.xml",
    "stone_key": "I-KER-130",
    "ogham_id": "I-KER-130",
    "title": "Baile Bhromáin | Ballybroman",
    "ciic": "1082",
    "cisp": "BALBR/1",
    "cisp_url": "https://www.ucl.ac.uk/archaeology/cisp/database/stone/BALBR/1.html",
    "tm": "https://www.trismegistos.org/text/172458",
    "smr": "(souterrain KE021-084001-)",
    "origplace_text": "Ballybroman (Baile Bhromáin https://www.logainm.ie/en/24815) Co. Kerry Ireland 52.335184, -9.726037 ITM coordinates: 482372 , 621797",
    "pn_townland": "Ballybroman (Baile Bhromáin)",
    "pn_county": "Co. Kerry",
    "pn_country": "Ireland",
    "geo_raw": "52.335184, -9.726037",
    "geo_status": "asserted",
    "grid_raw": "482372 , 621797",
    "uri": "http://data.ogham.link/crm/findspot_I_KER_130"
   }
  },
  {
   "type": "Feature",
   "id": "I-KER-131",
   "geometry": {
    "type": "Point",
    "coordinates": [
     -9.721501,
     52.333343
    ]
   },
   "properties": {
    "file": "I-KER-131.xml",
    "stone_key": "I-KER-131",
    "ogham_id": "I-KER-131",
    "title": "Ráth Cionaoith | Rathkenny 1",
    "ciic": "1083",
    "cisp": "RTHKE/1",
    "cisp_url": "https://www.ucl.ac.uk/archaeology/cisp/database/stone/RTHKE/1.html",
    "tm": "https://www.trismegistos.org/text/172684",
    "smr": "KE021-087002-",
    "origplace_text": "Rathkenny (Ráth Cionaoith https://www.logainm.ie/en/24821) Co. Kerry Ireland 52.333343, -9.721501 ITM coordinates: 482685, 621567",
    "pn_townland": "Rathkenny (Ráth Cionaoith)",
    "pn_county": "Co. Kerry",
    "pn_country": "Ireland",
    "geo_raw": "52.333343, -9.721501",
    "geo_status": "asserted",
    "grid_raw": "482685, 621567",
    "uri": "http://data.ogham.link/crm/findspot_I_KER_131"
   }
  },
  {
   "type": "Feature",
   "id": "I-KER-132",
   "geometry": {
    "type": "Point",
    "coordinates": [
     -9.721501,
     52.333343
    ]
   },
   "properties": {
    "file": "I-KER-132.xml",
    "stone_key": "I-KER-132",
    "ogham_id": "I-KER-132",
    "title": "Ráth Cionaoith | Rathkenny 2",
    "ciic": "1084",
    "cisp": "RTHKE/2",
    "cisp_url": "https://www.ucl.ac.uk/archaeology/cisp/database/stone/RTHKE/2.html",
    "tm": "https://www.trismegistos.org/text/172850",
    "smr": "KE021-087005-",
    "origplace_text": "Rathkenny (Ráth Cionaoith https://www.logainm.ie/en/24821) Co. Kerry Ireland 52.333343, -9.721501 ITM coordinates: 482685, 621567",
    "pn_townland": "Rathkenny (Ráth Cionaoith)",
    "pn_county": "Co. Kerry",
    "pn_country": "Ireland",
    "geo_raw": "52.333343, -9.721501",
    "geo_status": "asserted",
    "grid_raw": "482685, 621567",
    "uri": "http://data.ogham.link/crm/findspot_I_KER_132"
   }
  },
  {
   "type": "Feature",
   "id": "I-KER-133",
   "geometry": {
    "type": "Point",
    "coordinates": [
     -9.721501,
     52.333343
    ]
   },
   "properties": {
    "file": "I-KER-133.xml",
    "stone_key": "I-KER-133",
    "ogham_id": "I-KER-133",
    "title": "Ráth Cionaoith | Rathkenny 3",
    "ciic": "1085",
    "cisp": "RTHKE/3",
    "cisp_url": "https://www.ucl.ac.uk/archaeology/cisp/database/stone/RTHKE/3.html",
    "tm": "https://www.trismegistos.org/text/172877",
    "smr": "KE021-087004-",
    "origplace_text": "Rathkenny (Ráth Cionaoith https://www.logainm.ie/en/24821) Co. Kerry Ireland 52.333343, -9.721501 ITM coordinates: 482685, 621567",
    "pn_townland": "Rathkenny (Ráth Cionaoith)",
    "pn_county": "Co. Kerry",
    "pn_country": "Ireland",
    "geo_raw": "52.333343, -9.721501",
    "geo_status": "asserted",
    "grid_raw": "482685, 621567",
    "uri": "http://data.ogham.link/crm/findspot_I_KER_133"
   }
  },
  {
   "type": "Feature",
   "id": "I-KER-134",
   "geometry": {
    "type": "Point",
    "coordinates": [
     -9.721501,
     52.333343
    ]
   },
   "properties": {
    "file": "I-KER-134.xml",
    "stone_key": "I-KER-134",
    "ogham_id": "I-KER-134",
    "title": "Ráth Cionaoith | Rathkenny 4",
    "cisp_url": "https://www.ucl.ac.uk/archaeology/cisp/database/stone/.html",
    "smr": "KE021-087007-",
    "origplace_text": "Rathkenny (Ráth Cionaoith https://www.logainm.ie/en/24821) Co. Kerry Ireland 52.333343, -9.721501 ITM coordinates: 482685, 621567",
    "pn_townland": "Rathkenny (Ráth Cionaoith)",
    "pn_county": "Co. Kerry",
    "pn_country": "Ireland",
    "geo_raw": "52.333343, -9.721501",
    "geo_status": "asserted",
    "grid_raw": "482685, 621567",
    "uri": "http://data.ogham.link/crm/findspot_I_KER_134"
   }
  },
  {
   "type": "Feature",
   "id": "I-KER-135",
   "geometry": {
    "type": "Point",
    "coordinates": [
     -9.712,
     52.346
    ]
   },
   "properties": {
    "file": "I-KER-135.xml",
    "stone_key": "I-KER-135",
    "ogham_id": "I-KER-135",
    "title": "Cill Ghuilbin Thoir | Kilgulbin East",
    "ciic": "1086",
    "cisp_url": "https://www.ucl.ac.uk/archaeology/cisp/database/stone/.html",
    "smr": "KE021-051----",
    "repository": "National Museum of Ireland",
    "origplace_text": "Kilgulbin East (Cill Ghuilbin Thoir) Co. Kerry Ireland 52.346 , -9.712 approximate",
    "pn_townland": "Kilgulbin East",
    "pn_county": "Co. Kerry",
    "pn_country": "Ireland",
    "pn_vernacular": "Cill Ghuilbin Thoir (ga)",
    "geo_raw": "52.346 , -9.712",
    "geo_status": "asserted",
    "gazetteer_uris": "https://www.logainm.ie/en/24818",
    "uri": "http://data.ogham.link/crm/findspot_I_KER_135"
   }
  },
  {
   "type": "Feature",
   "id": "I-KER-136",
   "geometry": {
    "type": "Point",
    "coordinates": [
     -10.283295,
     51.937578
    ]
   },
   "properties": {
    "file": "I-KER-136.xml",
    "stone_key": "I-KER-136",
    "ogham_id": "I-KER-136",
    "title": "Oileán an Teampaill | Church Island",
    "cisp": "CHUIS/1",
    "cisp_url": "https://www.ucl.ac.uk/archaeology/cisp/database/stone/CHUIS/1.html",
    "smr": "KE079-032004-",
    "repository": "Cork Public Museum",
    "origplace_text": "Church Island (Oileán an Teampaill - wrong coords on logainm!) Co. Kerry Ireland 51.937578, -10.283295 ITM coordinates: 443008 , 578627",
    "pn_townland": "Church Island (Oileán an Teampaill - wrong coords on logainm!)",
    "pn_county": "Co. Kerry",
    "pn_country": "Ireland",
    "geo_raw": "51.937578, -10.283295",
    "geo_status": "asserted",
    "grid_raw": "443008 , 578627",
    "uri": "http://data.ogham.link/crm/findspot_I_KER_136"
   }
  },
  {
   "type": "Feature",
   "id": "I-KER-137",
   "geometry": {
    "type": "Point",
    "coordinates": [
     -9.761091,
     51.887801
    ]
   },
   "properties": {
    "file": "I-KER-137.xml",
    "stone_key": "I-KER-137",
    "ogham_id": "I-KER-137",
    "title": "An Gaorthadh Theas | Gearha South",
    "cisp": "GEARS/1",
    "cisp_url": "https://www.ucl.ac.uk/archaeology/cisp/database/stone/GEARS/1.html",
    "smr": "KE092-049001-",
    "repository": "Cork Public Museum",
    "origplace_text": "Gearha South (An Gaorthadh Theas https://www.logainm.ie/en/23107) Co. Kerry Ireland 51.887801, -9.761091 ITM coordinates: 478776, 572092",
    "pn_townland": "Gearha South (An Gaorthadh Theas)",
    "pn_county": "Co. Kerry",
    "pn_country": "Ireland",
    "geo_raw": "51.887801, -9.761091",
    "geo_status": "asserted",
    "grid_raw": "478776, 572092",
    "uri": "http://data.ogham.link/crm/findspot_I_KER_137"
   }
  },
  {
   "type": "Feature",
   "id": "I-KER-138",
   "geometry": {
    "type": "Point",
    "coordinates": [
     -9.735859,
     52.072139
    ]
   },
   "properties": {
    "file": "I-KER-138.xml",
    "stone_key": "I-KER-138",
    "ogham_id": "I-KER-138",
    "title": "Caol na bhFuarán | Brookhill",
    "cisp": "BRHKL/1",
    "cisp_url": "https://www.ucl.ac.uk/archaeology/cisp/database/stone/BRHKL/1.html",
    "smr": "KE065-105----",
    "repository": "National Museum of Ireland",
    "origplace_text": "Brookhill (Caol na bhFuarán https://www.logainm.ie/en/23480) Co. Kerry Ireland ITM coordinates: 52.072139, -9.735859(approx. to townland)",
    "pn_townland": "Brookhill (Caol na bhFuarán)",
    "pn_county": "Co. Kerry",
    "pn_country": "Ireland",
    "geo_raw": "52.072139, -9.735859",
    "geo_status": "asserted",
    "uri": "http://data.ogham.link/crm/findspot_I_KER_138"
   }
  },
  {
   "type": "Feature",
   "id": "I-KER-139",
   "geometry": {
    "type": "Point",
    "coordinates": [
     -9.681861,
     52.267045
    ]
   },
   "properties": {
    "file": "I-KER-139.xml",
    "stone_key": "I-KER-139",
    "ogham_id": "I-KER-139",
    "title": "Ráth Teas | Ratass",
    "cisp": "RATAS/1",
    "cisp_url": "https://www.ucl.ac.uk/archaeology/cisp/database/stone/RATAS/1.html",
    "smr": "KE029-157002-",
    "origplace_text": "Ratass (Ráth Teas Co. Kerry Ireland 52.267045, -9.681861 ITM coordinates: 485205, 614149",
    "pn_townland": "Ratass",
    "pn_county": "Co. Kerry",
    "pn_country": "Ireland",
    "geo_raw": "52.267045, -9.681861",
    "geo_status": "asserted",
    "grid_raw": "485205, 614149",
    "uri": "http://data.ogham.link/crm/findspot_I_KER_139"
   }
  },
  {
   "type": "Feature",
   "id": "I-KER-140",
   "geometry": {
    "type": "Point",
    "coordinates": [
     -9.731707,
     52.136824
    ]
   },
   "properties": {
    "file": "I-KER-140.xml",
    "stone_key": "I-KER-140",
    "ogham_id": "I-KER-140",
    "title": "Cnoc an Gharráin | Knockagarrane",
    "cisp_url": "https://www.ucl.ac.uk/archaeology/cisp/database/stone/.html",
    "smr": "KE057-143----",
    "origplace_text": "Knockagarrane (Cnoc an Gharráin https://www.logainm.ie/en/23656) Co. Kerry Ireland 52.136824, -9.731707 ITM coordinates:",
    "pn_townland": "Knockagarrane (Cnoc an Gharráin)",
    "pn_county": "Co. Kerry",
    "pn_country": "Ireland",
    "geo_raw": "52.136824, -9.731707",
    "geo_status": "asserted",
    "uri": "http://data.ogham.link/crm/findspot_I_KER_140"
   }
  },
  {
   "type": "Feature",
   "id": "I-KER-141",
   "geometry": {
    "type": "Point",
    "coordinates": [
     -10.175898,
     52.125601
    ]
   },
   "properties": {
    "file": "I-KER-141.xml",
    "stone_key": "I-KER-141",
    "ogham_id": "I-KER-141",
    "title": "Com an Lóndraigh | Coumlanders",
    "cisp_url": "https://www.ucl.ac.uk/archaeology/cisp/database/stone/.html",
    "smr": "KE054-094----",
    "repository": "Músaem Chorca Dhuibhne",
    "origplace_text": "Coumlanders (Com an Lóndraigh https://www.logainm.ie/en/22748) Co. Kerry Ireland ITM coordinates: 52.125601, -10.175898(approx. to townland)",
    "pn_townland": "Coumlanders (Com an Lóndraigh)",
    "pn_county": "Co. Kerry",
    "pn_country": "Ireland",
    "geo_raw": "52.125601, -10.175898",
    "geo_status": "asserted",
    "uri": "http://data.ogham.link/crm/findspot_I_KER_141"
   }
  },
  {
   "type": "Feature",
   "id": "I-KER-142",
   "geometry": {
    "type": "Point",
    "coordinates": [
     -9.444296,
     52.154855
    ]
   },
   "properties": {
    "file": "I-KER-142.xml",
    "stone_key": "I-KER-142",
    "ogham_id": "I-KER-142",
    "title": "Inse an Chomair | Inchincummer",
    "cisp_url": "https://www.ucl.ac.uk/archaeology/cisp/database/stone/.html",
    "smr": "KE049-122----",
    "origplace_text": "Inchincummer (Inse an Chomair https://www.logainm.ie/en/23556) Co. Kerry Ireland 52.154855, -9.444296 ITM coordinates: 501181 , 601317",
    "pn_townland": "Inchincummer (Inse an Chomair)",
    "pn_county": "Co. Kerry",
    "pn_country": "Ireland",
    "geo_raw": "52.154855, -9.444296",
    "geo_status": "asserted",
    "grid_raw": "501181 , 601317",
    "uri": "http://data.ogham.link/crm/findspot_I_KER_142"
   }
  },
  {
   "type": "Feature",
   "id": "I-KER-143",
   "geometry": {
    "type": "Point",
    "coordinates": [
     -9.723075,
     52.269425
    ]
   },
   "properties": {
    "file": "I-KER-143.xml",
    "stone_key": "I-KER-143",
    "ogham_id": "I-KER-143",
    "title": "Trá Lí | Tralee",
    "cisp_url": "https://www.ucl.ac.uk/archaeology/cisp/database/stone/.html",
    "smr": "KE029-319----",
    "repository": "Kerry County Museum",
    "origplace_text": "Tralee (Trá Lí https://www.logainm.ie/en/24803) Co. Kerry Ireland ITM coordinates: 482400, 614480 52.269425, -9.723075",
    "pn_townland": "Tralee (Trá Lí)",
    "pn_county": "Co. Kerry",
    "pn_country": "Ireland",
    "geo_raw": "52.269425, -9.723075",
    "geo_status": "asserted",
    "grid_raw": "482400, 614480",
    "uri": "http://data.ogham.link/crm/findspot_I_KER_143"
   }
  },
  {
   "type": "Feature",
   "id": "I-KER-144",
   "geometry": {
    "type": "Point",
    "coordinates": [
     -9.722726,
     51.96767
    ]
   },
   "properties": {
    "file": "I-KER-144.xml",
    "stone_key": "I-KER-144",
    "ogham_id": "I-KER-144",
    "title": "Bun Binne | Bunbinnia",
    "cisp_url": "https://www.ucl.ac.uk/archaeology/cisp/database/stone/.html",
    "smr": "KE073-050001-",
    "origplace_text": "Bunbinnia (Bun Binne https://www.logainm.ie/en/23310) Co. Kerry Ireland ITM coordinates: 481627, 580914 51.96767, -9.722726",
    "pn_townland": "Bunbinnia (Bun Binne)",
    "pn_county": "Co. Kerry",
    "pn_country": "Ireland",
    "geo_raw": "51.96767, -9.722726",
    "geo_status": "asserted",
    "grid_raw": "481627, 580914",
    "uri": "http://data.ogham.link/crm/findspot_I_KER_144"
   }
  },
  {
   "type": "Feature",
   "id": "I-KER-145",
   "geometry": {
    "type": "Point",
    "coordinates": [
     -9.72426,
     52.319706
    ]
   },
   "properties": {
    "file": "I-KER-145.xml",
    "stone_key": "I-KER-145",
    "ogham_id": "I-KER-145",
    "title": "Tiobraid Bheag | Tubrid Beg",
    "cisp_url": "https://www.ucl.ac.uk/archaeology/cisp/database/stone/.html",
    "smr": "KE021-122003-",
    "origplace_text": "Tubrid Beg https://www.logainm.ie/en/24804 Co. Kerry Ireland 52.319706, -9.724260 ITM coordinates: 482438, 620089",
    "pn_townland": "Tubrid Beg",
    "pn_county": "Co. Kerry",
    "pn_country": "Ireland",
    "geo_raw": "52.319706, -9.724260",
    "geo_status": "asserted",
    "grid_raw": "482438, 620089",
    "uri": "http://data.ogham.link/crm/findspot_I_KER_145"
   }
  },
  {
   "type": "Feature",
   "id": "I-KER-146",
   "geometry": {
    "type": "Point",
    "coordinates": [
     -10.332104,
     51.848153
    ]
   },
   "properties": {
    "file": "I-KER-146.xml",
    "stone_key": "I-KER-146",
    "ogham_id": "I-KER-146",
    "title": "Ráth Ciaráin | Rathkieran",
    "cisp": "RATHK/1",
    "cisp_url": "https://www.ucl.ac.uk/archaeology/cisp/database/stone/RATHK/1.html",
    "smr": "KE096-009001-",
    "origplace_text": "Rathkieran (Ráth Ciaráin https://www.logainm.ie/en/22404) Co. Kerry Ireland 51.848153, -10.332104 ITM coordinates: 439329 , 568787",
    "pn_townland": "Rathkieran (Ráth Ciaráin)",
    "pn_county": "Co. Kerry",
    "pn_country": "Ireland",
    "geo_raw": "51.848153, -10.332104",
    "geo_status": "asserted",
    "grid_raw": "439329 , 568787",
    "uri": "http://data.ogham.link/crm/findspot_I_KER_146"
   }
  },
  {
   "type": "Feature",
   "id": "I-KER-147",
   "geometry": {
    "type": "Point",
    "coordinates": [
     -9.5731,
     52.1419
    ]
   },
   "properties": {
    "file": "I-KER-147.xml",
    "stone_key": "I-KER-147",
    "ogham_id": "I-KER-147",
    "title": "An Gabhlán | Gowlane",
    "cisp": "GOWLA/1",
    "cisp_url": "https://www.ucl.ac.uk/archaeology/cisp/database/stone/GOWLA/1.html",
    "smr": "KE048-113003-",
    "origplace_text": "Gowlane (An Gabhlán https://www.logainm.ie/en/23681) Co. Kerry Ireland ITM coordinates: 492319, 60007152.1419, -9.5731",
    "pn_townland": "Gowlane (An Gabhlán)",
    "pn_county": "Co. Kerry",
    "pn_country": "Ireland",
    "geo_raw": "52.1419, -9.5731",
    "geo_status": "asserted",
    "grid_raw": "492319, 600071",
    "uri": "http://data.ogham.link/crm/findspot_I_KER_147"
   }
  },
  {
   "type": "Feature",
   "id": "I-KER-148",
   "geometry": {
    "type": "Point",
    "coordinates": [
     -9.648659,
     52.196909
    ]
   },
   "properties": {
    "file": "I-KER-148.xml",
    "stone_key": "I-KER-148",
    "ogham_id": "I-KER-148",
    "title": "An Cnoc Breac | Knockbrack",
    "cisp_url": "https://www.ucl.ac.uk/archaeology/cisp/database/stone/.html",
    "smr": "KE047-105001-",
    "origplace_text": "Knockbrack (An Cnoc Breac https://www.logainm.ie/en/23610) Co. Kerry Ireland 52.196909, -9.648659 ITM coordinates: 487295, 606295",
    "pn_townland": "Knockbrack (An Cnoc Breac)",
    "pn_county": "Co. Kerry",
    "pn_country": "Ireland",
    "geo_raw": "52.196909, -9.648659",
    "geo_status": "asserted",
    "grid_raw": "487295, 606295",
    "uri": "http://data.ogham.link/crm/findspot_I_KER_148"
   }
  },
  {
   "type": "Feature",
   "id": "I-KER-149",
   "geometry": {
    "type": "Point",
    "coordinates": [
     -9.772241,
     52.376725
    ]
   },
   "properties": {
    "file": "I-KER-149.xml",
    "stone_key": "I-KER-149",
    "ogham_id": "I-KER-149",
    "title": "Cill Mhaoile Theas | Kilmoyly South",
    "cisp_url": "https://www.ucl.ac.uk/archaeology/cisp/database/stone/.html",
    "smr": "KE014-089002-",
    "origplace_text": "Kilmoyly South (Cill Mhaoile Theas https://www.logainm.ie/en/24385) Co. Kerry Ireland ITM coordinates: 479337, 62649752.376725, -9.772241",
    "pn_townland": "Kilmoyly South (Cill Mhaoile Theas)",
    "pn_county": "Co. Kerry",
    "pn_country": "Ireland",
    "geo_raw": "52.376725, -9.772241",
    "geo_status": "asserted",
    "grid_raw": "479337, 626497",
    "uri": "http://data.ogham.link/crm/findspot_I_KER_149"
   }
  },
  {
   "type": "Feature",
   "id": "I-KER-150",
   "geometry": {
    "type": "Point",
    "coordinates": [
     -10.144093,
     52.244086
    ]
   },
   "properties": {
    "file": "I-KER-150.xml",
    "stone_key": "I-KER-150",
    "ogham_id": "I-KER-150",
    "title": "Formaoil |Fermoyle",
    "cisp_url": "https://www.ucl.ac.uk/archaeology/cisp/database/stone/.html",
    "smr": "KE035-154----",
    "repository": "Kerry County Museum",
    "origplace_text": "Fermoyle (Formaoil) , Co. Kerry, Ireland 52.244086, -10.144093 approximate",
    "pn_townland": "Fermoyle",
    "pn_county": "Co. Kerry",
    "pn_country": "Ireland",
    "pn_vernacular": "Formaoil (ga)",
    "geo_raw": "52.244086, -10.144093",
    "geo_status": "asserted",
    "gazetteer_uris": "https://www.logainm.ie/en/22772",
    "uri": "http://data.ogham.link/crm/findspot_I_KER_150"
   }
  },
  {
   "type": "Feature",
   "id": "I-KER-152",
   "geometry": {
    "type": "Point",
    "coordinates": [
     -9.729227,
     52.263227
    ]
   },
   "properties": {
    "file": "I-KER-152.xml",
    "stone_key": "I-KER-152",
    "ogham_id": "I-KER-152",
    "title": "Ballyvelly",
    "cisp_url": "https://www.ucl.ac.uk/archaeology/cisp/database/stone/.html",
    "origplace_text": "Ballyvelly Co. Kerry Ireland 52.263227, -9.729227",
    "pn_townland": "Ballyvelly",
    "pn_county": "Co. Kerry",
    "pn_country": "Ireland",
    "geo_raw": "52.263227, -9.729227",
    "geo_status": "asserted",
    "uri": "http://data.ogham.link/crm/findspot_I_KER_152"
   }
  },
  {
   "type": "Feature",
   "id": "I-KER-154",
   "geometry": {
    "type": "Point",
    "coordinates": [
     -10.058009,
     51.908253
    ]
   },
   "properties": {
    "file": "I-KER-154.xml",
    "stone_key": "I-KER-154",
    "ogham_id": "I-KER-154",
    "title": "An Chillín Liath | Killeenleagh",
    "cisp_url": "https://www.ucl.ac.uk/archaeology/cisp/database/stone/.html",
    "smr": "KE089-010002-",
    "origplace_text": "Killeenleagh (An Chillín Liath) Co. Kerry Ireland 51.908253, -10.058009 ITM coordinates: 458404, 574903",
    "pn_townland": "Killeenleagh",
    "pn_county": "Co. Kerry",
    "pn_country": "Ireland",
    "pn_vernacular": "An Chillín Liath (ga)",
    "geo_raw": "51.908253, -10.058009",
    "geo_status": "asserted",
    "grid_raw": "458404, 574903",
    "gazetteer_uris": "https://www.logainm.ie/en/1394104",
    "uri": "http://data.ogham.link/crm/findspot_I_KER_154"
   }
  },
  {
   "type": "Feature",
   "id": "I-KER-L01",
   "geometry": {
    "type": "Point",
    "coordinates": [
     -10.3879,
     52.1788
    ]
   },
   "properties": {
    "file": "I-KER-L01.xml",
    "stone_key": "I-KER-L01",
    "ogham_id": "I-KER-L01",
    "title": "Baile an Reannaigh | Ballinrannig 8?",
    "ciic": "154A",
    "cisp": "BALIG/8",
    "cisp_url": "https://www.ucl.ac.uk/archaeology/cisp/database/stone/BALIG/8.html",
    "tm": "www.trismegistos.org/text/172993",
    "smr": "KE042-057004-",
    "origplace_text": "Ballinrannig (Baile an Reannaigh) Co. Kerry Ireland 52.1788, -10.3879 ITM coordinates (approximate): 436682, 605700",
    "pn_townland": "Ballinrannig",
    "pn_county": "Co. Kerry",
    "pn_country": "Ireland",
    "pn_vernacular": "Baile an Reannaigh (ga)",
    "geo_raw": "52.1788, -10.3879",
    "geo_status": "asserted",
    "grid_raw": "436682, 605700",
    "gazetteer_uris": "https://www.logainm.ie/en/22741",
    "uri": "http://data.ogham.link/crm/findspot_I_KER_L01"
   }
  },
  {
   "type": "Feature",
   "id": "I-KER-L08",
   "geometry": {
    "type": "Point",
    "coordinates": [
     -9.630876,
     52.128322
    ]
   },
   "properties": {
    "file": "I-KER-L08.xml",
    "stone_key": "I-KER-L08",
    "ogham_id": "I-KER-L08",
    "title": "Gort na Cloiche Meánach | Rockfield Middle 5",
    "cisp": "RFILD/5",
    "cisp_url": "https://www.ucl.ac.uk/archaeology/cisp/database/stone/RFILD/5.html",
    "tm": "www.trismegistos.org/text/172944",
    "smr": "KE057-023006-",
    "origplace_text": "Rockfield Middle (Gort na Cloiche Meánach https://www.logainm.ie/en/23765) Co. Kerry Ireland ITM coordinates: 488339 , 598638 52.128322, -9.630876",
    "pn_townland": "Rockfield Middle (Gort na Cloiche Meánach)",
    "pn_county": "Co. Kerry",
    "pn_country": "Ireland",
    "geo_raw": "52.128322, -9.630876",
    "geo_status": "asserted",
    "grid_raw": "488339 , 598638",
    "uri": "http://data.ogham.link/crm/findspot_I_KER_L08"
   }
  },
  {
   "type": "Feature",
   "id": "I-KER-L09",
   "geometry": {
    "type": "Point",
    "coordinates": [
     -9.630876,
     52.128322
    ]
   },
   "properties": {
    "file": "I-KER-L09.xml",
    "stone_key": "I-KER-L09",
    "ogham_id": "I-KER-L09",
    "title": "Gort na Cloiche Meánach | Rockfield Middle 6",
    "cisp": "RFILD/6",
    "cisp_url": "https://www.ucl.ac.uk/archaeology/cisp/database/stone/RFILD/6.html",
    "tm": "www.trismegistos.org/text/172950",
    "smr": "KE057-023007-",
    "origplace_text": "Rockfield Middle (Gort na Cloiche Meánach https://www.logainm.ie/en/23765) Co. Kerry Ireland ITM coordinates: 488339 , 598638 52.128322, -9.630876",
    "pn_townland": "Rockfield Middle (Gort na Cloiche Meánach)",
    "pn_county": "Co. Kerry",
    "pn_country": "Ireland",
    "geo_raw": "52.128322, -9.630876",
    "geo_status": "asserted",
    "grid_raw": "488339 , 598638",
    "uri": "http://data.ogham.link/crm/findspot_I_KER_L09"
   }
  },
  {
   "type": "Feature",
   "id": "I-KER-L10",
   "geometry": {
    "type": "Point",
    "coordinates": [
     -9.657641,
     52.146311
    ]
   },
   "properties": {
    "file": "I-KER-L10.xml",
    "stone_key": "I-KER-L10",
    "ogham_id": "I-KER-L10",
    "title": "Ard Uí Mhánaigh | Ardywanig",
    "cisp_url": "https://www.ucl.ac.uk/archaeology/cisp/database/stone/.html",
    "smr": "KE047-068----",
    "origplace_text": "Ardywanig (Ard Uí Mhánaigh https://www.logainm.ie/en/23589) Co. Kerry Ireland 52.146311, -9.657641 ITM coordinates:",
    "pn_townland": "Ardywanig (Ard Uí Mhánaigh)",
    "pn_county": "Co. Kerry",
    "pn_country": "Ireland",
    "geo_raw": "52.146311, -9.657641",
    "geo_status": "asserted",
    "uri": "http://data.ogham.link/crm/findspot_I_KER_L10"
   }
  },
  {
   "type": "Feature",
   "id": "I-KER-X10",
   "geometry": {
    "type": "Point",
    "coordinates": [
     -9.711402,
     52.365387
    ]
   },
   "properties": {
    "file": "I-KER-X10.xml",
    "stone_key": "I-KER-X10",
    "ogham_id": "I-KER-X10",
    "title": "Cathair Néid |Cahernead",
    "cisp_url": "https://www.ucl.ac.uk/archaeology/cisp/database/stone/.html",
    "smr": "KE021-017002-",
    "origplace_text": "Cahernead https://www.logainm.ie/en/24617 Co. Kerry Ireland ITM coordinates: 483449 , 62513652.365387, -9.711402",
    "pn_townland": "Cahernead",
    "pn_county": "Co. Kerry",
    "pn_country": "Ireland",
    "geo_raw": "52.365387, -9.711402",
    "geo_status": "asserted",
    "grid_raw": "483449 , 625136",
    "uri": "http://data.ogham.link/crm/findspot_I_KER_X10"
   }
  },
  {
   "type": "Feature",
   "id": "I-KID-001",
   "geometry": {
    "type": "Point",
    "coordinates": [
     -6.76087,
     53.02854
    ]
   },
   "properties": {
    "file": "I-KID-001.xml",
    "stone_key": "I-KID-001",
    "ogham_id": "I-KID-001",
    "title": "Baile Choilbín | Colbinstown 1",
    "ciic": "19",
    "cisp": "COLIN/1",
    "cisp_url": "https://www.ucl.ac.uk/archaeology/cisp/database/stone/COLIN/1.html",
    "smr": "KD032-044001-",
    "repository": "National Museum of Ireland",
    "origplace_text": "Killeencormack (Cillín Chormaic) Colbinstown (Baile Choilbín Co. Kildare Ireland 53.02854, -6.76087 ITM Coordinates: 683115, 698259",
    "pn_graveyard": "Killeencormack",
    "pn_townland": "Colbinstown",
    "pn_county": "Co. Kildare",
    "pn_country": "Ireland",
    "pn_vernacular": "Cillín Chormaic (ga) | Baile Choilbín (ga)",
    "geo_raw": "53.02854, -6.76087",
    "geo_status": "asserted",
    "grid_raw": "683115, 698259",
    "gazetteer_uris": "https://www.logainm.ie/en/109036 | https://www.logainm.ie/en/25125",
    "uri": "http://data.ogham.link/crm/findspot_I_KID_001"
   }
  },
  {
   "type": "Feature",
   "id": "I-KID-002",
   "geometry": {
    "type": "Point",
    "coordinates": [
     -6.76087,
     53.02854
    ]
   },
   "properties": {
    "file": "I-KID-002.xml",
    "stone_key": "I-KID-002",
    "ogham_id": "I-KID-002",
    "title": "Baile Choilbín | Colbinstown 2",
    "ciic": "20",
    "cisp": "COLIN/2",
    "cisp_url": "https://www.ucl.ac.uk/archaeology/cisp/database/stone/COLIN/2.html",
    "smr": "KD032-044002-",
    "repository": "National Museum of Ireland",
    "origplace_text": "Killeencormack (Cillín Chormaic) Colbinstown (Baile Choilbín) Co. Kildare Ireland 53.02854, -6.76087 ITM Coordinates: 683115, 698259",
    "pn_graveyard": "Killeencormack",
    "pn_townland": "Colbinstown",
    "pn_county": "Co. Kildare",
    "pn_country": "Ireland",
    "pn_vernacular": "Cillín Chormaic (ga) | Baile Choilbín (ga)",
    "geo_raw": "53.02854, -6.76087",
    "geo_status": "asserted",
    "grid_raw": "683115, 698259",
    "gazetteer_uris": "https://www.logainm.ie/en/109036 | https://www.logainm.ie/en/25125",
    "uri": "http://data.ogham.link/crm/findspot_I_KID_002"
   }
  },
  {
   "type": "Feature",
   "id": "I-KID-004",
   "geometry": {
    "type": "Point",
    "coordinates": [
     -6.760976,
     53.028539
    ]
   },
   "properties": {
    "file": "I-KID-004.xml",
    "stone_key": "I-KID-004",
    "ogham_id": "I-KID-004",
    "title": "Baile Choilbín | Colbinstown 4",
    "ciic": "22",
    "cisp": "COLIN/4",
    "cisp_url": "https://www.ucl.ac.uk/archaeology/cisp/database/stone/COLIN/4.html",
    "smr": "KD032-044004-",
    "origplace_text": "Killeencormack (Cillín Chormaic) Colbinstown (Baile Choilbín) Co. Kildare Ireland 53.028539, -6.760976 ITM Coordinates: 683113, 698258",
    "pn_graveyard": "Killeencormack",
    "pn_townland": "Colbinstown",
    "pn_county": "Co. Kildare",
    "pn_country": "Ireland",
    "pn_vernacular": "Cillín Chormaic (ga) | Baile Choilbín (ga)",
    "geo_raw": "53.028539, -6.760976",
    "geo_status": "asserted",
    "grid_raw": "683113, 698258",
    "gazetteer_uris": "https://www.logainm.ie/en/109036 | https://www.logainm.ie/en/25125",
    "uri": "http://data.ogham.link/crm/findspot_I_KID_004"
   }
  },
  {
   "type": "Feature",
   "id": "I-KID-005",
   "geometry": {
    "type": "Point",
    "coordinates": [
     -6.760801,
     53.028514
    ]
   },
   "properties": {
    "file": "I-KID-005.xml",
    "stone_key": "I-KID-005",
    "ogham_id": "I-KID-005",
    "title": "Baile Choilbín | Colbinstown 5",
    "ciic": "23",
    "cisp": "COLIN/5",
    "cisp_url": "https://www.ucl.ac.uk/archaeology/cisp/database/stone/COLIN_5.html",
    "tm": "https://www.trismegistos.org/text/172954",
    "smr": "KD032-044005-",
    "origplace_text": "Killeencormack (Cillín Chormaic) Colbinstown (Baile Choilbín) Co. Kildare Ireland 53.028514, -6.760801 ITM Coordinates: 683138, 698248",
    "pn_graveyard": "Killeencormack",
    "pn_townland": "Colbinstown",
    "pn_county": "Co. Kildare",
    "pn_country": "Ireland",
    "pn_vernacular": "Cillín Chormaic (ga) | Baile Choilbín (ga)",
    "geo_raw": "53.028514, -6.760801",
    "geo_status": "asserted",
    "grid_raw": "683138, 698248",
    "gazetteer_uris": "https://www.logainm.ie/en/109036 | https://www.logainm.ie/en/25125",
    "uri": "http://data.ogham.link/crm/findspot_I_KID_005"
   }
  },
  {
   "type": "Feature",
   "id": "I-KID-007",
   "geometry": {
    "type": "Point",
    "coordinates": [
     -6.760951,
     53.028323
    ]
   },
   "properties": {
    "file": "I-KID-007.xml",
    "stone_key": "I-KID-007",
    "ogham_id": "I-KID-007",
    "title": "Baile Choilbín | Colbinstown 7",
    "ciic": "25",
    "cisp": "COLIN/7",
    "cisp_url": "https://www.ucl.ac.uk/archaeology/cisp/database/stone/COLIN_7.html",
    "tm": "https://www.trismegistos.org/text/172956",
    "smr": "KD032-044007-",
    "origplace_text": "Killeencormack (Cillín Chormaic) Colbinstown (Baile Choilbín) Co. Kildare Ireland 53.028323, -6.760951 ITM Coordinates: 683130, 698239",
    "pn_graveyard": "Killeencormack",
    "pn_townland": "Colbinstown",
    "pn_county": "Co. Kildare",
    "pn_country": "Ireland",
    "pn_vernacular": "Cillín Chormaic (ga) | Baile Choilbín (ga)",
    "geo_raw": "53.028323, -6.760951",
    "geo_status": "asserted",
    "grid_raw": "683130, 698239",
    "gazetteer_uris": "https://www.logainm.ie/en/109036 | https://www.logainm.ie/en/25125",
    "uri": "http://data.ogham.link/crm/findspot_I_KID_007"
   }
  },
  {
   "type": "Feature",
   "id": "I-KID-008",
   "geometry": {
    "type": "Point",
    "coordinates": [
     -6.552943,
     53.377093
    ]
   },
   "properties": {
    "file": "I-KID-008.xml",
    "stone_key": "I-KID-008",
    "ogham_id": "I-KID-008",
    "title": "Domhnach Mór | Donaghmore",
    "ciic": "26",
    "cisp": "DNMOR/1",
    "cisp_url": "https://www.ucl.ac.uk/archaeology/cisp/database/stone/DNMOR/1.html",
    "smr": "KD006-005002-",
    "repository": "National Museum of Ireland",
    "origplace_text": "Donaghmore (Domhnach Mór), Co. Kildare Ireland 53.377093, -6.552943 ITM Coordinates: 696269, 737287 (approximate findspot)",
    "pn_townland": "Donaghmore",
    "pn_county": "Co. Kildare",
    "pn_country": "Ireland",
    "pn_vernacular": "Domhnach Mór (ga)",
    "geo_raw": "53.377093, -6.552943",
    "geo_status": "asserted",
    "grid_raw": "696269, 737287 (approximate findspot)",
    "gazetteer_uris": "https://www.logainm.ie/en/25412",
    "uri": "http://data.ogham.link/crm/findspot_I_KID_008"
   }
  },
  {
   "type": "Feature",
   "id": "I-KIK-001",
   "geometry": {
    "type": "Point",
    "coordinates": [
     -7.511,
     52.761
    ]
   },
   "properties": {
    "file": "I-KIK-001.xml",
    "stone_key": "I-KIK-001",
    "ogham_id": "I-KIK-001",
    "title": "Baile Uí Spealáin | Ballyspellan",
    "ciic": "27",
    "cisp_url": "https://www.ucl.ac.uk/archaeology/cisp/database/stone/.html",
    "repository": "National Museum of Ireland",
    "origplace_text": "Ballyspellan (Baile Uí Spealáin) Co. Kilkenny Ireland 52.761, -7.511 approximate",
    "pn_townland": "Ballyspellan",
    "pn_county": "Co. Kilkenny",
    "pn_country": "Ireland",
    "pn_vernacular": "Baile Uí Spealáin (ga)",
    "geo_raw": "52.761, -7.511",
    "geo_status": "asserted",
    "gazetteer_uris": "https://www.logainm.ie/en/27449",
    "uri": "http://data.ogham.link/crm/findspot_I_KIK_001"
   }
  },
  {
   "type": "Feature",
   "id": "I-KIK-002",
   "geometry": {
    "type": "Point",
    "coordinates": [
     -7.145906,
     52.655447
    ]
   },
   "properties": {
    "file": "I-KIK-002.xml",
    "stone_key": "I-KIK-002",
    "ogham_id": "I-KIK-002",
    "title": "Clárach an Teampaill | Churchclara 1",
    "ciic": "28",
    "cisp": "CHLAR/1",
    "cisp_url": "https://www.ucl.ac.uk/archaeology/cisp/database/stone/CHLAR/1.html",
    "tm": "https://www.trismegistos.org/text/172501",
    "smr": "KK020-017003-",
    "origplace_text": "Churchclara (Clárach an Teampaill) Co. Kilkenny Ireland 52.655447, -7.145906 ITM Coordinates: 657786, 656371",
    "pn_townland": "Churchclara",
    "pn_county": "Co. Kilkenny",
    "pn_country": "Ireland",
    "pn_vernacular": "Clárach an Teampaill (ga)",
    "geo_raw": "52.655447, -7.145906",
    "geo_status": "asserted",
    "grid_raw": "657786, 656371",
    "gazetteer_uris": "https://www.logainm.ie/en/26739",
    "uri": "http://data.ogham.link/crm/findspot_I_KIK_002"
   }
  },
  {
   "type": "Feature",
   "id": "I-KIK-003",
   "geometry": {
    "type": "Point",
    "coordinates": [
     -7.146098,
     52.655485
    ]
   },
   "properties": {
    "file": "I-KIK-003.xml",
    "stone_key": "I-KIK-003",
    "ogham_id": "I-KIK-003",
    "title": "Clárach an Teampaill | Churchclara 2",
    "cisp": "CHLAR/2",
    "cisp_url": "https://www.ucl.ac.uk/archaeology/cisp/database/stone/CHLAR/2.html",
    "smr": "KK020-017010-",
    "origplace_text": "Churchclara (Clárach an Teampaill) Co. Kilkenny Ireland 52.655485, -7.146098 ITM Coordinates: 657773, 656375",
    "pn_townland": "Churchclara",
    "pn_county": "Co. Kilkenny",
    "pn_country": "Ireland",
    "pn_vernacular": "Clárach an Teampaill (ga)",
    "geo_raw": "52.655485, -7.146098",
    "geo_status": "asserted",
    "grid_raw": "657773, 656375",
    "gazetteer_uris": "https://www.logainm.ie/en/26739",
    "uri": "http://data.ogham.link/crm/findspot_I_KIK_003"
   }
  },
  {
   "type": "Feature",
   "id": "I-KIK-006",
   "geometry": {
    "type": "Point",
    "coordinates": [
     -7.037871,
     52.522596
    ]
   },
   "properties": {
    "file": "I-KIK-006.xml",
    "stone_key": "I-KIK-006",
    "ogham_id": "I-KIK-006",
    "title": "An Feadán Uachtarach | Fiddaun Upper",
    "ciic": "31",
    "cisp": "FIDUP/1",
    "cisp_url": "https://www.ucl.ac.uk/archaeology/cisp/database/stone/FIDUP_1.html",
    "tm": "https://www.trismegistos.org/text/172564",
    "smr": "KK029-020----",
    "origplace_text": "Fiddaun Upper (An Feadán Uachtarach) Co. Kilkenny Ireland 52.522596, -7.037871 ITM Coordinates: 665293, 641684",
    "pn_townland": "Fiddaun Upper",
    "pn_county": "Co. Kilkenny",
    "pn_country": "Ireland",
    "pn_vernacular": "An Feadán Uachtarach (ga)",
    "geo_raw": "52.522596, -7.037871",
    "geo_status": "asserted",
    "grid_raw": "665293, 641684",
    "gazetteer_uris": "https://www.logainm.ie/en/27197",
    "uri": "http://data.ogham.link/crm/findspot_I_KIK_006"
   }
  },
  {
   "type": "Feature",
   "id": "I-KIK-007",
   "geometry": {
    "type": "Point",
    "coordinates": [
     -7.064571,
     52.628928
    ]
   },
   "properties": {
    "file": "I-KIK-007.xml",
    "stone_key": "I-KIK-007",
    "ogham_id": "I-KIK-007",
    "title": "Gabhrán | Gowran",
    "ciic": "32",
    "cisp": "GOWRN/1",
    "cisp_url": "https://www.ucl.ac.uk/archaeology/cisp/database/stone/GOWRN/1.html",
    "tm": "https://www.trismegistos.org/text/173403",
    "smr": "KK020-060007-",
    "origplace_text": "Gowran (Gabhrán) Co. Kilkenny Ireland 52.628928, -7.064571 ITM Coordinates: 663307, 653483",
    "pn_townland": "Gowran",
    "pn_county": "Co. Kilkenny",
    "pn_country": "Ireland",
    "pn_vernacular": "Gabhrán (ga)",
    "geo_raw": "52.628928, -7.064571",
    "geo_status": "asserted",
    "grid_raw": "663307, 653483",
    "gazetteer_uris": "https://www.logainm.ie/en/1411890",
    "uri": "http://data.ogham.link/crm/findspot_I_KIK_007"
   }
  },
  {
   "type": "Feature",
   "id": "I-KIK-008",
   "geometry": {
    "type": "Point",
    "coordinates": [
     -7.163003,
     52.534759
    ]
   },
   "properties": {
    "file": "I-KIK-008.xml",
    "stone_key": "I-KIK-008",
    "ogham_id": "I-KIK-008",
    "title": "An Liagán | Legan",
    "ciic": "34",
    "cisp": "LEGAN/1",
    "cisp_url": "https://www.ucl.ac.uk/archaeology/cisp/database/stone/LEGAN/1.html",
    "tm": "https://www.trismegistos.org/text/172646",
    "smr": "KK028-026002-",
    "origplace_text": "Legan (An Liagán) Co. Kilkenny Ireland 52.534759, -7.163003 ITM Coordinates: 656787 , 642925",
    "pn_townland": "Legan",
    "pn_county": "Co. Kilkenny",
    "pn_country": "Ireland",
    "pn_vernacular": "An Liagán (ga)",
    "geo_raw": "52.534759, -7.163003",
    "geo_status": "asserted",
    "grid_raw": "656787 , 642925",
    "gazetteer_uris": "https://www.logainm.ie/en/27341",
    "uri": "http://data.ogham.link/crm/findspot_I_KIK_008"
   }
  },
  {
   "type": "Feature",
   "id": "I-KIK-009",
   "geometry": {
    "type": "Point",
    "coordinates": [
     -7.129977,
     52.579246
    ]
   },
   "properties": {
    "file": "I-KIK-009.xml",
    "stone_key": "I-KIK-009",
    "ogham_id": "I-KIK-009",
    "title": "An Tulaigh Thirim | Tullaherin 1",
    "ciic": "35",
    "cisp": "TULHE",
    "cisp_url": "http://www.ucl.ac.uk/archaeology/cisp/database/site/tulhe.html",
    "tm": "https://www.trismegistos.org/text/172721",
    "origplace_text": "Tullaherin (An Tulaigh Thirim) Co. Kilkenny Ireland 52.579246, -7.129977 ITM Coordinates: 658966, 647906",
    "pn_townland": "Tullaherin",
    "pn_county": "Co. Kilkenny",
    "pn_country": "Ireland",
    "pn_vernacular": "An Tulaigh Thirim (ga)",
    "geo_raw": "52.579246, -7.129977",
    "geo_status": "asserted",
    "grid_raw": "658966, 647906",
    "gazetteer_uris": "https://www.logainm.ie/en/27360",
    "uri": "http://data.ogham.link/crm/findspot_I_KIK_009"
   }
  },
  {
   "type": "Feature",
   "id": "I-KIK-010",
   "geometry": {
    "type": "Point",
    "coordinates": [
     -7.130021,
     52.579246
    ]
   },
   "properties": {
    "file": "I-KIK-010.xml",
    "stone_key": "I-KIK-010",
    "ogham_id": "I-KIK-010",
    "title": "An Tulaigh Thirim | Tullaherin 2",
    "cisp": "TULHE",
    "cisp_url": "http://www.ucl.ac.uk/archaeology/cisp/database/site/tulhe.html",
    "origplace_text": "Tullaherin (An Tulaigh Thirim) Co. Kilkenny Ireland 52.579246, -7.130021 ITM Coordinates: 658963, 647906",
    "pn_townland": "Tullaherin",
    "pn_county": "Co. Kilkenny",
    "pn_country": "Ireland",
    "pn_vernacular": "An Tulaigh Thirim (ga)",
    "geo_raw": "52.579246, -7.130021",
    "geo_status": "asserted",
    "grid_raw": "658963, 647906",
    "gazetteer_uris": "https://www.logainm.ie/en/27360",
    "uri": "http://data.ogham.link/crm/findspot_I_KIK_010"
   }
  },
  {
   "type": "Feature",
   "id": "I-KIK-011",
   "geometry": {
    "type": "Point",
    "coordinates": [
     -7.36596,
     52.44656
    ]
   },
   "properties": {
    "file": "I-KIK-011.xml",
    "stone_key": "I-KIK-011",
    "ogham_id": "I-KIK-011",
    "title": "Lamóg | Lamoge 1",
    "ciic": "36",
    "cisp": "LAMOG/1",
    "cisp_url": "https://www.ucl.ac.uk/archaeology/cisp/database/stone/lamog_1.html",
    "tm": "https://www.trismegistos.org/text/172645",
    "origplace_text": "Lamoge (Lamóg) Co. Kilkenny Ireland 52.44656, -7.36596 ITM Coordinates (approximate): 643095, 632978",
    "pn_townland": "Lamoge",
    "pn_county": "Co. Kilkenny",
    "pn_country": "Ireland",
    "pn_vernacular": "Lamóg (ga)",
    "geo_raw": "52.44656, -7.36596",
    "geo_status": "asserted",
    "grid_raw": "643095, 632978",
    "gazetteer_uris": "https://www.logainm.ie/en/26343",
    "uri": "http://data.ogham.link/crm/findspot_I_KIK_011"
   }
  },
  {
   "type": "Feature",
   "id": "I-KIK-012",
   "geometry": {
    "type": "Point",
    "coordinates": [
     -7.36596,
     52.44656
    ]
   },
   "properties": {
    "file": "I-KIK-012.xml",
    "stone_key": "I-KIK-012",
    "ogham_id": "I-KIK-012",
    "title": "Lamóg | Lamoge 2",
    "ciic": "37",
    "cisp": "LAMOG/2",
    "cisp_url": "https://www.ucl.ac.uk/archaeology/cisp/database/stone/lamog_2.html",
    "tm": "https://www.trismegistos.org/text/172806",
    "origplace_text": "Lamoge (Lamóg) Co. Kilkenny Ireland 52.44656, -7.36596 ITM Coordinates (approximate): 643095, 632978",
    "pn_townland": "Lamoge",
    "pn_county": "Co. Kilkenny",
    "pn_country": "Ireland",
    "pn_vernacular": "Lamóg (ga)",
    "geo_raw": "52.44656, -7.36596",
    "geo_status": "asserted",
    "grid_raw": "643095, 632978",
    "gazetteer_uris": "https://www.logainm.ie/en/26343",
    "uri": "http://data.ogham.link/crm/findspot_I_KIK_012"
   }
  },
  {
   "type": "Feature",
   "id": "I-KIK-013",
   "geometry": {
    "type": "Point",
    "coordinates": [
     -7.222619,
     52.470078
    ]
   },
   "properties": {
    "file": "I-KIK-013.xml",
    "stone_key": "I-KIK-013",
    "ogham_id": "I-KIK-013",
    "title": "Baile Mhuadáin | Ballyboodan",
    "ciic": "38",
    "cisp": "BALBO/1",
    "cisp_url": "https://www.ucl.ac.uk/archaeology/cisp/database/stone/balbo_1.html",
    "tm": "https://www.trismegistos.org/text/172457",
    "origplace_text": "Ballyboodan (Baile Mhuadáin) Co. Kilkenny Ireland 52.470078, -7.222619 ITM Coordinates: 652816, 635691",
    "pn_townland": "Ballyboodan",
    "pn_county": "Co. Kilkenny",
    "pn_country": "Ireland",
    "pn_vernacular": "Baile Mhuadáin (ga)",
    "geo_raw": "52.470078, -7.222619",
    "geo_status": "asserted",
    "grid_raw": "652816, 635691",
    "gazetteer_uris": "https://www.logainm.ie/en/27279",
    "uri": "http://data.ogham.link/crm/findspot_I_KIK_013"
   }
  },
  {
   "type": "Feature",
   "id": "I-KIK-014",
   "geometry": {
    "type": "Point",
    "coordinates": [
     -7.0094,
     52.6873
    ]
   },
   "properties": {
    "file": "I-KIK-014.xml",
    "stone_key": "I-KIK-014",
    "ogham_id": "I-KIK-014",
    "title": "An tSeanchill |Shankill",
    "cisp": "SHANK/1",
    "cisp_url": "https://www.ucl.ac.uk/archaeology/cisp/database/stone/shank_1.html",
    "repository": "Rothe House Museum",
    "origplace_text": "Shankill (An tSeanchill) Co. Kilkenny Ireland 52.6873, -7.0094",
    "pn_townland": "Shankill",
    "pn_county": "Co. Kilkenny",
    "pn_country": "Ireland",
    "pn_vernacular": "An tSeanchill (ga)",
    "geo_raw": "52.6873, -7.0094",
    "geo_status": "asserted",
    "gazetteer_uris": "https://www.logainm.ie/en/27060",
    "uri": "http://data.ogham.link/crm/findspot_I_KIK_014"
   }
  },
  {
   "type": "Feature",
   "id": "I-LDY-001",
   "geometry": {
    "type": "Point",
    "coordinates": [
     -6.74001,
     55.11652
    ]
   },
   "properties": {
    "file": "I-LDY-001.xml",
    "stone_key": "I-LDY-001",
    "ogham_id": "I-LDY-001",
    "title": "Dún Oilí Uachtarach | Dunalis Upper",
    "ciic": "316",
    "cisp": "DUNAL/1",
    "cisp_url": "https://www.ucl.ac.uk/archaeology/cisp/database/stone/DUNAL/1.html",
    "origplace_text": "Dunalis Upper (Dún Oilí Uachtarach) Co. Derry | Londonderry Northern Ireland 55.11652, -6.74001 National Grid Ref: C8044030640",
    "pn_townland": "Dunalis Upper",
    "pn_county": "Co. Derry | Londonderry",
    "pn_country": "Northern Ireland",
    "pn_vernacular": "Dún Oilí Uachtarach (ga)",
    "geo_raw": "55.11652, -6.74001",
    "geo_status": "asserted",
    "gazetteer_uris": "https://www.logainm.ie/ga/57618",
    "uri": "http://data.ogham.link/crm/findspot_I_LDY_001"
   }
  },
  {
   "type": "Feature",
   "id": "I-LOU-002",
   "geometry": {
    "type": "Point",
    "coordinates": [
     -6.424458,
     53.986176
    ]
   },
   "properties": {
    "file": "I-LOU-002.xml",
    "stone_key": "I-LOU-002",
    "ogham_id": "I-LOU-002",
    "title": "Baile Bhalraic | Ballybarrack",
    "cisp": "BALBA/1",
    "cisp_url": "https://www.ucl.ac.uk/archaeology/cisp/database/stone/BALBA/1.html",
    "smr": "LH007-072006-",
    "repository": "National Museum of Ireland",
    "origplace_text": "Ballybarrack (Baile Bhalraic), Co. Louth, Ireland 53.986176, -6.424458 ITM Coordinates: 703329, 805251",
    "pn_townland": "Ballybarrack",
    "pn_county": "Co. Louth",
    "pn_country": "Ireland",
    "pn_vernacular": "Baile Bhalraic (ga)",
    "geo_raw": "53.986176, -6.424458",
    "geo_status": "asserted",
    "grid_raw": "703329, 805251",
    "gazetteer_uris": "https://www.logainm.ie/ga/33821",
    "uri": "http://data.ogham.link/crm/findspot_I_LOU_002"
   }
  },
  {
   "type": "Feature",
   "id": "I-MAY-001",
   "geometry": {
    "type": "Point",
    "coordinates": [
     -8.799564,
     53.773466
    ]
   },
   "properties": {
    "file": "I-MAY-001.xml",
    "stone_key": "I-MAY-001",
    "ogham_id": "I-MAY-001",
    "title": "An tOileán | Island",
    "ciic": "3",
    "cisp": "ISLAN/1",
    "cisp_url": "https://www.ucl.ac.uk/archaeology/cisp/database/stone/islan_1.html",
    "tm": "172600",
    "smr": "MA093-038001-",
    "origplace_text": "Island (An tOileán), Co. Mayo Ireland 53.773466, -8.799564 ITM Coordinates: 547294, 780728",
    "pn_townland": "Island",
    "pn_county": "Co. Mayo",
    "pn_country": "Ireland",
    "pn_vernacular": "An tOileán (ga)",
    "geo_raw": "53.773466, -8.799564",
    "geo_status": "asserted",
    "grid_raw": "547294, 780728",
    "gazetteer_uris": "https://www.logainm.ie/ga/36095",
    "uri": "http://data.ogham.link/crm/findspot_I_MAY_001"
   }
  },
  {
   "type": "Feature",
   "id": "I-MAY-002",
   "geometry": {
    "type": "Point",
    "coordinates": [
     -8.76517,
     53.772989
    ]
   },
   "properties": {
    "file": "I-MAY-002.xml",
    "stone_key": "I-MAY-002",
    "ogham_id": "I-MAY-002",
    "title": "Cill Mhainín | Kilmannin",
    "ciic": "4",
    "cisp": "KILMA/1",
    "cisp_url": "https://www.ucl.ac.uk/archaeology/cisp/database/stone/kilma_1.html",
    "tm": "172630",
    "smr": "MA093-045003-",
    "repository": "National Museum of Ireland",
    "origplace_text": "Kilmannin (Cill Mhainín ‘Mainín’s church’?), Co. Mayo, Ireland 53.772989, -8.765170 ITM Coordinates: 549559, 780647",
    "pn_townland": "Kilmannin (‘Mainín’s church’?)",
    "pn_county": "Co. Mayo",
    "pn_country": "Ireland",
    "pn_vernacular": "Cill Mhainín (ga)",
    "geo_raw": "53.772989, -8.765170",
    "geo_status": "asserted",
    "grid_raw": "549559, 780647",
    "gazetteer_uris": "https://www.logainm.ie/ga/36377",
    "uri": "http://data.ogham.link/crm/findspot_I_MAY_002"
   }
  },
  {
   "type": "Feature",
   "id": "I-MAY-003",
   "geometry": {
    "type": "Point",
    "coordinates": [
     -8.674923,
     53.896213
    ]
   },
   "properties": {
    "file": "I-MAY-003.xml",
    "stone_key": "I-MAY-003",
    "ogham_id": "I-MAY-003",
    "title": "An Roisín Thiar | Rusheens West",
    "ciic": "5",
    "cisp": "RUSHE/1",
    "cisp_url": "https://www.ucl.ac.uk/archaeology/cisp/database/stone/rushe_1.html",
    "smr": "MA073-012----",
    "origplace_text": "Rusheens West (An Roisín Thiar), in the parish of Kilmovee (Cill Moibhí 'Church of Mobhí'), Co. Mayo Ireland 53.896213, -8.674923 ITM Coordinates: 555640, 794299",
    "pn_townland": "Rusheens West",
    "pn_parish": "Kilmovee",
    "pn_county": "Co. Mayo",
    "pn_country": "Ireland",
    "pn_vernacular": "An Roisín Thiar (ga) | Cill Moibhí (ga)",
    "geo_raw": "53.896213, -8.674923",
    "geo_status": "asserted",
    "grid_raw": "555640, 794299",
    "gazetteer_uris": "https://www.logainm.ie/ga/36692",
    "uri": "http://data.ogham.link/crm/findspot_I_MAY_003"
   }
  },
  {
   "type": "Feature",
   "id": "I-MAY-004",
   "geometry": {
    "type": "Point",
    "coordinates": [
     -8.697455,
     53.726342
    ]
   },
   "properties": {
    "file": "I-MAY-004.xml",
    "stone_key": "I-MAY-004",
    "ogham_id": "I-MAY-004",
    "title": "An Baile Beag | Ballybeg",
    "ciic": "6",
    "cisp": "TULLA/1",
    "cisp_url": "https://www.ucl.ac.uk/archaeology/cisp/database/stone/tulla_1.html",
    "tm": "172720",
    "origplace_text": "Ballybeg (An Baile Beag), Co. Mayo, Ireland 53.726342, -8.697455 ITM Coordinates: 553975, 775414",
    "pn_townland": "Ballybeg",
    "pn_county": "Co. Mayo",
    "pn_country": "Ireland",
    "pn_vernacular": "An Baile Beag (ga)",
    "geo_raw": "53.726342, -8.697455",
    "geo_status": "asserted",
    "grid_raw": "553975, 775414",
    "gazetteer_uris": "https://www.logainm.ie/ga/36181",
    "uri": "http://data.ogham.link/crm/findspot_I_MAY_004"
   }
  },
  {
   "type": "Feature",
   "id": "I-MAY-005",
   "geometry": {
    "type": "Point",
    "coordinates": [
     -9.078265,
     54.072257
    ]
   },
   "properties": {
    "file": "I-MAY-005.xml",
    "stone_key": "I-MAY-005",
    "ogham_id": "I-MAY-005",
    "title": "Corr Odhar | Corrower",
    "ciic": "7",
    "cisp": "CORRO/1",
    "tm": "172525",
    "smr": "MA040-048----",
    "origplace_text": "Corrower (Corr Odhar), Co. Mayo, Ireland 54.072257, -9.078265 ITM Coordinates: 529428, 814221",
    "pn_townland": "Corrower",
    "pn_county": "Co. Mayo",
    "pn_country": "Ireland",
    "pn_vernacular": "Corr Odhar (ga)",
    "geo_raw": "54.072257, -9.078265",
    "geo_status": "asserted",
    "grid_raw": "529428, 814221",
    "gazetteer_uris": "https://www.logainm.ie/ga/34668",
    "uri": "http://data.ogham.link/crm/findspot_I_MAY_005"
   }
  },
  {
   "type": "Feature",
   "id": "I-MAY-006",
   "geometry": {
    "type": "Point",
    "coordinates": [
     -9.89389,
     53.742054
    ]
   },
   "properties": {
    "file": "I-MAY-006.xml",
    "stone_key": "I-MAY-006",
    "ogham_id": "I-MAY-006",
    "title": "Dumhach Mhic Eoghain | Dooghmakeon",
    "ciic": "8",
    "cisp": "DOOGH/1",
    "tm": "172543",
    "origplace_text": "Dooghmakeon (Dumhach Mhic Eoghain), Co. Mayo Ireland 53.742054, -9.893890 ITM Coordinates: 475069, 778600",
    "pn_townland": "Dooghmakeon",
    "pn_county": "Co. Mayo",
    "pn_country": "Ireland",
    "pn_vernacular": "Dumhach Mhic Eoghain (ga)",
    "geo_raw": "53.742054, -9.893890",
    "geo_status": "asserted",
    "grid_raw": "475069, 778600",
    "gazetteer_uris": "https://www.logainm.ie/ga/37144",
    "uri": "http://data.ogham.link/crm/findspot_I_MAY_006"
   }
  },
  {
   "type": "Feature",
   "id": "I-MAY-007",
   "geometry": {
    "type": "Point",
    "coordinates": [
     -9.332316,
     54.257414
    ]
   },
   "properties": {
    "file": "I-MAY-007.xml",
    "stone_key": "I-MAY-007",
    "ogham_id": "I-MAY-007",
    "title": "Achadh Liag | Aghaleague",
    "ciic": "9",
    "cisp": "AGHAL/1",
    "tm": "172432",
    "smr": "MA014-101----",
    "origplace_text": "Aghaleague (Achadh Liag), Co. Mayo Ireland 54.257414, -9.332316 ITM Coordinates: 513189, 835110",
    "pn_townland": "Aghaleague",
    "pn_county": "Co. Mayo",
    "pn_country": "Ireland",
    "pn_vernacular": "Achadh Liag (ga)",
    "geo_raw": "54.257414, -9.332316",
    "geo_status": "asserted",
    "grid_raw": "513189, 835110",
    "gazetteer_uris": "https://www.logainm.ie/ga/34228",
    "uri": "http://data.ogham.link/crm/findspot_I_MAY_007"
   }
  },
  {
   "type": "Feature",
   "id": "I-MAY-008",
   "geometry": {
    "type": "Point",
    "coordinates": [
     -9.25363,
     54.246449
    ]
   },
   "properties": {
    "file": "I-MAY-008.xml",
    "stone_key": "I-MAY-008",
    "ogham_id": "I-MAY-008",
    "title": "Bréisteach | Breastagh",
    "ciic": "10",
    "cisp": "BREAS/1",
    "tm": "172479",
    "smr": "MA015-018001-",
    "origplace_text": "Breastagh (Bréisteach), Co. Mayo Ireland 54.246449, -9.253630 ITM Coordinates: 518294, 833798",
    "pn_townland": "Breastagh",
    "pn_county": "Co. Mayo",
    "pn_country": "Ireland",
    "pn_vernacular": "Bréisteach (ga)",
    "geo_raw": "54.246449, -9.253630",
    "geo_status": "asserted",
    "grid_raw": "518294, 833798",
    "gazetteer_uris": "https://www.logainm.ie/ga/34606",
    "uri": "http://data.ogham.link/crm/findspot_I_MAY_008"
   }
  },
  {
   "type": "Feature",
   "id": "I-MAY-009",
   "geometry": {
    "type": "Point",
    "coordinates": [
     -10.083446,
     54.208993
    ]
   },
   "properties": {
    "file": "I-MAY-009.xml",
    "stone_key": "I-MAY-009",
    "ogham_id": "I-MAY-009",
    "title": "Mainistir na Croise | Cross Abbey",
    "smr": "MA016-004004-",
    "origplace_text": "Cross Abbey (Mainistir na Croise), Cross (Boyd) (An Chrois), Co. Mayo Ireland 54.208993, -10.083446 ITM Coordinates: 464096, 830903",
    "pn_site": "Cross Abbey",
    "pn_townland": "Cross (Boyd)",
    "pn_county": "Co. Mayo",
    "pn_country": "Ireland",
    "pn_vernacular": "Mainistir na Croise (ga) | An Chrois (ga)",
    "geo_raw": "54.208993, -10.083446",
    "geo_status": "asserted",
    "grid_raw": "464096, 830903",
    "gazetteer_uris": "https://www.logainm.ie/ga/1399343",
    "uri": "http://data.ogham.link/crm/findspot_I_MAY_009"
   }
  },
  {
   "type": "Feature",
   "id": "I-MAY-010",
   "geometry": {
    "type": "Point",
    "coordinates": [
     -9.027587,
     54.089953
    ]
   },
   "properties": {
    "file": "I-MAY-010.xml",
    "stone_key": "I-MAY-010",
    "ogham_id": "I-MAY-010",
    "title": "Cill na nGarbhán | Kilgarvan",
    "cisp": "KILGA/1",
    "smr": "MA040-031004-",
    "origplace_text": "Kilgarvan (Cill na nGarbhán), Co. Mayo Ireland 54.089953, -9.027587 ITM Coordinates: 532776, 816140",
    "pn_townland": "Kilgarvan",
    "pn_county": "Co. Mayo",
    "pn_country": "Ireland",
    "pn_vernacular": "Cill na nGarbhán (ga)",
    "geo_raw": "54.089953, -9.027587",
    "geo_status": "asserted",
    "grid_raw": "532776, 816140",
    "gazetteer_uris": "https://www.logainm.ie/ga/34677",
    "uri": "http://data.ogham.link/crm/findspot_I_MAY_010"
   }
  },
  {
   "type": "Feature",
   "id": "I-MAY-X02",
   "geometry": {
    "type": "Point",
    "coordinates": [
     -10.202474,
     53.968912
    ]
   },
   "properties": {
    "file": "I-MAY-X02.xml",
    "stone_key": "I-MAY-X02",
    "ogham_id": "I-MAY-X02",
    "title": "An Caol Thiar | Keel West",
    "cisp": "KEELW/1",
    "cisp_url": "https://www.ucl.ac.uk/archaeology/cisp/database/stone/keelw_1.html",
    "repository": "National Museum of Ireland",
    "origplace_text": "Keel West (An Caol Thiar), Co. Mayo, Ireland 53.968912, -10.202474(approx.) ITM Coordinates: 455531, 804431",
    "pn_townland": "Keel West",
    "pn_county": "Co. Mayo",
    "pn_country": "Ireland",
    "pn_vernacular": "An Caol Thiar (ga)",
    "geo_raw": "53.968912, -10.202474",
    "geo_status": "asserted",
    "grid_raw": "455531, 804431",
    "gazetteer_uris": "https://www.logainm.ie/ga/37548",
    "uri": "http://data.ogham.link/crm/findspot_I_MAY_X02"
   }
  },
  {
   "type": "Feature",
   "id": "I-MEA-001",
   "geometry": {
    "type": "Point",
    "coordinates": [
     -6.565704,
     53.667656
    ]
   },
   "properties": {
    "file": "I-MEA-001.xml",
    "stone_key": "I-MEA-001",
    "ogham_id": "I-MEA-001",
    "title": "Baile Phaghain | Painestown",
    "ciic": "40",
    "cisp": "PAINT/1",
    "cisp_url": "https://www.ucl.ac.uk/archaeology/cisp/database/stone/paint_1.html",
    "tm": "https://www.trismegistos.org/text/172672",
    "repository": "National Museum of Ireland",
    "origplace_text": "Painestown (Baile Phaghain) Co. Meath Ireland 53.667656, -6.565704 ITM Coordinates: 694779, 769306, approximate",
    "pn_townland": "Painestown",
    "pn_county": "Co. Meath",
    "pn_country": "Ireland",
    "pn_vernacular": "Baile Phaghain (ga)",
    "geo_raw": "53.667656, -6.565704",
    "geo_status": "asserted",
    "grid_raw": "694779, 769306, approximate",
    "gazetteer_uris": "https://www.logainm.ie/ga/38701",
    "uri": "http://data.ogham.link/crm/findspot_I_MEA_001"
   }
  },
  {
   "type": "Feature",
   "id": "I-MEA-003",
   "geometry": {
    "type": "Point",
    "coordinates": [
     -6.75564,
     53.81765
    ]
   },
   "properties": {
    "file": "I-MEA-003.xml",
    "stone_key": "I-MEA-003",
    "ogham_id": "I-MEA-003",
    "title": "Moynagh Lough",
    "smr": "ME005-088001-",
    "repository": "National Museum of Ireland",
    "origplace_text": "Moynagh Lough, Brittas (An Briotás), Co. Meath, Ireland 53.81765, -6.75564 approximate coordinates",
    "pn_lake": "Moynagh Lough",
    "pn_townland": "Brittas",
    "pn_county": "Co. Meath",
    "pn_country": "Ireland",
    "pn_vernacular": "An Briotás (ga)",
    "geo_raw": "53.81765, -6.75564",
    "geo_status": "asserted",
    "gazetteer_uris": "https://www.logainm.ie/ga/38158",
    "uri": "http://data.ogham.link/crm/findspot_I_MEA_003"
   }
  },
  {
   "type": "Feature",
   "id": "I-MEA-004",
   "geometry": {
    "type": "Point",
    "coordinates": [
     -6.476,
     53.694
    ]
   },
   "properties": {
    "file": "I-MEA-004.xml",
    "stone_key": "I-MEA-004",
    "ogham_id": "I-MEA-004",
    "title": "Sí an Bhrú | Newgrange",
    "repository": "National Museum of Ireland",
    "origplace_text": "Newgrange (An Ghráinseach Nua) Co. Meath Ireland 53.694, -6.476 approximate coordinates",
    "pn_townland": "Newgrange",
    "pn_county": "Co. Meath",
    "pn_country": "Ireland",
    "pn_vernacular": "An Ghráinseach Nua (ga)",
    "geo_raw": "53.694, -6.476",
    "geo_status": "asserted",
    "gazetteer_uris": "https://www.logainm.ie/en/38473",
    "uri": "http://data.ogham.link/crm/findspot_I_MEA_004"
   }
  },
  {
   "type": "Feature",
   "id": "I-OFF-001",
   "geometry": {
    "type": "Point",
    "coordinates": [
     -7.98755,
     53.32577
    ]
   },
   "properties": {
    "file": "I-OFF-001.xml",
    "stone_key": "I-OFF-001",
    "ogham_id": "I-OFF-001",
    "title": "Cluain Mhic Nóis | Clonmacnoise",
    "ciic": "749",
    "cisp": "CLMAC/152",
    "smr": "OF005-023018-",
    "origplace_text": "Clonmacnoise (Cluain Mhic Nóis) Co. Offaly Ireland 53.32577, -7.98755 ITM Coordinates: 600829, 730613",
    "pn_townland": "Clonmacnoise",
    "pn_county": "Co. Offaly",
    "pn_country": "Ireland",
    "pn_vernacular": "Cluain Mhic Nóis (ga)",
    "geo_raw": "53.32577, -7.98755",
    "geo_status": "asserted",
    "grid_raw": "600829, 730613",
    "gazetteer_uris": "https://www.logainm.ie/en/41215",
    "uri": "http://data.ogham.link/crm/findspot_I_OFF_001"
   }
  },
  {
   "type": "Feature",
   "id": "I-OFF-002",
   "geometry": {
    "type": "Point",
    "coordinates": [
     -7.67659,
     53.40075
    ]
   },
   "properties": {
    "file": "I-OFF-002.xml",
    "stone_key": "I-OFF-002",
    "ogham_id": "I-OFF-002",
    "title": "Baile na hInse | Ballynahinch (Ballinderry Crannóg)",
    "smr": "OF001-001----",
    "repository": "National Museum of Ireland",
    "origplace_text": "Ballinahinch (Baile na hInse ) Co. Offaly Ireland 53.40075, -7.67659 ITM Coordinates: 621526, 739006",
    "pn_townland": "Ballinahinch",
    "pn_county": "Co. Offaly",
    "pn_country": "Ireland",
    "pn_vernacular": "Baile na hInse (ga)",
    "geo_raw": "53.40075, -7.67659",
    "geo_status": "asserted",
    "grid_raw": "621526, 739006",
    "gazetteer_uris": "https://www.logainm.ie/en/42122",
    "uri": "http://data.ogham.link/crm/findspot_I_OFF_002"
   }
  },
  {
   "type": "Feature",
   "id": "I-OFF-005",
   "geometry": {
    "type": "Point",
    "coordinates": [
     -7.731,
     53.302
    ]
   },
   "properties": {
    "file": "I-OFF-005.xml",
    "stone_key": "I-OFF-005",
    "ogham_id": "I-OFF-005",
    "title": "An Liath Beag | Leabeg",
    "repository": "National Museum of Ireland",
    "origplace_text": "Leabeg (An Liath Beag) Co. Offaly Ireland 53.302, -7.731 approximate location only",
    "pn_townland": "Leabeg",
    "pn_county": "Co. Offaly",
    "pn_country": "Ireland",
    "pn_vernacular": "An Liath Beag (ga)",
    "geo_raw": "53.302, -7.731",
    "geo_status": "asserted",
    "gazetteer_uris": "https://www.logainm.ie/en/41148",
    "uri": "http://data.ogham.link/crm/findspot_I_OFF_005"
   }
  },
  {
   "type": "Feature",
   "id": "I-ROS-001",
   "geometry": {
    "type": "Point",
    "coordinates": [
     -8.369948,
     53.834347
    ]
   },
   "properties": {
    "file": "I-ROS-001.xml",
    "stone_key": "I-ROS-001",
    "ogham_id": "I-ROS-001",
    "title": "An Dromainn | Drummin 1",
    "ciic": "11",
    "cisp": "DRUMM/1",
    "cisp_url": "https://www.ucl.ac.uk/archaeology/cisp/database/stone/drumm_1.html",
    "tm": "https://www.trismegistos.org/text/172550",
    "origplace_text": "Drummin (An Dromainn), Co. Roscommon, Ireland 53.834347, -8.369948 ITM Coordinates: 575649, 787271",
    "pn_townland": "Drummin",
    "pn_county": "Co. Roscommon",
    "pn_country": "Ireland",
    "pn_vernacular": "An Dromainn (ga)",
    "geo_raw": "53.834347, -8.369948",
    "geo_status": "asserted",
    "grid_raw": "575649, 787271",
    "gazetteer_uris": "https://www.logainm.ie/ga/43413",
    "uri": "http://data.ogham.link/crm/findspot_I_ROS_001"
   }
  },
  {
   "type": "Feature",
   "id": "I-ROS-002",
   "geometry": {
    "type": "Point",
    "coordinates": [
     -8.369956,
     53.834307
    ]
   },
   "properties": {
    "file": "I-ROS-002.xml",
    "stone_key": "I-ROS-002",
    "ogham_id": "I-ROS-002",
    "title": "An Dromainn | Drummin 2",
    "origplace_text": "Drummin (An Dromainn), Co. Roscommon, Ireland 53.834307, -8.369956(approx.) ITM Coordinates: 575642, 787272",
    "pn_townland": "Drummin",
    "pn_county": "Co. Roscommon",
    "pn_country": "Ireland",
    "pn_vernacular": "An Dromainn (ga)",
    "geo_raw": "53.834307, -8.369956",
    "geo_status": "asserted",
    "grid_raw": "575642, 787272",
    "gazetteer_uris": "https://www.logainm.ie/ga/43413",
    "uri": "http://data.ogham.link/crm/findspot_I_ROS_002"
   }
  },
  {
   "type": "Feature",
   "id": "I-ROS-003",
   "geometry": {
    "type": "Point",
    "coordinates": [
     -8.310569,
     53.797308
    ]
   },
   "properties": {
    "file": "I-ROS-003.xml",
    "stone_key": "I-ROS-003",
    "ogham_id": "I-ROS-003",
    "title": "Ráth Cruachan | Rathcroghan 1",
    "ciic": "12",
    "cisp": "RCROG/1",
    "cisp_url": "https://www.ucl.ac.uk/archaeology/cisp/database/stone/rcrog_1.html",
    "tm": "https://www.trismegistos.org/text/172680",
    "origplace_text": "Rathcroghan (Ráth Cruachan), Glenballythomas, Co. Roscommon, Ireland 53.797308, -8.310569 ITM Coordinates: 579540, 783127",
    "pn_site": "Rathcroghan",
    "pn_townland": "Glenballythomas",
    "pn_county": "Co. Roscommon",
    "pn_country": "Ireland",
    "pn_vernacular": "Ráth Cruachan (sga)",
    "geo_raw": "53.797308, -8.310569",
    "geo_status": "asserted",
    "grid_raw": "579540, 783127",
    "gazetteer_uris": "https://www.logainm.ie/en/110097",
    "uri": "http://data.ogham.link/crm/findspot_I_ROS_003"
   }
  },
  {
   "type": "Feature",
   "id": "I-ROS-004",
   "geometry": {
    "type": "Point",
    "coordinates": [
     -8.310569,
     53.797308
    ]
   },
   "properties": {
    "file": "I-ROS-004.xml",
    "stone_key": "I-ROS-004",
    "ogham_id": "I-ROS-004",
    "title": "Ráth Cruachan | Rathcroghan 2",
    "ciic": "13",
    "cisp": "RCROG/2",
    "cisp_url": "https://www.ucl.ac.uk/archaeology/cisp/database/stone/rcrog_2.html",
    "tm": "https://www.trismegistos.org/text/172814",
    "origplace_text": "Rathcroghan (Ráth Cruachan), Glenballythomas, Co. Roscommon, Ireland 53.797308, -8.310569 ITM Coordinates: 579544, 783125",
    "pn_site": "Rathcroghan",
    "pn_townland": "Glenballythomas",
    "pn_county": "Co. Roscommon",
    "pn_country": "Ireland",
    "pn_vernacular": "Ráth Cruachan (sga)",
    "geo_raw": "53.797308, -8.310569",
    "geo_status": "asserted",
    "grid_raw": "579544, 783125",
    "gazetteer_uris": "https://www.logainm.ie/en/110097",
    "uri": "http://data.ogham.link/crm/findspot_I_ROS_004"
   }
  },
  {
   "type": "Feature",
   "id": "I-TIP-X01",
   "geometry": {
    "type": "Point",
    "coordinates": [
     -7.661,
     52.673
    ]
   },
   "properties": {
    "file": "I-TIP-X01.xml",
    "stone_key": "I-TIP-X01",
    "ogham_id": "I-TIP-X01",
    "title": "Liath | Leigh",
    "repository": "National Museum of Ireland",
    "origplace_text": "Leigh (Liath) Co. Tipperary Ireland 52.673, -7.661 approximate",
    "pn_townland": "Leigh",
    "pn_county": "Co. Tipperary",
    "pn_country": "Ireland",
    "pn_vernacular": "Liath (ga)",
    "geo_raw": "52.673, -7.661",
    "geo_status": "asserted",
    "gazetteer_uris": "https://www.logainm.ie/en/47322",
    "uri": "http://data.ogham.link/crm/findspot_I_TIP_X01"
   }
  },
  {
   "type": "Feature",
   "id": "I-TYR-001",
   "geometry": {
    "type": "Point",
    "coordinates": [
     -7.042515,
     54.699406
    ]
   },
   "properties": {
    "file": "I-TYR-001.xml",
    "stone_key": "I-TYR-001",
    "ogham_id": "I-TYR-001",
    "title": "Achadh Scríobach | Aghascrebagh",
    "ciic": "317",
    "cisp": "AGHAS/1",
    "cisp_url": "https://www.ucl.ac.uk/archaeology/cisp/database/stone/AGHAS/1.html",
    "origplace_text": "Aghascrebagh (Achadh Scríobach) Co. Tyrone Northern Ireland 54.699406, -7.042515 National Grid Ref: H6177783903",
    "pn_townland": "Aghascrebagh",
    "pn_county": "Co. Tyrone",
    "pn_country": "Northern Ireland",
    "pn_vernacular": "Achadh Scríobach (ga)",
    "geo_raw": "54.699406, -7.042515",
    "geo_status": "asserted",
    "uri": "http://data.ogham.link/crm/findspot_I_TYR_001"
   }
  },
  {
   "type": "Feature",
   "id": "I-WAT-001",
   "geometry": {
    "type": "Point",
    "coordinates": [
     -7.99903,
     52.20345
    ]
   },
   "properties": {
    "file": "I-WAT-001.xml",
    "stone_key": "I-WAT-001",
    "ogham_id": "I-WAT-001",
    "title": "Suí Mochuda | Seemochuda",
    "ciic": "262",
    "cisp": "SCHUD/1",
    "cisp_url": "https://www.ucl.ac.uk/archaeology/cisp/database/stone/SCHUD/1.html",
    "tm": "www.trismegistos.org/text/172697",
    "smr": "WA011-003001-",
    "repository": "University College Cork",
    "origplace_text": "Seemochuda (Suí Mochuda) Co. Waterford Ireland 52.20345, -7.99903approximate ITM Coordinates: 600070, 605735",
    "pn_townland": "Seemochuda",
    "pn_county": "Co. Waterford",
    "pn_country": "Ireland",
    "pn_vernacular": "Suí Mochuda (ga)",
    "geo_raw": "52.20345, -7.99903",
    "geo_status": "asserted",
    "grid_raw": "600070, 605735",
    "gazetteer_uris": "https://www.logainm.ie/ga/50003",
    "uri": "http://data.ogham.link/crm/findspot_I_WAT_001"
   }
  },
  {
   "type": "Feature",
   "id": "I-WAT-002",
   "geometry": {
    "type": "Point",
    "coordinates": [
     -7.725633,
     51.948696
    ]
   },
   "properties": {
    "file": "I-WAT-002.xml",
    "stone_key": "I-WAT-002",
    "ogham_id": "I-WAT-002",
    "title": "Aird Mhór | Ardmore 1",
    "ciic": "263",
    "cisp": "AMORE/1",
    "smr": "WA040-008005-",
    "origplace_text": "Ardmore (Aird Mhór) Ardocheasty (Ard Ó Séasta) Co. Waterford Ireland 51.948696, -7.725633 ITM Coordinates (approximate): 618842, 577448",
    "pn_townland": "Ardocheasty",
    "pn_civil_parish": "Ardmore",
    "pn_county": "Co. Waterford",
    "pn_country": "Ireland",
    "pn_vernacular": "Aird Mhór (ga) | Ard Ó Séasta (ga)",
    "geo_raw": "51.948696, -7.725633",
    "geo_status": "asserted",
    "grid_raw": "618842, 577448",
    "gazetteer_uris": "https://www.logainm.ie/ga/2367",
    "uri": "http://data.ogham.link/crm/findspot_I_WAT_002"
   }
  },
  {
   "type": "Feature",
   "id": "I-WAT-003",
   "geometry": {
    "type": "Point",
    "coordinates": [
     -7.726118,
     51.948819
    ]
   },
   "properties": {
    "file": "I-WAT-003.xml",
    "stone_key": "I-WAT-003",
    "ogham_id": "I-WAT-003",
    "title": "Aird Mhór | Ardmore 2",
    "ciic": "264",
    "cisp": "AMORE/2",
    "smr": "WA040-008006-",
    "repository": "National Museum of Ireland",
    "origplace_text": "Ardmore (Aird Mhór) Ardocheasty (Ard Ó Séasta) Co. Waterford, Ireland 51.948819, -7.726118 ITM Coordinates (approximate): 618842, 577448",
    "pn_townland": "Ardocheasty",
    "pn_civil_parish": "Ardmore",
    "pn_county": "Co. Waterford",
    "pn_country": "Ireland",
    "pn_vernacular": "Aird Mhór (ga) | Ard Ó Séasta (ga)",
    "geo_raw": "51.948819, -7.726118",
    "geo_status": "asserted",
    "grid_raw": "618842, 577448",
    "gazetteer_uris": "https://www.logainm.ie/ga/2367",
    "uri": "http://data.ogham.link/crm/findspot_I_WAT_003"
   }
  },
  {
   "type": "Feature",
   "id": "I-WAT-004",
   "geometry": {
    "type": "Point",
    "coordinates": [
     -7.72592,
     51.94853
    ]
   },
   "properties": {
    "file": "I-WAT-004.xml",
    "stone_key": "I-WAT-004",
    "ogham_id": "I-WAT-004",
    "title": "Aird Mhór | Ardmore 3",
    "ciic": "265",
    "cisp": "AMORE/3",
    "smr": "WA040-008007-",
    "origplace_text": "Ardmore (Aird Mhór) Ardocheasty (Ard Ó Séasta) Co. Waterford, Ireland 51.94853, -7.72592 ITM Coordinates (approximate): 618842, 577448",
    "pn_townland": "Ardocheasty",
    "pn_civil_parish": "Ardmore",
    "pn_county": "Co. Waterford",
    "pn_country": "Ireland",
    "pn_vernacular": "Aird Mhór (ga) | Ard Ó Séasta (ga)",
    "geo_raw": "51.94853, -7.72592",
    "geo_status": "asserted",
    "grid_raw": "618842, 577448",
    "gazetteer_uris": "https://www.logainm.ie/ga/2367",
    "uri": "http://data.ogham.link/crm/findspot_I_WAT_004"
   }
  },
  {
   "type": "Feature",
   "id": "I-WAT-005",
   "geometry": {
    "type": "Point",
    "coordinates": [
     -7.8477,
     52.0743
    ]
   },
   "properties": {
    "file": "I-WAT-005.xml",
    "stone_key": "I-WAT-005",
    "ogham_id": "I-WAT-005",
    "title": "An Drom Mór | Dromore 1 (Cill Tíre)",
    "ciic": "266",
    "cisp": "DROMR/1",
    "smr": "WA029-042003-",
    "origplace_text": "Kiltera/Kilteera (Cill Tíre) Dromore (An Drom Mór) Co. Waterford Ireland 52.0743, -7.8477 ITM Coordinates (approximate): 610460, 591390",
    "pn_ecclesiastical_site": "Kiltera/Kilteera",
    "pn_townland": "Dromore",
    "pn_county": "Co. Waterford",
    "pn_country": "Ireland",
    "pn_vernacular": "Cill Tíre (ga) | An Drom Mór (ga)",
    "geo_raw": "52.0743, -7.8477",
    "geo_status": "asserted",
    "grid_raw": "610460, 591390",
    "gazetteer_uris": "https://www.logainm.ie/en/1421662 | https://www.logainm.ie/ga/49454",
    "uri": "http://data.ogham.link/crm/findspot_I_WAT_005"
   }
  },
  {
   "type": "Feature",
   "id": "I-WAT-006",
   "geometry": {
    "type": "Point",
    "coordinates": [
     -7.8477,
     52.0743
    ]
   },
   "properties": {
    "file": "I-WAT-006.xml",
    "stone_key": "I-WAT-006",
    "ogham_id": "I-WAT-006",
    "title": "An Drom Mór | Dromore 2 (Cill Tíre)",
    "ciic": "267",
    "cisp": "DROMR/2",
    "smr": "WA029-042006-",
    "origplace_text": "Kiltera/Kilteera (Cill Tíre) Dromore (An Drom Mór) Co. Waterford Ireland 52.0743, -7.8477 ITM Coordinates (approximate): 610460, 591390",
    "pn_ecclesiastical_site": "Kiltera/Kilteera",
    "pn_townland": "Dromore",
    "pn_county": "Co. Waterford",
    "pn_country": "Ireland",
    "pn_vernacular": "Cill Tíre (ga) | An Drom Mór (ga)",
    "geo_raw": "52.0743, -7.8477",
    "geo_status": "asserted",
    "grid_raw": "610460, 591390",
    "gazetteer_uris": "https://www.logainm.ie/en/1421662 | https://www.logainm.ie/ga/49454",
    "uri": "http://data.ogham.link/crm/findspot_I_WAT_006"
   }
  },
  {
   "type": "Feature",
   "id": "I-WAT-007",
   "geometry": {
    "type": "Point",
    "coordinates": [
     -7.8477,
     52.0743
    ]
   },
   "properties": {
    "file": "I-WAT-007.xml",
    "stone_key": "I-WAT-007",
    "ogham_id": "I-WAT-007",
    "title": "An Drom Mór | Dromore 3 (Cill Tíre)",
    "ciic": "268",
    "cisp": "DROMR/3",
    "smr": "WA029-042010-",
    "repository": "National Museum of Ireland",
    "origplace_text": "Kiltera/Kilteera (Cill Tíre) Dromore (An Drom Mór) Co. Waterford Ireland 52.0743, -7.8477 ITM Coordinates (approximate): 610460, 591390",
    "pn_ecclesiastical_site": "Kiltera/Kilteera",
    "pn_townland": "Dromore",
    "pn_county": "Co. Waterford",
    "pn_country": "Ireland",
    "pn_vernacular": "Cill Tíre (ga) | An Drom Mór (ga)",
    "geo_raw": "52.0743, -7.8477",
    "geo_status": "asserted",
    "grid_raw": "610460, 591390",
    "gazetteer_uris": "https://www.logainm.ie/en/1421662 | https://www.logainm.ie/ga/49454",
    "uri": "http://data.ogham.link/crm/findspot_I_WAT_007"
   }
  },
  {
   "type": "Feature",
   "id": "I-WAT-008",
   "geometry": {
    "type": "Point",
    "coordinates": [
     -7.75392,
     51.9801
    ]
   },
   "properties": {
    "file": "I-WAT-008.xml",
    "stone_key": "I-WAT-008",
    "ogham_id": "I-WAT-008",
    "title": "Ceathrú an Teampaill | Mill and Churchquarter (Grange)",
    "ciic": "269",
    "cisp": "GRANG/1",
    "cisp_url": "https://www.ucl.ac.uk/archaeology/cisp/database/stone/grang_1.html",
    "tm": "www.trismegistos.org/text/172584",
    "origplace_text": "Mill and Churchquarter (Ceathrú an Teampaill) Lisgenan or Grange parish Co. Waterford Ireland 51.98010, -7.75392approximate ITM Coordinates: 616905, 580920",
    "pn_townland": "Mill and Churchquarter",
    "pn_parish": "Lisgenan or Grange parish",
    "pn_county": "Co. Waterford",
    "pn_country": "Ireland",
    "pn_vernacular": "Ceathrú an Teampaill (ga)",
    "geo_raw": "51.98010, -7.75392",
    "geo_status": "asserted",
    "grid_raw": "616905, 580920",
    "gazetteer_uris": "https://www.logainm.ie/en/50638",
    "uri": "http://data.ogham.link/crm/findspot_I_WAT_008"
   }
  },
  {
   "type": "Feature",
   "id": "I-WAT-009",
   "geometry": {
    "type": "Point",
    "coordinates": [
     -7.449916,
     52.133213
    ]
   },
   "properties": {
    "file": "I-WAT-009.xml",
    "stone_key": "I-WAT-009",
    "ogham_id": "I-WAT-009",
    "title": "An tSráidbhaile Mór | Stradbally More 1",
    "ciic": "270",
    "cisp": "BLVOO/1",
    "cisp_url": "https://www.ucl.ac.uk/archaeology/cisp/database/stone/BLVOO/1.html",
    "tm": "www.trismegistos.org/text/172469",
    "smr": "WA024-061002-",
    "origplace_text": "Stradbally More (An tSráidbhaile Mór ) Co. Waterford Ireland 52.133213, -7.449916 ITM Coordinates: 637658, 598069",
    "pn_townland": "Stradbally More",
    "pn_county": "Co. Waterford",
    "pn_country": "Ireland",
    "pn_vernacular": "An tSráidbhaile Mór (ga)",
    "geo_raw": "52.133213, -7.449916",
    "geo_status": "asserted",
    "grid_raw": "637658, 598069",
    "gazetteer_uris": "https://www.logainm.ie/ga/49850",
    "uri": "http://data.ogham.link/crm/findspot_I_WAT_009"
   }
  },
  {
   "type": "Feature",
   "id": "I-WAT-010",
   "geometry": {
    "type": "Point",
    "coordinates": [
     -7.449916,
     52.133213
    ]
   },
   "properties": {
    "file": "I-WAT-010.xml",
    "stone_key": "I-WAT-010",
    "ogham_id": "I-WAT-010",
    "title": "An tSráidbhaile Mór | Stradbally More 2",
    "ciic": "271",
    "cisp": "BLVOO/2",
    "cisp_url": "https://www.ucl.ac.uk/archaeology/cisp/database/stone/BLVOO/2.html",
    "tm": "https://www.trismegistos.org/text/172785",
    "smr": "WA024-061003-",
    "origplace_text": "Stradbally More (An tSráidbhaile Mór) Co. Waterford Ireland 52.133213, -7.449916 ITM Coordinates: 637658, 598069",
    "pn_townland": "Stradbally More",
    "pn_county": "Co. Waterford",
    "pn_country": "Ireland",
    "pn_vernacular": "An tSráidbhaile Mór (ga)",
    "geo_raw": "52.133213, -7.449916",
    "geo_status": "asserted",
    "grid_raw": "637658, 598069",
    "gazetteer_uris": "https://www.logainm.ie/ga/49850",
    "uri": "http://data.ogham.link/crm/findspot_I_WAT_010"
   }
  },
  {
   "type": "Feature",
   "id": "I-WAT-011",
   "geometry": {
    "type": "Point",
    "coordinates": [
     -7.465345,
     52.163305
    ]
   },
   "properties": {
    "file": "I-WAT-011.xml",
    "stone_key": "I-WAT-011",
    "ogham_id": "I-WAT-011",
    "title": "Drom Lócháin | Drumlohan 1",
    "ciic": "272",
    "cisp": "DRUML/1",
    "cisp_url": "https://www.ucl.ac.uk/archaeology/cisp/database/stone/druml_1.html",
    "tm": "https://www.trismegistos.org/text/172549",
    "smr": "WA024-033006-",
    "origplace_text": "Drumlohan (Drom Lócháin), Co. Waterford, Ireland 52.163305, -7.465345 ITM Coordinates: 636578, 601407",
    "pn_townland": "Drumlohan",
    "pn_county": "Co. Waterford",
    "pn_country": "Ireland",
    "pn_vernacular": "Drom Lócháin (ga)",
    "geo_raw": "52.163305, -7.465345",
    "geo_status": "asserted",
    "grid_raw": "636578, 601407",
    "gazetteer_uris": "https://www.logainm.ie/ga/49746",
    "uri": "http://data.ogham.link/crm/findspot_I_WAT_011"
   }
  },
  {
   "type": "Feature",
   "id": "I-WAT-012",
   "geometry": {
    "type": "Point",
    "coordinates": [
     -7.465327,
     52.163279
    ]
   },
   "properties": {
    "file": "I-WAT-012.xml",
    "stone_key": "I-WAT-012",
    "ogham_id": "I-WAT-012",
    "title": "Drom Lócháin | Drumlohan 2",
    "ciic": "273",
    "cisp": "DRUML/2/1",
    "cisp_url": "https://www.ucl.ac.uk/archaeology/cisp/database/stone/druml_2.html",
    "tm": "www.trismegistos.org/text/173007",
    "smr": "WA024-033007-",
    "origplace_text": "Drumlohan (Drom Lócháin), Co. Waterford, Ireland 52.163279, -7.465327 ITM Coordinates: 636578, 601407",
    "pn_townland": "Drumlohan",
    "pn_county": "Co. Waterford",
    "pn_country": "Ireland",
    "pn_vernacular": "Drom Lócháin (ga)",
    "geo_raw": "52.163279, -7.465327",
    "geo_status": "asserted",
    "grid_raw": "636578, 601407",
    "gazetteer_uris": "https://www.logainm.ie/ga/49746",
    "uri": "http://data.ogham.link/crm/findspot_I_WAT_012"
   }
  },
  {
   "type": "Feature",
   "id": "I-WAT-013",
   "geometry": {
    "type": "Point",
    "coordinates": [
     -7.465337,
     52.163276
    ]
   },
   "properties": {
    "file": "I-WAT-013.xml",
    "stone_key": "I-WAT-013",
    "ogham_id": "I-WAT-013",
    "title": "Drom Lócháin | Drumlohan 3",
    "ciic": "274",
    "cisp": "DRUML/3",
    "cisp_url": "https://www.ucl.ac.uk/archaeology/cisp/database/stone/druml_3.html",
    "tm": "www.trismegistos.org/text/173008",
    "smr": "WA024-033008-",
    "origplace_text": "Drumlohan (Drom Lócháin), Co. Waterford, Ireland 52.163276, -7.465337 ITM Coordinates: 636578, 601407",
    "pn_townland": "Drumlohan",
    "pn_county": "Co. Waterford",
    "pn_country": "Ireland",
    "pn_vernacular": "Drom Lócháin (ga)",
    "geo_raw": "52.163276, -7.465337",
    "geo_status": "asserted",
    "grid_raw": "636578, 601407",
    "gazetteer_uris": "https://www.logainm.ie/ga/49746",
    "uri": "http://data.ogham.link/crm/findspot_I_WAT_013"
   }
  },
  {
   "type": "Feature",
   "id": "I-WAT-014",
   "geometry": {
    "type": "Point",
    "coordinates": [
     -7.465364,
     52.163299
    ]
   },
   "properties": {
    "file": "I-WAT-014.xml",
    "stone_key": "I-WAT-014",
    "ogham_id": "I-WAT-014",
    "title": "Drom Lócháin | Drumlohan 4",
    "ciic": "275",
    "cisp": "DRUML/4",
    "cisp_url": "https://www.ucl.ac.uk/archaeology/cisp/database/stone/druml_4.html",
    "tm": "https://www.trismegistos.org/text/173009",
    "smr": "WA024-033009-",
    "origplace_text": "Drumlohan (Drom Lócháin), Co. Waterford, Ireland 52.163299, -7.465364 ITM Coordinates: 636578, 601407",
    "pn_townland": "Drumlohan",
    "pn_county": "Co. Waterford",
    "pn_country": "Ireland",
    "pn_vernacular": "Drom Lócháin (ga)",
    "geo_raw": "52.163299, -7.465364",
    "geo_status": "asserted",
    "grid_raw": "636578, 601407",
    "gazetteer_uris": "https://www.logainm.ie/ga/49746",
    "uri": "http://data.ogham.link/crm/findspot_I_WAT_014"
   }
  },
  {
   "type": "Feature",
   "id": "I-WAT-015",
   "geometry": {
    "type": "Point",
    "coordinates": [
     -7.465351,
     52.163271
    ]
   },
   "properties": {
    "file": "I-WAT-015.xml",
    "stone_key": "I-WAT-015",
    "ogham_id": "I-WAT-015",
    "title": "Drom Lócháin | Drumlohan 5",
    "ciic": "276",
    "cisp": "DRUML/5",
    "cisp_url": "https://www.ucl.ac.uk/archaeology/cisp/database/stone/druml_5.html",
    "tm": "www.trismegistos.org/text/173010",
    "smr": "WA024-033010-",
    "origplace_text": "Drumlohan (Drom Lócháin), Co. Waterford, Ireland 52.163271, -7.465351 ITM Coordinates: 636578, 601407",
    "pn_townland": "Drumlohan",
    "pn_county": "Co. Waterford",
    "pn_country": "Ireland",
    "pn_vernacular": "Drom Lócháin (ga)",
    "geo_raw": "52.163271, -7.465351",
    "geo_status": "asserted",
    "grid_raw": "636578, 601407",
    "gazetteer_uris": "https://www.logainm.ie/ga/49746",
    "uri": "http://data.ogham.link/crm/findspot_I_WAT_015"
   }
  },
  {
   "type": "Feature",
   "id": "I-WAT-016",
   "geometry": {
    "type": "Point",
    "coordinates": [
     -7.46533,
     52.163291
    ]
   },
   "properties": {
    "file": "I-WAT-016.xml",
    "stone_key": "I-WAT-016",
    "ogham_id": "I-WAT-016",
    "title": "Drom Lócháin | Drumlohan 6",
    "ciic": "277",
    "cisp": "DRUML/6",
    "cisp_url": "https://www.ucl.ac.uk/archaeology/cisp/database/stone/druml_6.html",
    "tm": "www.trismegistos.org/text/173011",
    "smr": "WA024-033011-",
    "origplace_text": "Drumlohan (Drom Lócháin), Co. Waterford, Ireland 52.163291, -7.465330 ITM Coordinates: 636578, 601407",
    "pn_townland": "Drumlohan",
    "pn_county": "Co. Waterford",
    "pn_country": "Ireland",
    "pn_vernacular": "Drom Lócháin (ga)",
    "geo_raw": "52.163291, -7.465330",
    "geo_status": "asserted",
    "grid_raw": "636578, 601407",
    "gazetteer_uris": "https://www.logainm.ie/ga/49746",
    "uri": "http://data.ogham.link/crm/findspot_I_WAT_016"
   }
  },
  {
   "type": "Feature",
   "id": "I-WAT-017",
   "geometry": {
    "type": "Point",
    "coordinates": [
     -7.465341,
     52.163287
    ]
   },
   "properties": {
    "file": "I-WAT-017.xml",
    "stone_key": "I-WAT-017",
    "ogham_id": "I-WAT-017",
    "title": "Drom Lócháin | Drumlohan 7",
    "ciic": "278",
    "cisp": "DRUML/7",
    "cisp_url": "https://www.ucl.ac.uk/archaeology/cisp/database/stone/druml_7.html",
    "tm": "https://www.trismegistos.org/text/173012",
    "smr": "WA024-033012-",
    "origplace_text": "Drumlohan (Drom Lócháin), Co. Waterford, Ireland 52.163287, -7.465341 ITM Coordinates: 636578, 601407",
    "pn_townland": "Drumlohan",
    "pn_county": "Co. Waterford",
    "pn_country": "Ireland",
    "pn_vernacular": "Drom Lócháin (ga)",
    "geo_raw": "52.163287, -7.465341",
    "geo_status": "asserted",
    "grid_raw": "636578, 601407",
    "gazetteer_uris": "https://www.logainm.ie/ga/49746",
    "uri": "http://data.ogham.link/crm/findspot_I_WAT_017"
   }
  },
  {
   "type": "Feature",
   "id": "I-WAT-018",
   "geometry": {
    "type": "Point",
    "coordinates": [
     -7.465359,
     52.16328
    ]
   },
   "properties": {
    "file": "I-WAT-018.xml",
    "stone_key": "I-WAT-018",
    "ogham_id": "I-WAT-018",
    "title": "Drom Lócháin | Drumlohan 8",
    "ciic": "279",
    "cisp": "DRUML/8",
    "cisp_url": "https://www.ucl.ac.uk/archaeology/cisp/database/stone/druml_8.html",
    "tm": "https://www.trismegistos.org/text/173013",
    "smr": "WA024-033013-",
    "origplace_text": "Drumlohan (Drom Lócháin), Co. Waterford, Ireland 52.163280, -7.465359 ITM Coordinates: 636578, 601407",
    "pn_townland": "Drumlohan",
    "pn_county": "Co. Waterford",
    "pn_country": "Ireland",
    "pn_vernacular": "Drom Lócháin (ga)",
    "geo_raw": "52.163280, -7.465359",
    "geo_status": "asserted",
    "grid_raw": "636578, 601407",
    "gazetteer_uris": "https://www.logainm.ie/ga/49746",
    "uri": "http://data.ogham.link/crm/findspot_I_WAT_018"
   }
  },
  {
   "type": "Feature",
   "id": "I-WAT-019",
   "geometry": {
    "type": "Point",
    "coordinates": [
     -7.465332,
     52.1633
    ]
   },
   "properties": {
    "file": "I-WAT-019.xml",
    "stone_key": "I-WAT-019",
    "ogham_id": "I-WAT-019",
    "title": "Drom Lócháin | Drumlohan 9",
    "ciic": "280",
    "cisp": "DRUML/9",
    "cisp_url": "https://www.ucl.ac.uk/archaeology/cisp/database/stone/druml_9.html",
    "tm": "https://www.trismegistos.org/text/173014",
    "smr": "WA024-033014-",
    "origplace_text": "Drumlohan (Drom Lócháin), Co. Waterford, Ireland 52.163300, -7.465332 ITM Coordinates: 636578, 601407",
    "pn_townland": "Drumlohan",
    "pn_county": "Co. Waterford",
    "pn_country": "Ireland",
    "pn_vernacular": "Drom Lócháin (ga)",
    "geo_raw": "52.163300, -7.465332",
    "geo_status": "asserted",
    "grid_raw": "636578, 601407",
    "gazetteer_uris": "https://www.logainm.ie/ga/49746",
    "uri": "http://data.ogham.link/crm/findspot_I_WAT_019"
   }
  },
  {
   "type": "Feature",
   "id": "I-WAT-020",
   "geometry": {
    "type": "Point",
    "coordinates": [
     -7.465345,
     52.163296
    ]
   },
   "properties": {
    "file": "I-WAT-020.xml",
    "stone_key": "I-WAT-020",
    "ogham_id": "I-WAT-020",
    "title": "Drom Lócháin | Drumlohan 10",
    "ciic": "281",
    "cisp": "DRUML/10",
    "cisp_url": "https://www.ucl.ac.uk/archaeology/cisp/database/stone/druml_10.html",
    "tm": "https://www.trismegistos.org/text/173014",
    "smr": "WA024-033015-",
    "origplace_text": "Drumlohan (Drom Lócháin), Co. Waterford, Ireland 52.163296, -7.465345 ITM Coordinates: 636578, 601407",
    "pn_townland": "Drumlohan",
    "pn_county": "Co. Waterford",
    "pn_country": "Ireland",
    "pn_vernacular": "Drom Lócháin (ga)",
    "geo_raw": "52.163296, -7.465345",
    "geo_status": "asserted",
    "grid_raw": "636578, 601407",
    "gazetteer_uris": "https://www.logainm.ie/ga/49746",
    "uri": "http://data.ogham.link/crm/findspot_I_WAT_020"
   }
  },
  {
   "type": "Feature",
   "id": "I-WAT-021",
   "geometry": {
    "type": "Point",
    "coordinates": [
     -7.50168,
     52.15361
    ]
   },
   "properties": {
    "file": "I-WAT-021.xml",
    "stone_key": "I-WAT-021",
    "ogham_id": "I-WAT-021",
    "title": "An Baile Beag | Fox’s Castle",
    "ciic": "282",
    "cisp": "FOXCA/1",
    "smr": "WA024-080002-",
    "repository": "National Museum of Ireland",
    "origplace_text": "Fox’s Castle (An Baile Beag), Co. Waterford, Ireland 52.153610, -7.501680 Precise location unknown",
    "pn_townland": "Fox’s Castle",
    "pn_county": "Co. Waterford",
    "pn_country": "Ireland",
    "pn_vernacular": "An Baile Beag (ga)",
    "geo_raw": "52.153610, -7.501680",
    "geo_status": "asserted",
    "gazetteer_uris": "https://www.logainm.ie/ga/49749",
    "uri": "http://data.ogham.link/crm/findspot_I_WAT_021"
   }
  },
  {
   "type": "Feature",
   "id": "I-WAT-024",
   "geometry": {
    "type": "Point",
    "coordinates": [
     -7.316,
     52.164
    ]
   },
   "properties": {
    "file": "I-WAT-024.xml",
    "stone_key": "I-WAT-024",
    "ogham_id": "I-WAT-024",
    "title": "An Chill Bheag | Kilbeg",
    "ciic": "285",
    "cisp": "KLBEG/1",
    "smr": "WA025-078----",
    "repository": "National Museum of Ireland",
    "origplace_text": "Kilbeg (An Chill Bheag, Civil Parish of ​Kilbarrymeaden/Cill Bhairméidín), Co. Waterford, Ireland 52.164, -7.316 Approximate location only",
    "pn_townland": "Kilbeg",
    "pn_parish": "​Kilbarrymeaden/",
    "pn_county": "Co. Waterford",
    "pn_country": "Ireland",
    "pn_vernacular": "An Chill Bheag (ga) | Cill Bhairméidín (ga)",
    "geo_raw": "52.164, -7.316",
    "geo_status": "asserted",
    "gazetteer_uris": "https://www.logainm.ie/ga/49777",
    "uri": "http://data.ogham.link/crm/findspot_I_WAT_024"
   }
  },
  {
   "type": "Feature",
   "id": "I-WAT-025",
   "geometry": {
    "type": "Point",
    "coordinates": [
     -7.549858,
     52.089906
    ]
   },
   "properties": {
    "file": "I-WAT-025.xml",
    "stone_key": "I-WAT-025",
    "ogham_id": "I-WAT-025",
    "title": "Cill Ghruabháin | Kilgrovan 1",
    "ciic": "286",
    "cisp": "KLGRV/1",
    "smr": "WA031-045002-",
    "repository": "Mount Mellary Abbey Heritage Center",
    "origplace_text": "Kilgrovan (Cill Ghruabháin), Co. Waterford, Ireland 52.089906, -7.549858 ITM Coordinates (approximate): 630844, 593197",
    "pn_townland": "Kilgrovan",
    "pn_county": "Co. Waterford",
    "pn_country": "Ireland",
    "pn_vernacular": "Cill Ghruabháin (ga)",
    "geo_raw": "52.089906, -7.549858",
    "geo_status": "asserted",
    "grid_raw": "630844, 593197",
    "gazetteer_uris": "https://www.logainm.ie/ga/49368",
    "uri": "http://data.ogham.link/crm/findspot_I_WAT_025"
   }
  },
  {
   "type": "Feature",
   "id": "I-WAT-030",
   "geometry": {
    "type": "Point",
    "coordinates": [
     -7.5498,
     52.0899
    ]
   },
   "properties": {
    "file": "I-WAT-030.xml",
    "stone_key": "I-WAT-030",
    "ogham_id": "I-WAT-030",
    "title": "Cill Ghruabháin | Kilgrovan 6",
    "cisp": "KLGRV/6",
    "smr": "WA031-045008-",
    "repository": "National Museum of Ireland",
    "origplace_text": "Kilgrovan (Cill Ghruabháin), Co. Waterford, Ireland 52.0899, -7.5498 ITM Coordinates (approximate): 630844, 593197",
    "pn_townland": "Kilgrovan",
    "pn_county": "Co. Waterford",
    "pn_country": "Ireland",
    "pn_vernacular": "Cill Ghruabháin (ga)",
    "geo_raw": "52.0899, -7.5498",
    "geo_status": "asserted",
    "grid_raw": "630844, 593197",
    "gazetteer_uris": "https://www.logainm.ie/ga/49368",
    "uri": "http://data.ogham.link/crm/findspot_I_WAT_030"
   }
  },
  {
   "type": "Feature",
   "id": "I-WAT-031",
   "geometry": {
    "type": "Point",
    "coordinates": [
     -7.549858,
     52.089906
    ]
   },
   "properties": {
    "file": "I-WAT-031.xml",
    "stone_key": "I-WAT-031",
    "ogham_id": "I-WAT-031",
    "title": "Cill Ghruabháin | Kilgrovan 7",
    "smr": "WA031-045015-",
    "repository": "National Museum of Ireland",
    "origplace_text": "Kilgrovan (Cill Ghruabháin), Co. Waterford Ireland 52.089906, -7.549858 ITM Coordinates (approximate): 630844, 593197",
    "pn_townland": "Kilgrovan",
    "pn_county": "Co. Waterford",
    "pn_country": "Ireland",
    "pn_vernacular": "Cill Ghruabháin (ga)",
    "geo_raw": "52.089906, -7.549858",
    "geo_status": "asserted",
    "grid_raw": "630844, 593197",
    "gazetteer_uris": "https://www.logainm.ie/ga/49368",
    "uri": "http://data.ogham.link/crm/findspot_I_WAT_031"
   }
  },
  {
   "type": "Feature",
   "id": "I-WAT-033",
   "geometry": {
    "type": "Point",
    "coordinates": [
     -7.684811,
     52.194752
    ]
   },
   "properties": {
    "file": "I-WAT-033.xml",
    "stone_key": "I-WAT-033",
    "ogham_id": "I-WAT-033",
    "title": "An Cnoc Buí | Knockboy 1",
    "ciic": "292",
    "cisp": "KNBOY/1",
    "cisp_url": "https://www.ucl.ac.uk/archaeology/cisp/database/stone/knboy_1.html",
    "tm": "www.trismegistos.org/text/172699",
    "smr": "WA013-034006-",
    "origplace_text": "Knockboy (An Cnoc Buí) Co. Waterford Ireland 52.194752, -7.684811 ITM Coordinates: 621545, 604820",
    "pn_townland": "Knockboy",
    "pn_county": "Co. Waterford",
    "pn_country": "Ireland",
    "pn_vernacular": "An Cnoc Buí (ga)",
    "geo_raw": "52.194752, -7.684811",
    "geo_status": "asserted",
    "grid_raw": "621545, 604820",
    "gazetteer_uris": "https://www.logainm.ie/en/49621",
    "uri": "http://data.ogham.link/crm/findspot_I_WAT_033"
   }
  },
  {
   "type": "Feature",
   "id": "I-WAT-034",
   "geometry": {
    "type": "Point",
    "coordinates": [
     -7.684797,
     52.194685
    ]
   },
   "properties": {
    "file": "I-WAT-034.xml",
    "stone_key": "I-WAT-034",
    "ogham_id": "I-WAT-034",
    "title": "An Cnoc Buí | Knockboy 2",
    "ciic": "293",
    "cisp": "KNBOY/2",
    "cisp_url": "https://www.ucl.ac.uk/archaeology/cisp/database/stone/knboy_2.html",
    "tm": "www.trismegistos.org/text/172967",
    "smr": "WA013-034007-",
    "origplace_text": "Knockboy (An Cnoc Buí) Co. Waterford Ireland 52.194685, -7.684797 ITM Coordinates: 621544, 604820",
    "pn_townland": "Knockboy",
    "pn_county": "Co. Waterford",
    "pn_country": "Ireland",
    "pn_vernacular": "An Cnoc Buí (ga)",
    "geo_raw": "52.194685, -7.684797",
    "geo_status": "asserted",
    "grid_raw": "621544, 604820",
    "gazetteer_uris": "https://www.logainm.ie/en/49621",
    "uri": "http://data.ogham.link/crm/findspot_I_WAT_034"
   }
  },
  {
   "type": "Feature",
   "id": "I-WAT-035",
   "geometry": {
    "type": "Point",
    "coordinates": [
     -7.684797,
     52.194685
    ]
   },
   "properties": {
    "file": "I-WAT-035.xml",
    "stone_key": "I-WAT-035",
    "ogham_id": "I-WAT-035",
    "title": "An Cnoc Buí | Knockboy 3",
    "ciic": "294",
    "cisp": "KNBOY/3",
    "cisp_url": "https://www.ucl.ac.uk/archaeology/cisp/database/stone/knboy_3.html",
    "tm": "www.trismegistos.org/text/172972",
    "smr": "WA013-034008-",
    "origplace_text": "Knockboy (An Cnoc Buí) Co. Waterford Ireland 52.194685, -7.684797 ITM Coordinates: 621544 , 604820",
    "pn_townland": "Knockboy",
    "pn_county": "Co. Waterford",
    "pn_country": "Ireland",
    "pn_vernacular": "An Cnoc Buí (ga)",
    "geo_raw": "52.194685, -7.684797",
    "geo_status": "asserted",
    "grid_raw": "621544 , 604820",
    "gazetteer_uris": "https://www.logainm.ie/en/49621",
    "uri": "http://data.ogham.link/crm/findspot_I_WAT_035"
   }
  },
  {
   "type": "Feature",
   "id": "I-WAT-036",
   "geometry": {
    "type": "Point",
    "coordinates": [
     -7.684959,
     52.194671
    ]
   },
   "properties": {
    "file": "I-WAT-036.xml",
    "stone_key": "I-WAT-036",
    "ogham_id": "I-WAT-036",
    "title": "An Cnoc Buí | Knockboy 4",
    "ciic": "295",
    "cisp": "KNBOY/4",
    "cisp_url": "https://www.ucl.ac.uk/archaeology/cisp/database/stone/knboy_4.html",
    "tm": "https://www.trismegistos.org/text/172977",
    "smr": "WA013-034009-",
    "origplace_text": "Knockboy (An Cnoc Buí) Co. Waterford Ireland 52.194671, -7.684959 ITM Coordinates: 621545, 604819",
    "pn_townland": "Knockboy",
    "pn_county": "Co. Waterford",
    "pn_country": "Ireland",
    "pn_vernacular": "An Cnoc Buí (ga)",
    "geo_raw": "52.194671, -7.684959",
    "geo_status": "asserted",
    "grid_raw": "621545, 604819",
    "gazetteer_uris": "https://www.logainm.ie/en/49621",
    "uri": "http://data.ogham.link/crm/findspot_I_WAT_036"
   }
  },
  {
   "type": "Feature",
   "id": "I-WAT-037",
   "geometry": {
    "type": "Point",
    "coordinates": [
     -7.685088,
     52.194699
    ]
   },
   "properties": {
    "file": "I-WAT-037.xml",
    "stone_key": "I-WAT-037",
    "ogham_id": "I-WAT-037",
    "title": "An Cnoc Buí | Knockboy 5",
    "ciic": "296",
    "cisp": "KNBOY/5",
    "cisp_url": "https://www.ucl.ac.uk/archaeology/cisp/database/stone/knboy_5.html",
    "tm": "https://www.trismegistos.org/text/172982",
    "smr": "WA013-034010-",
    "origplace_text": "Knockboy (An Cnoc Buí) Co. Waterford Ireland 52.194699, -7.685088 ITM Coordinates: 621545, 604819",
    "pn_townland": "Knockboy",
    "pn_county": "Co. Waterford",
    "pn_country": "Ireland",
    "pn_vernacular": "An Cnoc Buí (ga)",
    "geo_raw": "52.194699, -7.685088",
    "geo_status": "asserted",
    "grid_raw": "621545, 604819",
    "gazetteer_uris": "https://www.logainm.ie/en/49621",
    "uri": "http://data.ogham.link/crm/findspot_I_WAT_037"
   }
  },
  {
   "type": "Feature",
   "id": "I-WAT-038",
   "geometry": {
    "type": "Point",
    "coordinates": [
     -7.685088,
     52.194699
    ]
   },
   "properties": {
    "file": "I-WAT-038.xml",
    "stone_key": "I-WAT-038",
    "ogham_id": "I-WAT-038",
    "title": "An Cnoc Buí | Knockboy 6",
    "ciic": "297",
    "cisp": "KNBOY/6",
    "cisp_url": "https://www.ucl.ac.uk/archaeology/cisp/database/stone/knboy_6.html",
    "tm": "https://www.trismegistos.org/text/172987",
    "smr": "WA013-034014-",
    "origplace_text": "Knockboy (An Cnoc Buí) Co. Waterford Ireland 52.194699, -7.685088 ITM Coordinates: 621545, 604819",
    "pn_townland": "Knockboy",
    "pn_county": "Co. Waterford",
    "pn_country": "Ireland",
    "pn_vernacular": "An Cnoc Buí (ga)",
    "geo_raw": "52.194699, -7.685088",
    "geo_status": "asserted",
    "grid_raw": "621545, 604819",
    "gazetteer_uris": "https://www.logainm.ie/en/49621",
    "uri": "http://data.ogham.link/crm/findspot_I_WAT_038"
   }
  },
  {
   "type": "Feature",
   "id": "I-WAT-039",
   "geometry": {
    "type": "Point",
    "coordinates": [
     -7.685075,
     52.194723
    ]
   },
   "properties": {
    "file": "I-WAT-039.xml",
    "stone_key": "I-WAT-039",
    "ogham_id": "I-WAT-039",
    "title": "An Cnoc Buí | Knockboy 7",
    "ciic": "298",
    "cisp": "KNBOY/7",
    "cisp_url": "https://www.ucl.ac.uk/archaeology/cisp/database/stone/knboy_7.html",
    "tm": "https://www.trismegistos.org/text/172992",
    "smr": "WA013-034005-",
    "origplace_text": "Knockboy (An Cnoc Buí) Co. Waterford Ireland 52.194723, -7.685075 ITM Coordinates: 621541, 604819",
    "pn_townland": "Knockboy",
    "pn_county": "Co. Waterford",
    "pn_country": "Ireland",
    "pn_vernacular": "An Cnoc Buí (ga)",
    "geo_raw": "52.194723, -7.685075",
    "geo_status": "asserted",
    "grid_raw": "621541, 604819",
    "gazetteer_uris": "https://www.logainm.ie/en/49621",
    "uri": "http://data.ogham.link/crm/findspot_I_WAT_039"
   }
  },
  {
   "type": "Feature",
   "id": "I-WAT-040",
   "geometry": {
    "type": "Point",
    "coordinates": [
     -7.685,
     52.1947
    ]
   },
   "properties": {
    "file": "I-WAT-040.xml",
    "stone_key": "I-WAT-040",
    "ogham_id": "I-WAT-040",
    "title": "An Cnoc Buí | Knockboy 8",
    "ciic": "299",
    "cisp": "KNBOY/8",
    "cisp_url": "https://www.ucl.ac.uk/archaeology/cisp/database/stone/KNBOY/8.html",
    "tm": "https://www.trismegistos.org/text/172997",
    "smr": "WA013-034015-",
    "origplace_text": "Knockboy (An Cnoc Buí) Co. Waterford Ireland 52.1947, -7.6850 ITM Coordinates:",
    "pn_townland": "Knockboy",
    "pn_county": "Co. Waterford",
    "pn_country": "Ireland",
    "pn_vernacular": "An Cnoc Buí (ga)",
    "geo_raw": "52.1947, -7.6850",
    "geo_status": "asserted",
    "gazetteer_uris": "https://www.logainm.ie/en/49621",
    "uri": "http://data.ogham.link/crm/findspot_I_WAT_040"
   }
  },
  {
   "type": "Feature",
   "id": "I-WAT-041",
   "geometry": {
    "type": "Point",
    "coordinates": [
     -7.684895,
     52.194667
    ]
   },
   "properties": {
    "file": "I-WAT-041.xml",
    "stone_key": "I-WAT-041",
    "ogham_id": "I-WAT-041",
    "title": "An Cnoc Buí | Knockboy 9",
    "repository": "National Museum of Ireland",
    "origplace_text": "Knockboy (An Cnoc Buí) Co. Waterford Ireland 52.194667, -7.684895 ITM Coordinates:",
    "pn_townland": "Knockboy",
    "pn_county": "Co. Waterford",
    "pn_country": "Ireland",
    "pn_vernacular": "An Cnoc Buí (ga)",
    "geo_raw": "52.194667, -7.684895",
    "geo_status": "asserted",
    "gazetteer_uris": "https://www.logainm.ie/en/49621",
    "uri": "http://data.ogham.link/crm/findspot_I_WAT_041"
   }
  },
  {
   "type": "Feature",
   "id": "I-WAT-042",
   "geometry": {
    "type": "Point",
    "coordinates": [
     -7.4816,
     52.1138
    ]
   },
   "properties": {
    "file": "I-WAT-042.xml",
    "stone_key": "I-WAT-042",
    "ogham_id": "I-WAT-042",
    "title": "An tOileán | Island",
    "ciic": "300",
    "cisp": "OLDIS/1",
    "smr": "WA032-029002",
    "origplace_text": "Island (An tOileán) Co. Waterford Ireland 52.1138, -7.4816 ITM Coordinates (approximate): 610460, 591390",
    "pn_townland": "Island",
    "pn_county": "Co. Waterford",
    "pn_country": "Ireland",
    "pn_vernacular": "An tOileán (ga)",
    "geo_raw": "52.1138, -7.4816",
    "geo_status": "asserted",
    "grid_raw": "610460, 591390",
    "gazetteer_uris": "https://www.logainm.ie/en/49839",
    "uri": "http://data.ogham.link/crm/findspot_I_WAT_042"
   }
  },
  {
   "type": "Feature",
   "id": "I-WAT-048",
   "geometry": {
    "type": "Point",
    "coordinates": [
     -7.49245,
     52.34163
    ]
   },
   "properties": {
    "file": "I-WAT-048.xml",
    "stone_key": "I-WAT-048",
    "ogham_id": "I-WAT-048",
    "title": "Bearna na Gaoithe | Windgap",
    "ciic": "307",
    "cisp": "WINDG/1",
    "cisp_url": "https://www.ucl.ac.uk/archaeology/cisp/database/stone/windg_1.html",
    "tm": "https://www.trismegistos.org/text/172728",
    "origplace_text": "Windgap (Bearna na Gaoithe) Co. Waterford Ireland 52.34163, -7.49245 ITM Coordinates: 634584, 621224",
    "pn_townland": "Windgap",
    "pn_county": "Co. Waterford",
    "pn_country": "Ireland",
    "pn_vernacular": "Bearna na Gaoithe (ga)",
    "geo_raw": "52.34163, -7.49245",
    "geo_status": "asserted",
    "grid_raw": "634584, 621224",
    "gazetteer_uris": "https://www.logainm.ie/en/49060",
    "uri": "http://data.ogham.link/crm/findspot_I_WAT_048"
   }
  },
  {
   "type": "Feature",
   "id": "I-WAT-049",
   "geometry": {
    "type": "Point",
    "coordinates": [
     -7.35436,
     52.137783
    ]
   },
   "properties": {
    "file": "I-WAT-049.xml",
    "stone_key": "I-WAT-049",
    "ogham_id": "I-WAT-049",
    "title": "Cnocán Machan | Knockmahon 1",
    "origplace_text": "Knockmahon (Cnocán Machan), Co. Waterford, Ireland 52.137783, -7.354360 ITM Coordinates: 644200, 598623",
    "pn_townland": "Knockmahon",
    "pn_county": "Co. Waterford",
    "pn_country": "Ireland",
    "pn_vernacular": "Cnocán Machan (ga)",
    "geo_raw": "52.137783, -7.354360",
    "geo_status": "asserted",
    "grid_raw": "644200, 598623",
    "gazetteer_uris": "https://www.logainm.ie/en/49802",
    "uri": "http://data.ogham.link/crm/findspot_I_WAT_049"
   }
  },
  {
   "type": "Feature",
   "id": "I-WAT-050",
   "geometry": {
    "type": "Point",
    "coordinates": [
     -7.35436,
     52.137783
    ]
   },
   "properties": {
    "file": "I-WAT-050.xml",
    "stone_key": "I-WAT-050",
    "ogham_id": "I-WAT-050",
    "title": "Cnocán Machan | Knockmahon 2",
    "origplace_text": "Knockmahon (Cnocán Machan), Co. Waterford, Ireland 52.137783, -7.354360 ITM Coordinates: 644200, 598623",
    "pn_townland": "Knockmahon",
    "pn_county": "Co. Waterford",
    "pn_country": "Ireland",
    "pn_vernacular": "Cnocán Machan (ga)",
    "geo_raw": "52.137783, -7.354360",
    "geo_status": "asserted",
    "grid_raw": "644200, 598623",
    "gazetteer_uris": "https://www.logainm.ie/en/49802",
    "uri": "http://data.ogham.link/crm/findspot_I_WAT_050"
   }
  },
  {
   "type": "Feature",
   "id": "I-WEX-003",
   "geometry": {
    "type": "Point",
    "coordinates": [
     -6.8894,
     52.1514
    ]
   },
   "properties": {
    "file": "I-WEX-003.xml",
    "stone_key": "I-WEX-003",
    "ogham_id": "I-WEX-003",
    "title": "Geata an Phóirtéaraigh | Portersgate",
    "ciic": "46",
    "cisp": "HLAND/1",
    "tm": "172590",
    "smr": "WX054-004----",
    "repository": "National Museum of Ireland",
    "origplace_text": "Portersgate (Geata an Phóirtéaraigh), Co. Wexford, Ireland 52.1514, -6.8894",
    "pn_townland": "Portersgate",
    "pn_county": "Co. Wexford",
    "pn_country": "Ireland",
    "pn_vernacular": "Geata an Phóirtéaraigh (ga)",
    "geo_raw": "52.1514, -6.8894",
    "geo_status": "asserted",
    "gazetteer_uris": "https://www.logainm.ie/ga/53564",
    "uri": "http://data.ogham.link/crm/findspot_I_WEX_003"
   }
  },
  {
   "type": "Feature",
   "id": "I-WIC-001",
   "geometry": {
    "type": "Point",
    "coordinates": [
     -6.071241,
     52.904532
    ]
   },
   "properties": {
    "file": "I-WIC-001.xml",
    "stone_key": "I-WIC-001",
    "ogham_id": "I-WIC-001",
    "title": "Cáisleán tSíomoin | Castletimon",
    "ciic": "47",
    "tm": "https://www.trismegistos.org/text/172498",
    "origplace_text": "Castletimon (Cáisleán tSíomoin), Co. Wicklow, Ireland 52.904532, -6.071241 ITM Coordinates: 729745, 685487",
    "pn_townland": "Castletimon",
    "pn_county": "Co. Wicklow",
    "pn_country": "Ireland",
    "pn_vernacular": "Cáisleán tSíomoin (ga)",
    "geo_raw": "52.904532, -6.071241",
    "geo_status": "asserted",
    "grid_raw": "729745, 685487",
    "gazetteer_uris": "https://www.logainm.ie/en/55352",
    "uri": "http://data.ogham.link/crm/findspot_I_WIC_001"
   }
  },
  {
   "type": "Feature",
   "id": "I-WIC-002",
   "geometry": {
    "type": "Point",
    "coordinates": [
     -6.633596,
     53.009083
    ]
   },
   "properties": {
    "file": "I-WIC-002.xml",
    "stone_key": "I-WIC-002",
    "ogham_id": "I-WIC-002",
    "title": "Dún Ard | Donard",
    "ciic": "48",
    "tm": "https://www.trismegistos.org/text/172542",
    "origplace_text": "Donard (Dún Ard), Co. Wicklow, Ireland 53.009083, -6.633596(approx.) ITM Coordinates: 693045, 697659",
    "pn_townland": "Donard",
    "pn_county": "Co. Wicklow",
    "pn_country": "Ireland",
    "pn_vernacular": "Dún Ard (ga)",
    "geo_raw": "53.009083, -6.633596",
    "geo_status": "asserted",
    "grid_raw": "693045, 697659",
    "gazetteer_uris": "https://www.logainm.ie/en/54683",
    "uri": "http://data.ogham.link/crm/findspot_I_WIC_002"
   }
  },
  {
   "type": "Feature",
   "id": "I-WIC-003",
   "geometry": {
    "type": "Point",
    "coordinates": [
     -6.711,
     52.94
    ]
   },
   "properties": {
    "file": "I-WIC-003.xml",
    "stone_key": "I-WIC-003",
    "ogham_id": "I-WIC-003",
    "title": "Bealach Conglais | Baltinglass",
    "ciic": "49",
    "tm": "https://www.trismegistos.org/text/172471",
    "repository": "National Museum of Ireland",
    "origplace_text": "Baltinglass (Bealach Conglais), Co. Wicklow, Ireland 52.940, -6.711 approximate to townland only",
    "pn_townland": "Baltinglass",
    "pn_county": "Co. Wicklow",
    "pn_country": "Ireland",
    "pn_vernacular": "Bealach Conglais (ga)",
    "geo_raw": "52.940, -6.711",
    "geo_status": "asserted",
    "gazetteer_uris": "https://www.logainm.ie/en/1416543",
    "uri": "http://data.ogham.link/crm/findspot_I_WIC_003"
   }
  },
  {
   "type": "Feature",
   "id": "I-WIC-004",
   "geometry": {
    "type": "Point",
    "coordinates": [
     -6.613903,
     52.944176
    ]
   },
   "properties": {
    "file": "I-WIC-004.xml",
    "stone_key": "I-WIC-004",
    "ogham_id": "I-WIC-004",
    "title": "Buaile an Charraigín | Boleycarrigeen",
    "ciic": "50",
    "tm": "https://www.trismegistos.org/text/172476",
    "origplace_text": "Boleycarrigeen (Buaile an Charraigín), Co. Wicklow, Ireland 52.944176, -6.613903(approx.) ITM Coordinates: 693160, 689066",
    "pn_townland": "Boleycarrigeen",
    "pn_county": "Co. Wicklow",
    "pn_country": "Ireland",
    "pn_vernacular": "Buaile an Charraigín (ga)",
    "geo_raw": "52.944176, -6.613903",
    "geo_status": "asserted",
    "grid_raw": "693160, 689066",
    "gazetteer_uris": "https://www.logainm.ie/ga/54734",
    "uri": "http://data.ogham.link/crm/findspot_I_WIC_004"
   }
  },
  {
   "type": "Feature",
   "id": "I-WIC-005",
   "geometry": {
    "type": "Point",
    "coordinates": [
     -6.53639,
     52.995927
    ]
   },
   "properties": {
    "file": "I-WIC-005.xml",
    "stone_key": "I-WIC-005",
    "ogham_id": "I-WIC-005",
    "title": "An Cnoicín | Knickeen",
    "ciic": "51",
    "tm": "https://www.trismegistos.org/text/172639",
    "origplace_text": "Knickeen (An Cnoicín), Co. Wicklow, Ireland 52.995927, -6.536390 ITM Coordinates: 698246, 694903",
    "pn_townland": "Knickeen",
    "pn_county": "Co. Wicklow",
    "pn_country": "Ireland",
    "pn_vernacular": "An Cnoicín (ga)",
    "geo_raw": "52.995927, -6.536390",
    "geo_status": "asserted",
    "grid_raw": "698246, 694903",
    "gazetteer_uris": "https://www.logainm.ie/ga/54817",
    "uri": "http://data.ogham.link/crm/findspot_I_WIC_005"
   }
  },
  {
   "type": "Feature",
   "id": "M-IOM-001",
   "geometry": {
    "type": "Point",
    "coordinates": [
     -4.752794,
     54.076378
    ]
   },
   "properties": {
    "file": "M-IOM-001.xml",
    "stone_key": "M-IOM-001",
    "ogham_id": "M-IOM-001",
    "title": "Ballaqueeney 1",
    "ciic": "503",
    "cisp": "RUSHN/1",
    "cisp_url": "https://www.ucl.ac.uk/archaeology/cisp/database/stone/rushn_1.html",
    "repository": "Manx Museum",
    "origplace_text": "Rushen Rushen Isle of Man 54.076378, -4.752794 National Grid Reference: SC 2000 6800",
    "pn_parish": "Rushen",
    "pn_sheading": "Rushen",
    "pn_country": "Isle of Man",
    "geo_raw": "54.076378, -4.752794",
    "geo_status": "asserted",
    "grid_raw": "SC 2000 6800",
    "uri": "http://data.ogham.link/crm/findspot_M_IOM_001"
   }
  },
  {
   "type": "Feature",
   "id": "M-IOM-002",
   "geometry": {
    "type": "Point",
    "coordinates": [
     -4.752794,
     54.076378
    ]
   },
   "properties": {
    "file": "M-IOM-002.xml",
    "stone_key": "M-IOM-002",
    "ogham_id": "M-IOM-002",
    "title": "Ballaqueeney 2",
    "ciic": "504",
    "cisp": "RUSHN/2",
    "cisp_url": "https://www.ucl.ac.uk/archaeology/cisp/database/stone/rushn_2.html",
    "repository": "Manx Museum",
    "origplace_text": "Rushen Rushen Isle of Man 54.076378, -4.752794 National Grid Reference: SC 2000 6800",
    "pn_parish": "Rushen",
    "pn_sheading": "Rushen",
    "pn_country": "Isle of Man",
    "geo_raw": "54.076378, -4.752794",
    "geo_status": "asserted",
    "grid_raw": "SC 2000 6800",
    "uri": "http://data.ogham.link/crm/findspot_M_IOM_002"
   }
  },
  {
   "type": "Feature",
   "id": "M-IOM-003",
   "geometry": {
    "type": "Point",
    "coordinates": [
     -4.679378,
     54.099614
    ]
   },
   "properties": {
    "file": "M-IOM-003.xml",
    "stone_key": "M-IOM-003",
    "ogham_id": "M-IOM-003",
    "title": "Bimaken Friary 1",
    "ciic": "501",
    "cisp": "ARBRY/1",
    "cisp_url": "https://www.ucl.ac.uk/archaeology/cisp/database/stone/arbry_1.html",
    "repository": "Manx Museum",
    "origplace_text": "Kirk Arbory Rushen Isle of Man 54.099614, -4.679378 National Grid Reference: SC 2490 7040",
    "pn_parish": "Kirk Arbory",
    "pn_sheading": "Rushen",
    "pn_country": "Isle of Man",
    "geo_raw": "54.099614, -4.679378",
    "geo_status": "asserted",
    "grid_raw": "SC 2490 7040",
    "uri": "http://data.ogham.link/crm/findspot_M_IOM_003"
   }
  },
  {
   "type": "Feature",
   "id": "M-IOM-004",
   "geometry": {
    "type": "Point",
    "coordinates": [
     -4.679378,
     54.099614
    ]
   },
   "properties": {
    "file": "M-IOM-004.xml",
    "stone_key": "M-IOM-004",
    "ogham_id": "M-IOM-004",
    "title": "Bimaken Friary 2",
    "ciic": "502",
    "cisp": "ARBRY/2",
    "cisp_url": "https://www.ucl.ac.uk/archaeology/cisp/database/stone/arbry_2.html",
    "repository": "Manx Museum",
    "origplace_text": "Kirk Arbory Rushen Isle of Man 54.099614, -4.679378 National Grid Reference: SC 2490 7040",
    "pn_parish": "Kirk Arbory",
    "pn_sheading": "Rushen",
    "pn_country": "Isle of Man",
    "geo_raw": "54.099614, -4.679378",
    "geo_status": "asserted",
    "grid_raw": "SC 2490 7040",
    "uri": "http://data.ogham.link/crm/findspot_M_IOM_004"
   }
  },
  {
   "type": "Feature",
   "id": "M-IOM-005",
   "geometry": {
    "type": "Point",
    "coordinates": [
     -4.586922,
     54.285039
    ]
   },
   "properties": {
    "file": "M-IOM-005.xml",
    "stone_key": "M-IOM-005",
    "ogham_id": "M-IOM-005",
    "title": "Kirk Michael",
    "cisp": "KMICH/1",
    "cisp_url": "https://www.ucl.ac.uk/archaeology/cisp/database/stone/kmich_1.html",
    "origplace_text": "Kirk Michael Michael Isle of Man 54.285039, -4.586922 National Grid Reference: SC 3170 9080",
    "pn_parish": "Kirk Michael",
    "pn_sheading": "Michael",
    "pn_country": "Isle of Man",
    "geo_raw": "54.285039, -4.586922",
    "geo_status": "asserted",
    "grid_raw": "SC 3170 9080",
    "uri": "http://data.ogham.link/crm/findspot_M_IOM_005"
   }
  },
  {
   "type": "Feature",
   "id": "M-IOM-006",
   "geometry": {
    "type": "Point",
    "coordinates": [
     -4.317214,
     54.297719
    ]
   },
   "properties": {
    "file": "M-IOM-006.xml",
    "stone_key": "M-IOM-006",
    "ogham_id": "M-IOM-006",
    "title": "Maghal | Maughold 2",
    "cisp": "MAUGH/2",
    "cisp_url": "https://www.ucl.ac.uk/archaeology/cisp/database/stone/maugh_2.html",
    "origplace_text": "Kirk Maughold Garff Isle of Man 54.297719, -4.317214 National Grid Reference: SC 4930 9160",
    "pn_parish": "Kirk Maughold",
    "pn_sheading": "Garff",
    "pn_country": "Isle of Man",
    "geo_raw": "54.297719, -4.317214",
    "geo_status": "asserted",
    "grid_raw": "SC 4930 9160",
    "uri": "http://data.ogham.link/crm/findspot_M_IOM_006"
   }
  },
  {
   "type": "Feature",
   "id": "M-IOM-007",
   "geometry": {
    "type": "Point",
    "coordinates": [
     -4.459517,
     54.390192
    ]
   },
   "properties": {
    "file": "M-IOM-007.xml",
    "stone_key": "M-IOM-007",
    "ogham_id": "M-IOM-007",
    "title": "Knoc y Doonee",
    "ciic": "500",
    "cisp": "ANDRS/1",
    "cisp_url": "https://www.ucl.ac.uk/archaeology/cisp/database/stone/andrs_1.html",
    "repository": "Manx Museum",
    "origplace_text": "Knoc y Doonee Kirk Andreas Ayre Isle of Man 54.390192, -4.459517 National Grid Reference: NX 4040 0220",
    "pn_townland": "Knoc y Doonee",
    "pn_parish": "Kirk Andreas",
    "pn_sheading": "Ayre",
    "pn_country": "Isle of Man",
    "geo_raw": "54.390192, -4.459517",
    "geo_status": "asserted",
    "grid_raw": "NX 4040 0220",
    "uri": "http://data.ogham.link/crm/findspot_M_IOM_007"
   }
  },
  {
   "type": "Feature",
   "id": "M-IOM-008",
   "geometry": {
    "type": "Point",
    "coordinates": [
     -4.373056,
     54.378889
    ]
   },
   "properties": {
    "file": "M-IOM-008.xml",
    "stone_key": "M-IOM-008",
    "ogham_id": "M-IOM-008",
    "title": "Ballavarkish",
    "ciic": "1068",
    "cisp": "BRIDE/1",
    "cisp_url": "https://www.ucl.ac.uk/archaeology/cisp/database/stone/bride_1.html",
    "origplace_text": "Bride Ayre Isle of Man 54.378889, -4.373056 National Grid Reference: NX 45970 00740",
    "pn_townland": "Bride",
    "pn_sheading": "Ayre",
    "pn_country": "Isle of Man",
    "geo_raw": "54.378889, -4.373056",
    "geo_status": "asserted",
    "grid_raw": "NX 45970 00740",
    "uri": "http://data.ogham.link/crm/findspot_M_IOM_008"
   }
  },
  {
   "type": "Feature",
   "id": "M-IOM-009",
   "geometry": {
    "type": "Point",
    "coordinates": [
     -4.559436,
     54.139086
    ]
   },
   "properties": {
    "file": "M-IOM-009.xml",
    "stone_key": "M-IOM-009",
    "ogham_id": "M-IOM-009",
    "title": "Speke Farm Keeill Stone",
    "repository": "Manx Museum",
    "origplace_text": "Santon Middle Isle of Man 54.139086, -4.559436 National Grid Reference: SC 3290 7450",
    "pn_parish": "Santon",
    "pn_sheading": "Middle",
    "pn_country": "Isle of Man",
    "geo_raw": "54.139086, -4.559436",
    "geo_status": "asserted",
    "grid_raw": "SC 3290 7450",
    "uri": "http://data.ogham.link/crm/findspot_M_IOM_009"
   }
  },
  {
   "type": "Feature",
   "id": "S-ABD-001",
   "geometry": {
    "type": "Point",
    "coordinates": [
     -2.562778,
     57.356667
    ]
   },
   "properties": {
    "file": "S-ABD-001.xml",
    "stone_key": "S-ABD-001",
    "ogham_id": "S-ABD-001",
    "title": "Newton",
    "cisp": "NEWT/1",
    "cisp_url": "https://www.ucl.ac.uk/archaeology/cisp/database/stone/newt_1.html",
    "origplace_text": "Culsalmond, Aberdeenshire, Scotland 57.356667, -2.562778 National Grid Reference: NJ 6623 2972",
    "pn_parish": "Culsalmond",
    "pn_county": "Aberdeenshire",
    "pn_country": "Scotland",
    "geo_raw": "57.356667, -2.562778",
    "geo_status": "asserted",
    "grid_raw": "NJ 6623 2972",
    "uri": "http://data.ogham.link/crm/findspot_S_ABD_001"
   }
  },
  {
   "type": "Feature",
   "id": "S-ABD-002",
   "geometry": {
    "type": "Point",
    "coordinates": [
     -2.494167,
     57.3225
    ]
   },
   "properties": {
    "file": "S-ABD-002.xml",
    "stone_key": "S-ABD-002",
    "ogham_id": "S-ABD-002",
    "title": "Logie Elphinstone",
    "cisp": "LPHIN/1",
    "cisp_url": "https://www.ucl.ac.uk/archaeology/cisp/database/stone/lphin_1.html",
    "origplace_text": "Chapel Of Garioch, Aberdeenshire, Scotland 57.322500, -2.494167 National Grid Reference: NJ 7034 2588",
    "pn_parish": "Chapel Of Garioch",
    "pn_county": "Aberdeenshire",
    "pn_country": "Scotland",
    "geo_raw": "57.322500, -2.494167",
    "geo_status": "asserted",
    "grid_raw": "NJ 7034 2588",
    "uri": "http://data.ogham.link/crm/findspot_S_ABD_002"
   }
  },
  {
   "type": "Feature",
   "id": "S-ABD-003",
   "geometry": {
    "type": "Point",
    "coordinates": [
     -2.758611,
     57.09
    ]
   },
   "properties": {
    "file": "S-ABD-003.xml",
    "stone_key": "S-ABD-003",
    "ogham_id": "S-ABD-003",
    "title": "Formaston",
    "cisp": "FRMSN/1",
    "cisp_url": "https://www.ucl.ac.uk/archaeology/cisp/database/stone/frmsn_1.html",
    "origplace_text": "Aboyne, Aberdeenshire, Scotland 57.090000, -2.758611 National Grid Reference: NJ 5412 0014",
    "pn_parish": "Aboyne",
    "pn_county": "Aberdeenshire",
    "pn_country": "Scotland",
    "geo_raw": "57.090000, -2.758611",
    "geo_status": "asserted",
    "grid_raw": "NJ 5412 0014",
    "uri": "http://data.ogham.link/crm/findspot_S_ABD_003"
   }
  },
  {
   "type": "Feature",
   "id": "S-ABD-004",
   "geometry": {
    "type": "Point",
    "coordinates": [
     -2.4,
     57.291667
    ]
   },
   "properties": {
    "file": "S-ABD-004.xml",
    "stone_key": "S-ABD-004",
    "ogham_id": "S-ABD-004",
    "title": "Brandsbutt",
    "cisp": "BRATT/1",
    "cisp_url": "https://www.ucl.ac.uk/archaeology/cisp/database/stone/bratt_1.html",
    "origplace_text": "Inverurie, Aberdeenshire, Scotland 57.291667, -2.400000 National Grid Reference: NJ 75992 22403",
    "pn_parish": "Inverurie",
    "pn_county": "Aberdeenshire",
    "pn_country": "Scotland",
    "geo_raw": "57.291667, -2.400000",
    "geo_status": "asserted",
    "grid_raw": "NJ 75992 22403",
    "uri": "http://data.ogham.link/crm/findspot_S_ABD_004"
   }
  },
  {
   "type": "Feature",
   "id": "S-ABD-005",
   "geometry": {
    "type": "Point",
    "coordinates": [
     -2.506389,
     57.277222
    ]
   },
   "properties": {
    "file": "S-ABD-005.xml",
    "stone_key": "S-ABD-005",
    "ogham_id": "S-ABD-005",
    "title": "Afforsk",
    "cisp": "MAINS/1",
    "cisp_url": "https://www.ucl.ac.uk/archaeology/cisp/database/stone/mains_1.html",
    "origplace_text": "Oyne, Aberdeenshire, Scotland 57.277222, -2.506389 National Grid Reference: NJ 6956 2085",
    "pn_parish": "Oyne",
    "pn_county": "Aberdeenshire",
    "pn_country": "Scotland",
    "geo_raw": "57.277222, -2.506389",
    "geo_status": "asserted",
    "grid_raw": "NJ 6956 2085",
    "uri": "http://data.ogham.link/crm/findspot_S_ABD_005"
   }
  },
  {
   "type": "Feature",
   "id": "S-ABD-006",
   "geometry": {
    "type": "Point",
    "coordinates": [
     -2.208333,
     57.229167
    ]
   },
   "properties": {
    "file": "S-ABD-006.xml",
    "stone_key": "S-ABD-006",
    "ogham_id": "S-ABD-006",
    "title": "Dyce",
    "cisp": "DYCE/1",
    "origplace_text": "Dyce, Aberdeenshire, Scotland 57.229167, -2.208333 National Grid Reference: NJ 8752 1541",
    "pn_parish": "Dyce",
    "pn_county": "Aberdeenshire",
    "pn_country": "Scotland",
    "geo_raw": "57.229167, -2.208333",
    "geo_status": "asserted",
    "grid_raw": "NJ 8752 1541",
    "uri": "http://data.ogham.link/crm/findspot_S_ABD_006"
   }
  },
  {
   "type": "Feature",
   "id": "S-ABD-007",
   "geometry": {
    "type": "Point",
    "coordinates": [
     -2.493333,
     57.311944
    ]
   },
   "properties": {
    "file": "S-ABD-007.xml",
    "stone_key": "S-ABD-007",
    "ogham_id": "S-ABD-007",
    "title": "Chapel of Garioch",
    "origplace_text": "Chapel Of Garioch, Aberdeenshire, Scotland 57.311944, -2.493333 National Grid Reference: NJ c 7038 2472",
    "pn_parish": "Chapel Of Garioch",
    "pn_county": "Aberdeenshire",
    "pn_country": "Scotland",
    "geo_raw": "57.311944, -2.493333",
    "geo_status": "asserted",
    "grid_raw": "NJ c 7038 2472",
    "uri": "http://data.ogham.link/crm/findspot_S_ABD_007"
   }
  },
  {
   "type": "Feature",
   "id": "S-ANS-001",
   "geometry": {
    "type": "Point",
    "coordinates": [
     -2.590278,
     56.576944
    ]
   },
   "properties": {
    "file": "S-ANS-001.xml",
    "stone_key": "S-ANS-001",
    "ogham_id": "S-ANS-001",
    "title": "St Vigeans",
    "repository": "St Vigeans Museum",
    "origplace_text": "Arbroath, St Vigeans, Angus, Scotland 56.576944, -2.590278 National Grid Reference: NO 6384 4289",
    "pn_parish": "St Vigeans",
    "pn_town": "Arbroath",
    "pn_county": "Angus",
    "pn_country": "Scotland",
    "geo_raw": "56.576944, -2.590278",
    "geo_status": "asserted",
    "grid_raw": "NO 6384 4289",
    "uri": "http://data.ogham.link/crm/findspot_S_ANS_001"
   }
  },
  {
   "type": "Feature",
   "id": "S-ANS-002",
   "geometry": {
    "type": "Point",
    "coordinates": [
     -2.998056,
     56.678056
    ]
   },
   "properties": {
    "file": "S-ANS-002.xml",
    "stone_key": "S-ANS-002",
    "ogham_id": "S-ANS-002",
    "title": "Kirriemuir",
    "repository": "Meffan Museum and Gallery, Forfar",
    "origplace_text": "Kirriemuir, Angus, Scotland 56.678056, -2.998056 National Grid Reference: NO 3895 5448",
    "pn_parish": "Kirriemuir",
    "pn_county": "Angus",
    "pn_country": "Scotland",
    "geo_raw": "56.678056, -2.998056",
    "geo_status": "asserted",
    "grid_raw": "NO 3895 5448",
    "uri": "http://data.ogham.link/crm/findspot_S_ANS_002"
   }
  },
  {
   "type": "Feature",
   "id": "S-ANS-003",
   "geometry": {
    "type": "Point",
    "coordinates": [
     -2.821111,
     56.480556
    ]
   },
   "properties": {
    "file": "S-ANS-003.xml",
    "stone_key": "S-ANS-003",
    "ogham_id": "S-ANS-003",
    "title": "Monifieth",
    "repository": "National Museums of Scotland",
    "origplace_text": "Monifieth, Angus, Scotland 56.480556, -2.821111 National Grid Reference: NO 4953 3235",
    "pn_parish": "Monifieth",
    "pn_county": "Angus",
    "pn_country": "Scotland",
    "geo_raw": "56.480556, -2.821111",
    "geo_status": "asserted",
    "grid_raw": "NO 4953 3235",
    "uri": "http://data.ogham.link/crm/findspot_S_ANS_003"
   }
  },
  {
   "type": "Feature",
   "id": "S-ARL-001",
   "geometry": {
    "type": "Point",
    "coordinates": [
     -5.750278,
     55.669722
    ]
   },
   "properties": {
    "file": "S-ARL-001.xml",
    "stone_key": "S-ARL-001",
    "ogham_id": "S-ARL-001",
    "title": "Gigha 1",
    "ciic": "506",
    "cisp": "GIGHA/1",
    "origplace_text": "Gigha and Cara, Argyll, Scotland 55.669722, -5.750278 National Grid Reference: NR 6426 4817",
    "pn_parish": "Gigha and Cara",
    "pn_county": "Argyll",
    "pn_country": "Scotland",
    "geo_raw": "55.669722, -5.750278",
    "geo_status": "asserted",
    "grid_raw": "NR 6426 4817",
    "uri": "http://data.ogham.link/crm/findspot_S_ARL_001"
   }
  },
  {
   "type": "Feature",
   "id": "S-ARL-002",
   "geometry": {
    "type": "Point",
    "coordinates": [
     -5.507222,
     56.1175
    ]
   },
   "properties": {
    "file": "S-ARL-002.xml",
    "stone_key": "S-ARL-002",
    "ogham_id": "S-ARL-002",
    "title": "Poltalloch",
    "ciic": "507",
    "cisp": "POLCH/1",
    "repository": "National Museums of Scotland",
    "origplace_text": "Kilmartin, Argyll and Bute, Scotland 56.117500, -5.507222 National Grid Reference: NR 82068 97182",
    "pn_parish": "Kilmartin",
    "pn_county": "Argyll and Bute",
    "pn_country": "Scotland",
    "geo_raw": "56.117500, -5.507222",
    "geo_status": "asserted",
    "grid_raw": "NR 82068 97182",
    "uri": "http://data.ogham.link/crm/findspot_S_ARL_002"
   }
  },
  {
   "type": "Feature",
   "id": "S-ARL-003",
   "geometry": {
    "type": "Point",
    "coordinates": [
     -5.478889,
     56.085833
    ]
   },
   "properties": {
    "file": "S-ARL-003.xml",
    "stone_key": "S-ARL-003",
    "ogham_id": "S-ARL-003",
    "title": "Dún Ad | Dunadd",
    "cisp": "DUNAD/1",
    "origplace_text": "Kilmichael Glassary, Argyll, Scotland 56.085833, -5.478889 National Grid Reference: NR 83650 93560",
    "pn_parish": "Kilmichael Glassary",
    "pn_county": "Argyll",
    "pn_country": "Scotland",
    "geo_raw": "56.085833, -5.478889",
    "geo_status": "asserted",
    "grid_raw": "NR 83650 93560",
    "uri": "http://data.ogham.link/crm/findspot_S_ARL_003"
   }
  },
  {
   "type": "Feature",
   "id": "S-ARL-004",
   "geometry": {
    "type": "Point",
    "coordinates": [
     -4.903333,
     56.171667
    ]
   },
   "properties": {
    "file": "S-ARL-004.xml",
    "stone_key": "S-ARL-004",
    "ogham_id": "S-ARL-004",
    "title": "Lochgoilhead",
    "cisp": "LOHED/1",
    "origplace_text": "Lochgoilhead and Kilmorich, Argyll, Scotland 56.171667, -4.903333 National Grid Reference: NN 19851 01461",
    "pn_parish": "Lochgoilhead and Kilmorich",
    "pn_county": "Argyll",
    "pn_country": "Scotland",
    "geo_raw": "56.171667, -4.903333",
    "geo_status": "asserted",
    "grid_raw": "NN 19851 01461",
    "uri": "http://data.ogham.link/crm/findspot_S_ARL_004"
   }
  },
  {
   "type": "Feature",
   "id": "S-BUT-001",
   "geometry": {
    "type": "Point",
    "coordinates": [
     -5.353333,
     55.526111
    ]
   },
   "properties": {
    "file": "S-BUT-001.xml",
    "stone_key": "S-BUT-001",
    "ogham_id": "S-BUT-001",
    "title": "Blackwaterfoot 1",
    "cisp": "BLFOO/1",
    "cisp_url": "https://www.ucl.ac.uk/archaeology/cisp/database/stone/blfoo_1.html",
    "origplace_text": "Kilmory, Bute, Scotland 55.526111, -5.353333 National Grid Reference: NR 8844 3092",
    "pn_parish": "Kilmory",
    "pn_county": "Bute",
    "pn_country": "Scotland",
    "geo_raw": "55.526111, -5.353333",
    "geo_status": "asserted",
    "grid_raw": "NR 8844 3092",
    "uri": "http://data.ogham.link/crm/findspot_S_BUT_001"
   }
  },
  {
   "type": "Feature",
   "id": "S-BUT-002",
   "geometry": {
    "type": "Point",
    "coordinates": [
     -5.153611,
     55.789444
    ]
   },
   "properties": {
    "file": "S-BUT-002.xml",
    "stone_key": "S-BUT-002",
    "ogham_id": "S-BUT-002",
    "title": "Inchmarnock 1",
    "cisp": "x",
    "repository": "Bute Museum",
    "origplace_text": "North Bute, Bute, Scotland 55.789444, -5.153611 National Grid Reference: NS 02372 59635",
    "pn_parish": "North Bute",
    "pn_county": "Bute",
    "pn_country": "Scotland",
    "geo_raw": "55.789444, -5.153611",
    "geo_status": "asserted",
    "grid_raw": "NS 02372 59635",
    "uri": "http://data.ogham.link/crm/findspot_S_BUT_002"
   }
  },
  {
   "type": "Feature",
   "id": "S-BUT-003",
   "geometry": {
    "type": "Point",
    "coordinates": [
     -5.153611,
     55.789444
    ]
   },
   "properties": {
    "file": "S-BUT-003.xml",
    "stone_key": "S-BUT-003",
    "ogham_id": "S-BUT-003",
    "title": "Inchmarnock 2",
    "cisp": "x",
    "repository": "National Museum of Scotland",
    "origplace_text": "North Bute, Bute, Scotland 55.789444, -5.153611 National Grid Reference: NS 02372 59635",
    "pn_parish": "North Bute",
    "pn_county": "Bute",
    "pn_country": "Scotland",
    "geo_raw": "55.789444, -5.153611",
    "geo_status": "asserted",
    "grid_raw": "NS 02372 59635",
    "uri": "http://data.ogham.link/crm/findspot_S_BUT_003"
   }
  },
  {
   "type": "Feature",
   "id": "S-BUT-004",
   "geometry": {
    "type": "Point",
    "coordinates": [
     -5.153611,
     55.789444
    ]
   },
   "properties": {
    "file": "S-BUT-004.xml",
    "stone_key": "S-BUT-004",
    "ogham_id": "S-BUT-004",
    "title": "Inchmarnock 3",
    "cisp": "x",
    "repository": "National Museum of Scotland",
    "origplace_text": "North Bute, Bute, Scotland 55.789444, -5.153611 National Grid Reference: NS 02372 59635",
    "pn_parish": "North Bute",
    "pn_county": "Bute",
    "pn_country": "Scotland",
    "geo_raw": "55.789444, -5.153611",
    "geo_status": "asserted",
    "grid_raw": "NS 02372 59635",
    "uri": "http://data.ogham.link/crm/findspot_S_BUT_004"
   }
  },
  {
   "type": "Feature",
   "id": "S-CAI-001",
   "geometry": {
    "type": "Point",
    "coordinates": [
     -3.119167,
     58.478333
    ]
   },
   "properties": {
    "file": "S-CAI-001.xml",
    "stone_key": "S-CAI-001",
    "ogham_id": "S-CAI-001",
    "title": "Ackergill",
    "cisp": "ACKGL/1",
    "cisp_url": "https://www.ucl.ac.uk/archaeology/cisp/database/stone/ackgl_1.html",
    "repository": "National Museums of Scotland",
    "origplace_text": "Wick, Caithness, Scotland 58.478333, -3.119167 National Grid Reference: ND 3483 5499",
    "pn_parish": "Wick",
    "pn_county": "Caithness",
    "pn_country": "Scotland",
    "geo_raw": "58.478333, -3.119167",
    "geo_status": "asserted",
    "grid_raw": "ND 3483 5499",
    "uri": "http://data.ogham.link/crm/findspot_S_CAI_001"
   }
  },
  {
   "type": "Feature",
   "id": "S-DGY-001",
   "geometry": {
    "type": "Point",
    "coordinates": [
     -5.137222,
     54.912222
    ]
   },
   "properties": {
    "file": "S-DGY-001.xml",
    "stone_key": "S-DGY-001",
    "ogham_id": "S-DGY-001",
    "title": "Lochnaw",
    "cisp": "LONAW/1",
    "repository": "Dumfries Museum",
    "origplace_text": "Leswalt, Dumfries and Galloway, Scotland 54.912222, -5.137222 National Grid Reference: NW 99 62",
    "pn_parish": "Leswalt",
    "pn_county": "Dumfries and Galloway",
    "pn_country": "Scotland",
    "geo_raw": "54.912222, -5.137222",
    "geo_status": "asserted",
    "grid_raw": "NW 99 62",
    "uri": "http://data.ogham.link/crm/findspot_S_DGY_001"
   }
  },
  {
   "type": "Feature",
   "id": "S-FIF-001",
   "geometry": {
    "type": "Point",
    "coordinates": [
     -2.994444,
     56.203611
    ]
   },
   "properties": {
    "file": "S-FIF-001.xml",
    "stone_key": "S-FIF-001",
    "ogham_id": "S-FIF-001",
    "title": "Scoonie",
    "cisp": "SCNIE/1",
    "repository": "National Museums of Scotland",
    "origplace_text": "Scoonie (Kirkcaldy), Fife, Scotland 56.203611, -2.994444 National Grid Reference: NO 3840 0167",
    "pn_parish": "Scoonie (Kirkcaldy)",
    "pn_county": "Fife",
    "pn_country": "Scotland",
    "geo_raw": "56.203611, -2.994444",
    "geo_status": "asserted",
    "grid_raw": "NO 3840 0167",
    "uri": "http://data.ogham.link/crm/findspot_S_FIF_001"
   }
  },
  {
   "type": "Feature",
   "id": "S-INV-001",
   "geometry": {
    "type": "Point",
    "coordinates": [
     -7.419167,
     57.659167
    ]
   },
   "properties": {
    "file": "S-INV-001.xml",
    "stone_key": "S-INV-001",
    "ogham_id": "S-INV-001",
    "title": "Bac Mhic Connain",
    "repository": "National Museums of Scotland",
    "origplace_text": "North Uist, Inverness-shire, Scotland 57.659167, -7.419167 National Grid Reference: NF 7694 7619",
    "pn_parish": "North Uist",
    "pn_county": "Inverness-shire",
    "pn_country": "Scotland",
    "geo_raw": "57.659167, -7.419167",
    "geo_status": "asserted",
    "grid_raw": "NF 7694 7619",
    "uri": "http://data.ogham.link/crm/findspot_S_INV_001"
   }
  },
  {
   "type": "Feature",
   "id": "S-INV-002",
   "geometry": {
    "type": "Point",
    "coordinates": [
     -7.425,
     57.245
    ]
   },
   "properties": {
    "file": "S-INV-002.xml",
    "stone_key": "S-INV-002",
    "ogham_id": "S-INV-002",
    "title": "Bornais",
    "repository": "Museum nan Eilean in Steòrnabhagh | Stornoway",
    "origplace_text": "South Uist, Inverness-shire, Scotland 57.245000, -7.425000 National Grid Reference: NF 729 302",
    "pn_parish": "South Uist",
    "pn_county": "Inverness-shire",
    "pn_country": "Scotland",
    "geo_raw": "57.245000, -7.425000",
    "geo_status": "asserted",
    "grid_raw": "NF 729 302",
    "uri": "http://data.ogham.link/crm/findspot_S_INV_002"
   }
  },
  {
   "type": "Feature",
   "id": "S-KCD-001",
   "geometry": {
    "type": "Point",
    "coordinates": [
     -2.2925,
     57.008056
    ]
   },
   "properties": {
    "file": "S-KCD-001.xml",
    "stone_key": "S-KCD-001",
    "ogham_id": "S-KCD-001",
    "title": "Auquhollie",
    "cisp": "AUQUH/1",
    "origplace_text": "Fetteresso, Kincardineshire, Scotland 57.008056, -2.292500 National Grid Reference: NO 82326 90797",
    "pn_parish": "Fetteresso",
    "pn_county": "Kincardineshire",
    "pn_country": "Scotland",
    "geo_raw": "57.008056, -2.292500",
    "geo_status": "asserted",
    "grid_raw": "NO 82326 90797",
    "uri": "http://data.ogham.link/crm/findspot_S_KCD_001"
   }
  },
  {
   "type": "Feature",
   "id": "S-KCD-002",
   "geometry": {
    "type": "Point",
    "coordinates": [
     -2.451111,
     56.896111
    ]
   },
   "properties": {
    "file": "S-KCD-002.xml",
    "stone_key": "S-KCD-002",
    "ogham_id": "S-KCD-002",
    "title": "Fordoun",
    "cisp": "FORDN/1",
    "origplace_text": "Fordoun, Kincardineshire, Scotland 56.896111, -2.451111 National Grid Reference: NO 7261 7841",
    "pn_parish": "Fordoun",
    "pn_county": "Kincardineshire",
    "pn_country": "Scotland",
    "geo_raw": "56.896111, -2.451111",
    "geo_status": "asserted",
    "grid_raw": "NO 7261 7841",
    "uri": "http://data.ogham.link/crm/findspot_S_KCD_002"
   }
  },
  {
   "type": "Feature",
   "id": "S-LKS-X01",
   "geometry": {
    "type": "Point",
    "coordinates": [
     -4.100278,
     55.876389
    ]
   },
   "properties": {
    "file": "S-LKS-X01.xml",
    "stone_key": "S-LKS-X01",
    "ogham_id": "S-LKS-X01",
    "title": "Bishop Loch",
    "cisp": "x",
    "repository": "National Museums of Scotland",
    "origplace_text": "Old Monkland, Lanarkshire, Scotland 55.876389, -4.100278 National Grid Reference: NS 68700 66800",
    "pn_parish": "Old Monkland",
    "pn_county": "Lanarkshire",
    "pn_country": "Scotland",
    "geo_raw": "55.876389, -4.100278",
    "geo_status": "asserted",
    "grid_raw": "NS 68700 66800",
    "uri": "http://data.ogham.link/crm/findspot_S_LKS_X01"
   }
  },
  {
   "type": "Feature",
   "id": "S-MOR-001",
   "geometry": {
    "type": "Point",
    "coordinates": [
     -3.701111,
     57.5975
    ]
   },
   "properties": {
    "file": "S-MOR-001.xml",
    "stone_key": "S-MOR-001",
    "ogham_id": "S-MOR-001",
    "title": "Dyke",
    "cisp": "BROD/1",
    "origplace_text": "Dyke and Moy, Moray, Scotland 57.597500, -3.701111 National Grid Reference: NH 9842 5766",
    "pn_parish": "Dyke and Moy",
    "pn_county": "Moray",
    "pn_country": "Scotland",
    "geo_raw": "57.597500, -3.701111",
    "geo_status": "asserted",
    "grid_raw": "NH 9842 5766",
    "uri": "http://data.ogham.link/crm/findspot_S_MOR_001"
   }
  },
  {
   "type": "Feature",
   "id": "S-MOR-002",
   "geometry": {
    "type": "Point",
    "coordinates": [
     -3.608611,
     57.578056
    ]
   },
   "properties": {
    "file": "S-MOR-002.xml",
    "stone_key": "S-MOR-002",
    "ogham_id": "S-MOR-002",
    "title": "Altyre",
    "cisp": "ALTYR/1",
    "origplace_text": "Rafford, Moray, Scotland 57.578056, -3.608611 National Grid Reference: NJ 1374 6633",
    "pn_parish": "Rafford",
    "pn_county": "Moray",
    "pn_country": "Scotland",
    "geo_raw": "57.578056, -3.608611",
    "geo_status": "asserted",
    "grid_raw": "NJ 1374 6633",
    "uri": "http://data.ogham.link/crm/findspot_S_MOR_002"
   }
  },
  {
   "type": "Feature",
   "id": "S-ORK-001",
   "geometry": {
    "type": "Point",
    "coordinates": [
     -2.418889,
     59.348056
    ]
   },
   "properties": {
    "file": "S-ORK-001.xml",
    "stone_key": "S-ORK-001",
    "ogham_id": "S-ORK-001",
    "title": "Burrian",
    "cisp": "BURIN/1",
    "cisp_url": "http://www.ucl.ac.uk/archaeology/cisp/database/stone/burin_1.html",
    "repository": "National Museums of Scotland",
    "origplace_text": "North Ronaldsay, Orkney, Scotland 59.348056, -2.418889 National Grid Reference: HY 7627 5138",
    "pn_parish": "North Ronaldsay",
    "pn_county": "Orkney",
    "pn_country": "Scotland",
    "geo_raw": "59.348056, -2.418889",
    "geo_status": "asserted",
    "grid_raw": "HY 7627 5138",
    "uri": "http://data.ogham.link/crm/findspot_S_ORK_001"
   }
  },
  {
   "type": "Feature",
   "id": "S-ORK-002",
   "geometry": {
    "type": "Point",
    "coordinates": [
     -3.081111,
     59.123889
    ]
   },
   "properties": {
    "file": "S-ORK-002.xml",
    "stone_key": "S-ORK-002",
    "ogham_id": "S-ORK-002",
    "title": "Gurness",
    "repository": "National Museums of Scotland",
    "origplace_text": "Evie and Rendall, Orkney, Scotland 59.123889, -3.081111 National Grid Reference: HY 38179 26850",
    "pn_parish": "Evie and Rendall",
    "pn_county": "Orkney",
    "pn_country": "Scotland",
    "geo_raw": "59.123889, -3.081111",
    "geo_status": "asserted",
    "grid_raw": "HY 38179 26850",
    "uri": "http://data.ogham.link/crm/findspot_S_ORK_002"
   }
  },
  {
   "type": "Feature",
   "id": "S-ORK-003",
   "geometry": {
    "type": "Point",
    "coordinates": [
     -3.330278,
     59.136389
    ]
   },
   "properties": {
    "file": "S-ORK-003.xml",
    "stone_key": "S-ORK-003",
    "ogham_id": "S-ORK-003",
    "title": "Birsay 1",
    "cisp": "BIRSY/1",
    "cisp_url": "http://www.ucl.ac.uk/archaeology/cisp/database/stone/birsy_1.html",
    "repository": "National Museums of Scotland",
    "origplace_text": "Birsay and Harray, Orkney, Scotland 59.136389, -3.330278 National Grid Reference: HY 2398 2850",
    "pn_parish": "Birsay and Harray",
    "pn_county": "Orkney",
    "pn_country": "Scotland",
    "geo_raw": "59.136389, -3.330278",
    "geo_status": "asserted",
    "grid_raw": "HY 2398 2850",
    "uri": "http://data.ogham.link/crm/findspot_S_ORK_003"
   }
  },
  {
   "type": "Feature",
   "id": "S-ORK-004",
   "geometry": {
    "type": "Point",
    "coordinates": [
     -3.330278,
     59.136389
    ]
   },
   "properties": {
    "file": "S-ORK-004.xml",
    "stone_key": "S-ORK-004",
    "ogham_id": "S-ORK-004",
    "title": "Birsay 2",
    "cisp": "BIRSY/2",
    "cisp_url": "http://www.ucl.ac.uk/archaeology/cisp/database/stone/birsy_2.html",
    "repository": "National Museums of Scotland",
    "origplace_text": "Birsay and Harray, Orkney, Scotland 59.136389, -3.330278 National Grid Reference: HY 2398 2850",
    "pn_parish": "Birsay and Harray",
    "pn_county": "Orkney",
    "pn_country": "Scotland",
    "geo_raw": "59.136389, -3.330278",
    "geo_status": "asserted",
    "grid_raw": "HY 2398 2850",
    "uri": "http://data.ogham.link/crm/findspot_S_ORK_004"
   }
  },
  {
   "type": "Feature",
   "id": "S-ORK-005",
   "geometry": {
    "type": "Point",
    "coordinates": [
     -3.323333,
     59.134167
    ]
   },
   "properties": {
    "file": "S-ORK-005.xml",
    "stone_key": "S-ORK-005",
    "ogham_id": "S-ORK-005",
    "title": "Buckquoy",
    "repository": "Orkney Museum",
    "origplace_text": "Birsay, Orkney, Scotland 59.134167, -3.323333 National Grid Reference: HY 2436 2823",
    "pn_parish": "Birsay",
    "pn_county": "Orkney",
    "pn_country": "Scotland",
    "geo_raw": "59.134167, -3.323333",
    "geo_status": "asserted",
    "grid_raw": "HY 2436 2823",
    "uri": "http://data.ogham.link/crm/findspot_S_ORK_005"
   }
  },
  {
   "type": "Feature",
   "id": "S-ORK-006",
   "geometry": {
    "type": "Point",
    "coordinates": [
     -3.330278,
     59.136389
    ]
   },
   "properties": {
    "file": "S-ORK-006.xml",
    "stone_key": "S-ORK-006",
    "ogham_id": "S-ORK-006",
    "title": "Birsay 3",
    "cisp": "BIRSY/3",
    "cisp_url": "http://www.ucl.ac.uk/archaeology/cisp/database/stone/birsy_3.html",
    "repository": "National Museums of Scotland",
    "origplace_text": "Birsay and Harray, Orkney, Scotland 59.136389, -3.330278 National Grid Reference: HY 2398 2850",
    "pn_parish": "Birsay and Harray",
    "pn_county": "Orkney",
    "pn_country": "Scotland",
    "geo_raw": "59.136389, -3.330278",
    "geo_status": "asserted",
    "grid_raw": "HY 2398 2850",
    "uri": "http://data.ogham.link/crm/findspot_S_ORK_006"
   }
  },
  {
   "type": "Feature",
   "id": "S-ORK-007",
   "geometry": {
    "type": "Point",
    "coordinates": [
     -3.330278,
     59.136389
    ]
   },
   "properties": {
    "file": "S-ORK-007.xml",
    "stone_key": "S-ORK-007",
    "ogham_id": "S-ORK-007",
    "title": "Birsay 4",
    "repository": "National Museums of Scotland",
    "origplace_text": "Birsay and Harray, Orkney, Scotland 59.136389, -3.330278 National Grid Reference: HY 2398 2850",
    "pn_parish": "Birsay and Harray",
    "pn_county": "Orkney",
    "pn_country": "Scotland",
    "geo_raw": "59.136389, -3.330278",
    "geo_status": "asserted",
    "grid_raw": "HY 2398 2850",
    "uri": "http://data.ogham.link/crm/findspot_S_ORK_007"
   }
  },
  {
   "type": "Feature",
   "id": "S-ORK-008",
   "geometry": {
    "type": "Point",
    "coordinates": [
     -2.668611,
     59.225556
    ]
   },
   "properties": {
    "file": "S-ORK-008.xml",
    "stone_key": "S-ORK-008",
    "ogham_id": "S-ORK-008",
    "title": "Pool 1",
    "cisp": "POOL/1",
    "cisp_url": "http://www.ucl.ac.uk/archaeology/cisp/database/stone/pool_1.html",
    "repository": "Orkney Museum",
    "origplace_text": "Sanday, Orkney, Scotland 59.225556, -2.668611 National Grid Reference: HY 6194 3785",
    "pn_parish": "Sanday",
    "pn_county": "Orkney",
    "pn_country": "Scotland",
    "geo_raw": "59.225556, -2.668611",
    "geo_status": "asserted",
    "grid_raw": "HY 6194 3785",
    "uri": "http://data.ogham.link/crm/findspot_S_ORK_008"
   }
  },
  {
   "type": "Feature",
   "id": "S-ORK-X01",
   "geometry": {
    "type": "Point",
    "coordinates": [
     -2.668612,
     59.225556
    ]
   },
   "properties": {
    "file": "S-ORK-X01.xml",
    "stone_key": "S-ORK-X01",
    "ogham_id": "S-ORK-X01",
    "title": "Pool 2",
    "repository": "Orkney Museum",
    "origplace_text": "Sanday, Orkney, Scotland 59.225556, -2.668612 National Grid Reference: HY 6194 3786",
    "pn_townland": "Sanday",
    "pn_county": "Orkney",
    "pn_country": "Scotland",
    "geo_raw": "59.225556, -2.668612",
    "geo_status": "asserted",
    "grid_raw": "HY 6194 3786",
    "uri": "http://data.ogham.link/crm/findspot_S_ORK_X01"
   }
  },
  {
   "type": "Feature",
   "id": "S-PER-001",
   "geometry": {
    "type": "Point",
    "coordinates": [
     -3.311667,
     56.333056
    ]
   },
   "properties": {
    "file": "S-PER-001.xml",
    "stone_key": "S-PER-001",
    "ogham_id": "S-PER-001",
    "title": "Abernethy 1",
    "cisp": "ABNTY/1",
    "repository": "National Museums of Scotland",
    "origplace_text": "Abernethy, Perthshire, Scotland 56.333056, -3.311667 National Grid Reference: NO 1900 1641",
    "pn_parish": "Abernethy",
    "pn_county": "Perthshire",
    "pn_country": "Scotland",
    "geo_raw": "56.333056, -3.311667",
    "geo_status": "asserted",
    "grid_raw": "NO 1900 1641",
    "uri": "http://data.ogham.link/crm/findspot_S_PER_001"
   }
  },
  {
   "type": "Feature",
   "id": "S-PER-002",
   "geometry": {
    "type": "Point",
    "coordinates": [
     -3.311668,
     56.333056
    ]
   },
   "properties": {
    "file": "S-PER-002.xml",
    "stone_key": "S-PER-002",
    "ogham_id": "S-PER-002",
    "title": "Abernethy 2",
    "cisp": "x",
    "origplace_text": "Abernethy, Perthshire, Scotland 56.333056, -3.311668 National Grid Reference: NO 190 164",
    "pn_parish": "Abernethy",
    "pn_county": "Perthshire",
    "pn_country": "Scotland",
    "geo_raw": "56.333056, -3.311668",
    "geo_status": "asserted",
    "grid_raw": "NO 190 164",
    "uri": "http://data.ogham.link/crm/findspot_S_PER_002"
   }
  },
  {
   "type": "Feature",
   "id": "S-PER-003",
   "geometry": {
    "type": "Point",
    "coordinates": [
     -3.3125,
     56.376111
    ]
   },
   "properties": {
    "file": "S-PER-003.xml",
    "stone_key": "S-PER-003",
    "ogham_id": "S-PER-003",
    "title": "Inchyra",
    "cisp": "INCHY/1",
    "repository": "Perth Museum",
    "origplace_text": "St Madoes, Perthshire, Scotland 56.376111, -3.312500 National Grid Reference: NO 1904 2120",
    "pn_parish": "St Madoes",
    "pn_county": "Perthshire",
    "pn_country": "Scotland",
    "geo_raw": "56.376111, -3.312500",
    "geo_status": "asserted",
    "grid_raw": "NO 1904 2120",
    "uri": "http://data.ogham.link/crm/findspot_S_PER_003"
   }
  },
  {
   "type": "Feature",
   "id": "S-PER-004",
   "geometry": {
    "type": "Point",
    "coordinates": [
     -4.086111,
     56.197222
    ]
   },
   "properties": {
    "file": "S-PER-004.xml",
    "stone_key": "S-PER-004",
    "ogham_id": "S-PER-004",
    "title": "Old Kilmadock",
    "origplace_text": "Kilmadock, Perthshire, Scotland 56.197222, -4.086111 National Grid Reference: NN 70664 02479",
    "pn_parish": "Kilmadock",
    "pn_county": "Perthshire",
    "pn_country": "Scotland",
    "geo_raw": "56.197222, -4.086111",
    "geo_status": "asserted",
    "grid_raw": "NN 70664 02479",
    "uri": "http://data.ogham.link/crm/findspot_S_PER_004"
   }
  },
  {
   "type": "Feature",
   "id": "S-PER-X01",
   "geometry": {
    "type": "Point",
    "coordinates": [
     -4.385556,
     56.496944
    ]
   },
   "properties": {
    "file": "S-PER-X01.xml",
    "stone_key": "S-PER-X01",
    "ogham_id": "S-PER-X01",
    "title": "Duncroisk",
    "cisp": "x",
    "origplace_text": "Killin, Perthshire, Scotland 56.496944, -4.385556 National Grid Reference: NN 5325 3641",
    "pn_parish": "Killin",
    "pn_county": "Perthshire",
    "pn_country": "Scotland",
    "geo_raw": "56.496944, -4.385556",
    "geo_status": "asserted",
    "grid_raw": "NN 5325 3641",
    "uri": "http://data.ogham.link/crm/findspot_S_PER_X01"
   }
  },
  {
   "type": "Feature",
   "id": "S-SEL-X01",
   "geometry": {
    "type": "Point",
    "coordinates": [
     -2.836667,
     55.538333
    ]
   },
   "properties": {
    "file": "S-SEL-X01.xml",
    "stone_key": "S-SEL-X01",
    "ogham_id": "S-SEL-X01",
    "title": "Selkirk",
    "repository": "Live Borders Library HQ, Selkirk",
    "origplace_text": "Deer Park, Selkirk, Selkirkshire, Scotland 55.538333, -2.836667 National Grid Reference: NT 473 275",
    "pn_site": "Deer Park",
    "pn_parish": "Selkirk",
    "pn_county": "Selkirkshire",
    "pn_country": "Scotland",
    "geo_raw": "55.538333, -2.836667",
    "geo_status": "asserted",
    "grid_raw": "NT 473 275",
    "uri": "http://data.ogham.link/crm/findspot_S_SEL_X01"
   }
  },
  {
   "type": "Feature",
   "id": "S-SHE-001",
   "geometry": {
    "type": "Point",
    "coordinates": [
     -1.063056,
     60.161944
    ]
   },
   "properties": {
    "file": "S-SHE-001.xml",
    "stone_key": "S-SHE-001",
    "ogham_id": "S-SHE-001",
    "title": "Bressay",
    "cisp": "BREAY/1",
    "cisp_url": "http://www.ucl.ac.uk/archaeology/cisp/database/stone/breay_1.html",
    "repository": "National Museums of Scotland",
    "origplace_text": "Bressay, Shetland, Scotland 60.161944, -1.063056 National Grid Reference: HU 521 423",
    "pn_parish": "Bressay",
    "pn_county": "Shetland",
    "pn_country": "Scotland",
    "geo_raw": "60.161944, -1.063056",
    "geo_status": "asserted",
    "grid_raw": "HU 521 423",
    "uri": "http://data.ogham.link/crm/findspot_S_SHE_001"
   }
  },
  {
   "type": "Feature",
   "id": "S-SHE-002",
   "geometry": {
    "type": "Point",
    "coordinates": [
     -1.224722,
     60.033611
    ]
   },
   "properties": {
    "file": "S-SHE-002.xml",
    "stone_key": "S-SHE-002",
    "ogham_id": "S-SHE-002",
    "title": "Cunningsburgh 1",
    "cisp": "CBURG/1",
    "cisp_url": "http://www.ucl.ac.uk/archaeology/cisp/database/stone/cburg_1.html",
    "repository": "National Museums of Scotland",
    "origplace_text": "Dunrossness, Shetland, Scotland 60.033611, -1.224722 National Grid Reference: HU 4330 2790",
    "pn_parish": "Dunrossness",
    "pn_county": "Shetland",
    "pn_country": "Scotland",
    "geo_raw": "60.033611, -1.224722",
    "geo_status": "asserted",
    "grid_raw": "HU 4330 2790",
    "uri": "http://data.ogham.link/crm/findspot_S_SHE_002"
   }
  },
  {
   "type": "Feature",
   "id": "S-SHE-003",
   "geometry": {
    "type": "Point",
    "coordinates": [
     -1.224722,
     60.033611
    ]
   },
   "properties": {
    "file": "S-SHE-003.xml",
    "stone_key": "S-SHE-003",
    "ogham_id": "S-SHE-003",
    "title": "Cunningsburgh 2",
    "cisp": "CBURG/2",
    "cisp_url": "http://www.ucl.ac.uk/archaeology/cisp/database/stone/cburg_2.html",
    "repository": "National Museums of Scotland",
    "origplace_text": "Dunrossness, Shetland, Scotland 60.033611, -1.224722 National Grid Reference: HU 4330 2790",
    "pn_parish": "Dunrossness",
    "pn_county": "Shetland",
    "pn_country": "Scotland",
    "geo_raw": "60.033611, -1.224722",
    "geo_status": "asserted",
    "grid_raw": "HU 4330 2790",
    "uri": "http://data.ogham.link/crm/findspot_S_SHE_003"
   }
  },
  {
   "type": "Feature",
   "id": "S-SHE-004",
   "geometry": {
    "type": "Point",
    "coordinates": [
     -1.341667,
     59.971389
    ]
   },
   "properties": {
    "file": "S-SHE-004.xml",
    "stone_key": "S-SHE-004",
    "ogham_id": "S-SHE-004",
    "title": "St Ninian's Isle 1",
    "cisp": "STNIN/1",
    "cisp_url": "http://www.ucl.ac.uk/archaeology/cisp/database/stone/stnin_1.html",
    "repository": "National Museums of Scotland",
    "origplace_text": "Dunrossness, Shetland, Scotland 59.971389, -1.341667 National Grid Reference: HU 3685 2090",
    "pn_townland": "Dunrossness",
    "pn_county": "Shetland",
    "pn_country": "Scotland",
    "geo_raw": "59.971389, -1.341667",
    "geo_status": "asserted",
    "grid_raw": "HU 3685 2090",
    "uri": "http://data.ogham.link/crm/findspot_S_SHE_004"
   }
  },
  {
   "type": "Feature",
   "id": "S-SHE-005",
   "geometry": {
    "type": "Point",
    "coordinates": [
     -1.341667,
     59.971389
    ]
   },
   "properties": {
    "file": "S-SHE-005.xml",
    "stone_key": "S-SHE-005",
    "ogham_id": "S-SHE-005",
    "title": "St Ninian's Isle 2",
    "cisp": "STNIN/2",
    "cisp_url": "http://www.ucl.ac.uk/archaeology/cisp/database/stone/stnin_2.html",
    "repository": "National Museums of Scotland",
    "origplace_text": "Dunrossness, Shetland, Scotland 59.971389, -1.341667 National Grid Reference: HU 3685 2090",
    "pn_townland": "Dunrossness",
    "pn_county": "Shetland",
    "pn_country": "Scotland",
    "geo_raw": "59.971389, -1.341667",
    "geo_status": "asserted",
    "grid_raw": "HU 3685 2090",
    "uri": "http://data.ogham.link/crm/findspot_S_SHE_005"
   }
  },
  {
   "type": "Feature",
   "id": "S-SHE-006",
   "geometry": {
    "type": "Point",
    "coordinates": [
     -1.341667,
     59.971389
    ]
   },
   "properties": {
    "file": "S-SHE-006.xml",
    "stone_key": "S-SHE-006",
    "ogham_id": "S-SHE-006",
    "title": "St Ninian's Isle 3",
    "cisp": "STNIN/3",
    "cisp_url": "http://www.ucl.ac.uk/archaeology/cisp/database/stone/stnin_3.html",
    "repository": "National Museums of Scotland",
    "origplace_text": "Dunrossness, Shetland, Scotland 59.971389, -1.341667 National Grid Reference: HU 3685 2090",
    "pn_townland": "Dunrossness",
    "pn_county": "Shetland",
    "pn_country": "Scotland",
    "geo_raw": "59.971389, -1.341667",
    "geo_status": "asserted",
    "grid_raw": "HU 3685 2090",
    "uri": "http://data.ogham.link/crm/findspot_S_SHE_006"
   }
  },
  {
   "type": "Feature",
   "id": "S-SHE-007",
   "geometry": {
    "type": "Point",
    "coordinates": [
     -1.167778,
     60.366389
    ]
   },
   "properties": {
    "file": "S-SHE-007.xml",
    "stone_key": "S-SHE-007",
    "ogham_id": "S-SHE-007",
    "title": "Lunnasting",
    "cisp": "LTING/1",
    "cisp_url": "http://www.ucl.ac.uk/archaeology/cisp/database/stone/lting_1.html",
    "repository": "National Museums of Scotland",
    "origplace_text": "Nesting, Shetland, Scotland 60.366389, -1.167778 National Grid Reference: HU 46 65",
    "pn_townland": "Nesting",
    "pn_county": "Shetland",
    "pn_country": "Scotland",
    "geo_raw": "60.366389, -1.167778",
    "geo_status": "asserted",
    "grid_raw": "HU 46 65",
    "uri": "http://data.ogham.link/crm/findspot_S_SHE_007"
   }
  },
  {
   "type": "Feature",
   "id": "S-SHE-008",
   "geometry": {
    "type": "Point",
    "coordinates": [
     -1.224722,
     60.033611
    ]
   },
   "properties": {
    "file": "S-SHE-008.xml",
    "stone_key": "S-SHE-008",
    "ogham_id": "S-SHE-008",
    "title": "Cunningsburgh 3",
    "cisp": "CBURG/3",
    "cisp_url": "http://www.ucl.ac.uk/archaeology/cisp/database/stone/cburg_3.html",
    "origplace_text": "Dunrossness, Shetland, Scotland 60.033611, -1.224722 National Grid Reference: HU 4330 2790",
    "pn_parish": "Dunrossness",
    "pn_county": "Shetland",
    "pn_country": "Scotland",
    "geo_raw": "60.033611, -1.224722",
    "geo_status": "asserted",
    "grid_raw": "HU 4330 2790",
    "uri": "http://data.ogham.link/crm/findspot_S_SHE_008"
   }
  },
  {
   "type": "Feature",
   "id": "S-SHE-009",
   "geometry": {
    "type": "Point",
    "coordinates": [
     -1.224722,
     60.033611
    ]
   },
   "properties": {
    "file": "S-SHE-009.xml",
    "stone_key": "S-SHE-009",
    "ogham_id": "S-SHE-009",
    "title": "Cunningsburgh 4",
    "cisp": "CBURG/3",
    "cisp_url": "http://www.ucl.ac.uk/archaeology/cisp/database/stone/cburg_3.html",
    "repository": "National Museums of Scotland",
    "origplace_text": "Dunrossness, Shetland, Scotland 60.033611, -1.224722 National Grid Reference: HU 4330 2790",
    "pn_parish": "Dunrossness",
    "pn_county": "Shetland",
    "pn_country": "Scotland",
    "geo_raw": "60.033611, -1.224722",
    "geo_status": "asserted",
    "grid_raw": "HU 4330 2790",
    "uri": "http://data.ogham.link/crm/findspot_S_SHE_009"
   }
  },
  {
   "type": "Feature",
   "id": "S-SHE-010",
   "geometry": {
    "type": "Point",
    "coordinates": [
     -1.304722,
     60.1825
    ]
   },
   "properties": {
    "file": "S-SHE-010.xml",
    "stone_key": "S-SHE-010",
    "ogham_id": "S-SHE-010",
    "title": "Whiteness",
    "cisp": "WNESS/1",
    "cisp_url": "http://www.ucl.ac.uk/archaeology/cisp/database/stone/wness_1.html",
    "repository": "National Museums of Scotland",
    "origplace_text": "Tingwall, Shetland, Scotland 60.182500, -1.304722 National Grid Reference: HU 3866 4442",
    "pn_townland": "Tingwall",
    "pn_county": "Shetland",
    "pn_country": "Scotland",
    "geo_raw": "60.182500, -1.304722",
    "geo_status": "asserted",
    "grid_raw": "HU 3866 4442",
    "uri": "http://data.ogham.link/crm/findspot_S_SHE_010"
   }
  },
  {
   "type": "Feature",
   "id": "S-SHE-011",
   "geometry": {
    "type": "Point",
    "coordinates": [
     -1.323333,
     59.973333
    ]
   },
   "properties": {
    "file": "S-SHE-011.xml",
    "stone_key": "S-SHE-011",
    "ogham_id": "S-SHE-011",
    "title": "Bigton",
    "repository": "Shetland Museum",
    "origplace_text": "Dunrossness, Shetland, Scotland 59.973333, -1.323333 National Grid Reference: HU 37881 21142",
    "pn_townland": "Dunrossness",
    "pn_county": "Shetland",
    "pn_country": "Scotland",
    "geo_raw": "59.973333, -1.323333",
    "geo_status": "asserted",
    "grid_raw": "HU 37881 21142",
    "uri": "http://data.ogham.link/crm/findspot_S_SHE_011"
   }
  },
  {
   "type": "Feature",
   "id": "S-SUT-001",
   "geometry": {
    "type": "Point",
    "coordinates": [
     -3.968056,
     57.975833
    ]
   },
   "properties": {
    "file": "S-SUT-001.xml",
    "stone_key": "S-SUT-001",
    "ogham_id": "S-SUT-001",
    "title": "Golspie",
    "cisp": "GOLPI/1",
    "repository": "Dunrobin Castle Museum",
    "origplace_text": "Golspie, Sutherland, Scotland 57.975833, -3.968056 National Grid Reference: NC 8370 0020",
    "pn_parish": "Golspie",
    "pn_county": "Sutherland",
    "pn_country": "Scotland",
    "geo_raw": "57.975833, -3.968056",
    "geo_status": "asserted",
    "grid_raw": "NC 8370 0020",
    "uri": "http://data.ogham.link/crm/findspot_S_SUT_001"
   }
  },
  {
   "type": "Feature",
   "id": "S-SUT-002",
   "geometry": {
    "type": "Point",
    "coordinates": [
     -3.369167,
     58.279722
    ]
   },
   "properties": {
    "file": "S-SUT-002.xml",
    "stone_key": "S-SUT-002",
    "ogham_id": "S-SUT-002",
    "title": "Latheron",
    "cisp": "LARON/1",
    "repository": "National Museums of Scotland",
    "origplace_text": "Latheron, Sutherland, Scotland 58.279722, -3.369167 National Grid Reference: ND 1981 3315",
    "pn_parish": "Latheron",
    "pn_county": "Sutherland",
    "pn_country": "Scotland",
    "geo_raw": "58.279722, -3.369167",
    "geo_status": "asserted",
    "grid_raw": "ND 1981 3315",
    "uri": "http://data.ogham.link/crm/findspot_S_SUT_002"
   }
  },
  {
   "type": "Feature",
   "id": "W-AGY-001",
   "geometry": {
    "type": "Point",
    "coordinates": [
     -4.497758,
     53.221267
    ]
   },
   "properties": {
    "file": "W-AGY-001.xml",
    "stone_key": "W-AGY-001",
    "ogham_id": "W-AGY-001",
    "title": "Llanfaelog",
    "cisp": "LFAEL/1",
    "cisp_url": "https://www.ucl.ac.uk/archaeology/cisp/database/stone/lfael_1.html",
    "origplace_text": "Llanfaelog, Anglesey (Ynys Môn), Wales 53.221267, -4.497758 National Grid Reference: SH 3334 7227",
    "pn_parish": "Llanfaelog",
    "pn_county": "Anglesey",
    "pn_country": "Wales",
    "pn_vernacular": "Ynys Môn (cy)",
    "geo_raw": "53.221267, -4.497758",
    "geo_status": "asserted",
    "grid_raw": "SH 3334 7227",
    "uri": "http://data.ogham.link/crm/findspot_W_AGY_001"
   }
  },
  {
   "type": "Feature",
   "id": "W-BRE-001",
   "geometry": {
    "type": "Point",
    "coordinates": [
     -3.346017,
     51.809722
    ]
   },
   "properties": {
    "file": "W-BRE-001.xml",
    "stone_key": "W-BRE-001",
    "ogham_id": "W-BRE-001",
    "title": "Llanddeti",
    "ciic": "336",
    "cisp": "PONTS/1",
    "cisp_url": "https://www.ucl.ac.uk/archaeology/cisp/database/stone/crckh_1.html",
    "tm": "172420",
    "origplace_text": "Llanddeti (Llanddetty), Brecknockshire (Brycheiniog), Wales 51.809722, -3.346017 National Grid Reference: SO 073 132",
    "pn_parish": "Llanddeti",
    "pn_county": "Brecknockshire",
    "pn_country": "Wales",
    "pn_vernacular": "Llanddetty (cy) | Brycheiniog (cy)",
    "geo_raw": "51.809722, -3.346017",
    "geo_status": "asserted",
    "grid_raw": "SO 073 132",
    "gazetteer_uris": "https://historicplacenames.rcahmw.gov.uk/placenames/recordedname/ff45ec70-3997-4418-94b8-eab1be934f74 | https://historicplacenames.rcahmw.gov.uk/placenames/recordedname/6d25abb9-918e-4aca-98ce-9c921395aec5",
    "uri": "http://data.ogham.link/crm/findspot_W_BRE_001"
   }
  },
  {
   "type": "Feature",
   "id": "W-BRE-002",
   "geometry": {
    "type": "Point",
    "coordinates": [
     -3.63355,
     51.898694
    ]
   },
   "properties": {
    "file": "W-BRE-002.xml",
    "stone_key": "W-BRE-002",
    "ogham_id": "W-BRE-002",
    "title": "Crai | Llywel",
    "ciic": "329",
    "cisp": "CRAI/1",
    "cisp_url": "https://www.ucl.ac.uk/archaeology/cisp/database/site/crai.html",
    "tm": "172364",
    "origplace_text": "Llywel, Brecknockshire (Brycheiniog), Wales 51.898694, -3.633550 National Grid Reference: ?SN 877 235 approximate",
    "pn_county": "Brecknockshire",
    "pn_country": "Wales",
    "pn_vernacular": "Brycheiniog (cy)",
    "geo_raw": "51.898694, -3.633550",
    "geo_status": "asserted",
    "grid_raw": "?SN 877 235 approximate",
    "gazetteer_uris": "https://historicplacenames.rcahmw.gov.uk/placenames/recordedname/0ead4636-55e5-4003-9e90-bf1eb4b46549 | https://historicplacenames.rcahmw.gov.uk/placenames/recordedname/6d25abb9-918e-4aca-98ce-9c921395aec5",
    "uri": "http://data.ogham.link/crm/findspot_W_BRE_002"
   }
  },
  {
   "type": "Feature",
   "id": "W-BRE-003",
   "geometry": {
    "type": "Point",
    "coordinates": [
     -3.553209,
     51.809528
    ]
   },
   "properties": {
    "file": "W-BRE-003.xml",
    "stone_key": "W-BRE-003",
    "ogham_id": "W-BRE-003",
    "title": "Ystradfellte",
    "ciic": "345",
    "cisp": "YFLL2/1",
    "cisp_url": "https://www.ucl.ac.uk/archaeology/cisp/database/stone/yfll2_1.html",
    "tm": "168540",
    "repository": "Cyfarthfa Museum",
    "origplace_text": "Ystradfellte, Brecknockshire (Brycheiniog), Wales 51.809528, -3.553209 Approximate location only",
    "pn_county": "Brecknockshire",
    "pn_country": "Wales",
    "pn_vernacular": "Brycheiniog (cy)",
    "geo_raw": "51.809528, -3.553209",
    "geo_cert": "low",
    "geo_status": "qualified",
    "gazetteer_uris": "https://historicplacenames.rcahmw.gov.uk/placenames/recordedname/91839515-f596-49c4-9687-644651f5b094 | https://historicplacenames.rcahmw.gov.uk/placenames/recordedname/6d25abb9-918e-4aca-98ce-9c921395aec5",
    "uri": "http://data.ogham.link/crm/findspot_W_BRE_003"
   }
  },
  {
   "type": "Feature",
   "id": "W-BRE-004",
   "geometry": {
    "type": "Point",
    "coordinates": [
     -3.126958,
     51.866872
    ]
   },
   "properties": {
    "file": "W-BRE-004.xml",
    "stone_key": "W-BRE-004",
    "ogham_id": "W-BRE-004",
    "title": "Crickhowell",
    "ciic": "327",
    "cisp": "CRCKH/1",
    "cisp_url": "https://www.ucl.ac.uk/archaeology/cisp/database/stone/crckh_1.html",
    "tm": "172260",
    "repository": "Brecknock Museum",
    "origplace_text": "Crickhowell, Brecknockshire (Brycheiniog), Wales 51.866872, -3.126958 National Grid Reference: SO 225 193",
    "pn_parish": "Crickhowell",
    "pn_county": "Brecknockshire",
    "pn_country": "Wales",
    "pn_vernacular": "Brycheiniog (cy)",
    "geo_raw": "51.866872, -3.126958",
    "geo_status": "asserted",
    "grid_raw": "SO 225 193",
    "gazetteer_uris": "https://historicplacenames.rcahmw.gov.uk/placenames/recordedname/6d25abb9-918e-4aca-98ce-9c921395aec5",
    "uri": "http://data.ogham.link/crm/findspot_W_BRE_004"
   }
  },
  {
   "type": "Feature",
   "id": "W-BRE-005",
   "geometry": {
    "type": "Point",
    "coordinates": [
     -3.505871,
     51.955282
    ]
   },
   "properties": {
    "file": "W-BRE-005.xml",
    "stone_key": "W-BRE-005",
    "ogham_id": "W-BRE-005",
    "title": "Trallwng",
    "ciic": "342",
    "cisp": "TRLLW/1",
    "cisp_url": "https://www.ucl.ac.uk/archaeology/cisp/database/stone/trllw_1.html",
    "tm": "168536",
    "origplace_text": "Trallwng, Brecknockshire (Brycheiniog), Wales 51.955282, -3.505871 National Grid Reference: SN 96 29",
    "pn_county": "Brecknockshire",
    "pn_country": "Wales",
    "pn_vernacular": "Brycheiniog (cy)",
    "geo_raw": "51.955282, -3.505871",
    "geo_status": "asserted",
    "grid_raw": "SN 96 29",
    "gazetteer_uris": "https://historicplacenames.rcahmw.gov.uk/placenames/recordedname/c8fd5c9e-35b2-4a4f-bda9-c78eb1bd467d | https://historicplacenames.rcahmw.gov.uk/placenames/recordedname/6d25abb9-918e-4aca-98ce-9c921395aec5",
    "uri": "http://data.ogham.link/crm/findspot_W_BRE_005"
   }
  },
  {
   "type": "Feature",
   "id": "W-BRE-006",
   "geometry": {
    "type": "Point",
    "coordinates": [
     -3.625936,
     51.925325
    ]
   },
   "properties": {
    "file": "W-BRE-006.xml",
    "stone_key": "W-BRE-006",
    "ogham_id": "W-BRE-006",
    "title": "Pentre Poeth | Llywel",
    "ciic": "341",
    "cisp": "TCSTL/1",
    "cisp_url": "https://www.ucl.ac.uk/archaeology/cisp/database/stone/tcstl_1.html",
    "tm": "172362",
    "repository": "British Museum",
    "origplace_text": "Llywel, Brecknockshire (Brycheiniog), Wales 51.925325, -3.625936 National Grid Reference: SN 8829 2645",
    "pn_county": "Brecknockshire",
    "pn_country": "Wales",
    "pn_vernacular": "Brycheiniog (cy)",
    "geo_raw": "51.925325, -3.625936",
    "geo_status": "asserted",
    "grid_raw": "SN 8829 2645",
    "gazetteer_uris": "https://historicplacenames.rcahmw.gov.uk/placenames/recordedname/0ead4636-55e5-4003-9e90-bf1eb4b46549 | https://historicplacenames.rcahmw.gov.uk/placenames/recordedname/6d25abb9-918e-4aca-98ce-9c921395aec5",
    "uri": "http://data.ogham.link/crm/findspot_W_BRE_006"
   }
  },
  {
   "type": "Feature",
   "id": "W-BRE-007",
   "geometry": {
    "type": "Point",
    "coordinates": [
     -3.565192,
     51.939186
    ]
   },
   "properties": {
    "file": "W-BRE-007.xml",
    "stone_key": "W-BRE-007",
    "ogham_id": "W-BRE-007",
    "title": "Defynnog",
    "ciic": "328",
    "cisp": "DFYNG/1",
    "cisp_url": "https://www.ucl.ac.uk/archaeology/cisp/database/stone/dfyng_1.html",
    "tm": "172263",
    "origplace_text": "Defynnog, Brecknockshire (Brycheiniog), Wales 51.939186, -3.565192 National Grid Reference: SN 925 279",
    "pn_county": "Brecknockshire",
    "pn_country": "Wales",
    "pn_vernacular": "Brycheiniog (cy)",
    "geo_raw": "51.939186, -3.565192",
    "geo_status": "asserted",
    "grid_raw": "SN 925 279",
    "gazetteer_uris": "https://historicplacenames.rcahmw.gov.uk/placenames/recordedname/6d25abb9-918e-4aca-98ce-9c921395aec5",
    "uri": "http://data.ogham.link/crm/findspot_W_BRE_007"
   }
  },
  {
   "type": "Feature",
   "id": "W-BRE-008",
   "geometry": {
    "type": "Point",
    "coordinates": [
     -3.661125,
     51.936972
    ]
   },
   "properties": {
    "file": "W-BRE-008.xml",
    "stone_key": "W-BRE-008",
    "ogham_id": "W-BRE-008",
    "title": "Aberhydfer | Llywel",
    "cisp": "ABHYD/1",
    "cisp_url": "https://www.ucl.ac.uk/archaeology/cisp/database/stone/abhyd_1.html",
    "origplace_text": "Llywel, Brecknockshire (Brycheiniog), Wales 51.936972, -3.661125 National Grid Reference: SN 859 278",
    "pn_county": "Brecknockshire",
    "pn_country": "Wales",
    "pn_vernacular": "Brycheiniog (cy)",
    "geo_raw": "51.936972, -3.661125",
    "geo_status": "asserted",
    "grid_raw": "SN 859 278",
    "gazetteer_uris": "https://historicplacenames.rcahmw.gov.uk/placenames/recordedname/0ead4636-55e5-4003-9e90-bf1eb4b46549 | https://historicplacenames.rcahmw.gov.uk/placenames/recordedname/6d25abb9-918e-4aca-98ce-9c921395aec5",
    "uri": "http://data.ogham.link/crm/findspot_W_BRE_008"
   }
  },
  {
   "type": "Feature",
   "id": "W-BRE-X01",
   "geometry": {
    "type": "Point",
    "coordinates": [
     -3.236375,
     51.884656
    ]
   },
   "properties": {
    "file": "W-BRE-X01.xml",
    "stone_key": "W-BRE-X01",
    "ogham_id": "W-BRE-X01",
    "title": "Bwlch",
    "ciic": "338",
    "cisp": "-",
    "origplace_text": "Bwlch, Brecknockshire (Brycheiniog), Wales 51.884656, -3.236375",
    "pn_parish": "Bwlch",
    "pn_county": "Brecknockshire",
    "pn_country": "Wales",
    "pn_vernacular": "Brycheiniog (cy)",
    "geo_raw": "51.884656, -3.236375",
    "geo_status": "asserted",
    "gazetteer_uris": "https://historicplacenames.rcahmw.gov.uk/placenames/recordedname/6d25abb9-918e-4aca-98ce-9c921395aec5",
    "uri": "http://data.ogham.link/crm/findspot_W_BRE_X01"
   }
  },
  {
   "type": "Feature",
   "id": "W-BRE-X02",
   "geometry": {
    "type": "Point",
    "coordinates": [
     -3.563928,
     51.860975
    ]
   },
   "properties": {
    "file": "W-BRE-X02.xml",
    "stone_key": "W-BRE-X02",
    "ogham_id": "W-BRE-X02",
    "title": "Ystradfellte",
    "ciic": "343",
    "cisp": "-",
    "origplace_text": "Ystradfellte, Brecknockshire (Brycheiniog), Wales 51.860975, -3.563928",
    "pn_parish": "Ystradfellte",
    "pn_county": "Brecknockshire",
    "pn_country": "Wales",
    "pn_vernacular": "Brycheiniog (cy)",
    "geo_raw": "51.860975, -3.563928",
    "geo_status": "asserted",
    "gazetteer_uris": "https://historicplacenames.rcahmw.gov.uk/placenames/recordedname/6d25abb9-918e-4aca-98ce-9c921395aec5",
    "uri": "http://data.ogham.link/crm/findspot_W_BRE_X02"
   }
  },
  {
   "type": "Feature",
   "id": "W-BRE-X03",
   "geometry": {
    "type": "Point",
    "coordinates": [
     -3.204539,
     51.889481
    ]
   },
   "properties": {
    "file": "W-BRE-X03.xml",
    "stone_key": "W-BRE-X03",
    "ogham_id": "W-BRE-X03",
    "title": "Llanfihangel Cwm Du",
    "ciic": "334",
    "cisp": "LFIC1/1",
    "cisp_url": "https://www.ucl.ac.uk/archaeology/cisp/database/stone/lfic1_1.html",
    "tm": "168523",
    "origplace_text": "Llanfihangel Cwm Du, Brecknockshire (Brycheiniog), Wales 51.889481, -3.204539",
    "pn_parish": "Llanfihangel Cwm Du",
    "pn_county": "Brecknockshire",
    "pn_country": "Wales",
    "pn_vernacular": "Brycheiniog (cy)",
    "geo_raw": "51.889481, -3.204539",
    "geo_status": "asserted",
    "gazetteer_uris": "https://historicplacenames.rcahmw.gov.uk/placenames/recordedname/6d25abb9-918e-4aca-98ce-9c921395aec5",
    "uri": "http://data.ogham.link/crm/findspot_W_BRE_X03"
   }
  },
  {
   "type": "Feature",
   "id": "W-CAE-001",
   "geometry": {
    "type": "Point",
    "coordinates": [
     -4.261431,
     52.983411
    ]
   },
   "properties": {
    "file": "W-CAE-001.xml",
    "stone_key": "W-CAE-001",
    "ogham_id": "W-CAE-001",
    "title": "Dolbenmaen 2",
    "ciic": "380",
    "cisp": "BRYNK/1",
    "cisp_url": "https://www.ucl.ac.uk/archaeology/cisp/database/stone/brynk_1.html",
    "tm": "172332",
    "origplace_text": "Dolbenmaen, Caithness, Wales 52.983411, -4.261431 National Grid Reference: SH 4828 4529",
    "pn_parish": "Dolbenmaen",
    "pn_county": "Caithness",
    "pn_country": "Wales",
    "geo_raw": "52.983411, -4.261431",
    "geo_status": "asserted",
    "grid_raw": "SH 4828 4529",
    "uri": "http://data.ogham.link/crm/findspot_W_CAE_001"
   }
  },
  {
   "type": "Feature",
   "id": "W-CAE-X01",
   "geometry": {
    "type": "Point",
    "coordinates": [
     -4.181561,
     52.918011
    ]
   },
   "properties": {
    "file": "W-CAE-X01.xml",
    "stone_key": "W-CAE-X01",
    "ogham_id": "W-CAE-X01",
    "title": "Treflys",
    "ciic": "398",
    "cisp": "TFLYS/1",
    "cisp_url": "https://www.ucl.ac.uk/archaeology/cisp/database/stone/tflys_1.html",
    "tm": "172404",
    "origplace_text": "Treflys, Caithness, Wales 52.918011, -4.181561 National Grid Reference: SH 5342 3785",
    "pn_parish": "Treflys",
    "pn_county": "Caithness",
    "pn_country": "Wales",
    "geo_raw": "52.918011, -4.181561",
    "geo_status": "asserted",
    "grid_raw": "SH 5342 3785",
    "uri": "http://data.ogham.link/crm/findspot_W_CAE_X01"
   }
  },
  {
   "type": "Feature",
   "id": "W-CGN-001",
   "geometry": {
    "type": "Point",
    "coordinates": [
     -4.209772,
     52.059325
    ]
   },
   "properties": {
    "file": "W-CGN-001.xml",
    "stone_key": "W-CGN-001",
    "ogham_id": "W-CGN-001",
    "title": "Llanwenog",
    "ciic": "353",
    "cisp": "RHDDL/1",
    "cisp_url": "https://www.ucl.ac.uk/archaeology/cisp/database/stone/rhddl_1.html",
    "tm": "168603",
    "repository": "National Museum Wales",
    "origplace_text": "Llanwenog, Cardiganshire (Ceredigion), Wales 52.059325, -4.209772 National Grid Reference: SN 4860 4241",
    "pn_county": "Cardiganshire",
    "pn_country": "Wales",
    "pn_vernacular": "Ceredigion (cy)",
    "geo_raw": "52.059325, -4.209772",
    "geo_status": "asserted",
    "grid_raw": "SN 4860 4241",
    "gazetteer_uris": "https://historicplacenames.rcahmw.gov.uk/placenames/recordedname/987b0ae0-a75c-4ecc-9142-f6ef8cfe6d06 | https://historicplacenames.rcahmw.gov.uk/placenames/recordedname/0252a52c-5493-4800-8ba3-5f020d3907b9?v=Ceredigion",
    "uri": "http://data.ogham.link/crm/findspot_W_CGN_001"
   }
  },
  {
   "type": "Feature",
   "id": "W-CGN-X01",
   "geometry": {
    "type": "Point",
    "coordinates": [
     -4.306581,
     52.041192
    ]
   },
   "properties": {
    "file": "W-CGN-X01.xml",
    "stone_key": "W-CGN-X01",
    "ogham_id": "W-CGN-X01",
    "title": "Llandysul",
    "ciic": "349",
    "cisp": "LDYSL/1",
    "cisp_url": "https://www.ucl.ac.uk/archaeology/cisp/database/stone/ldysl_1.html",
    "tm": "168601",
    "origplace_text": "Llandysul, Cardiganshire (Ceredigion), Wales 52.041192, -4.306581 National Grid Reference: SN 419 406",
    "pn_county": "Cardiganshire",
    "pn_country": "Wales",
    "pn_vernacular": "Ceredigion (cy)",
    "geo_raw": "52.041192, -4.306581",
    "geo_status": "asserted",
    "grid_raw": "SN 419 406",
    "gazetteer_uris": "https://historicplacenames.rcahmw.gov.uk/placenames/recordedname/1b2b0f27-b4bb-42e8-bcc2-dcb791111d4d | https://historicplacenames.rcahmw.gov.uk/placenames/recordedname/0252a52c-5493-4800-8ba3-5f020d3907b9?v=Ceredigion",
    "uri": "http://data.ogham.link/crm/findspot_W_CGN_X01"
   }
  },
  {
   "type": "Feature",
   "id": "W-CMN-001",
   "geometry": {
    "type": "Point",
    "coordinates": [
     -4.328672,
     52.017378
    ]
   },
   "properties": {
    "file": "W-CMN-001.xml",
    "stone_key": "W-CMN-001",
    "ogham_id": "W-CMN-001",
    "title": "Llangeler",
    "ciic": "372",
    "cisp": "LGELR/1",
    "cisp_url": "https://www.ucl.ac.uk/archaeology/cisp/database/stone/lgelr_1.html",
    "tm": "172316",
    "origplace_text": "Llangeler, Carmarthenshire, Wales 52.017378, -4.328672 National Grid Reference: SN 403 380",
    "pn_county": "Carmarthenshire",
    "pn_country": "Wales",
    "geo_raw": "52.017378, -4.328672",
    "geo_status": "asserted",
    "grid_raw": "SN 403 380",
    "gazetteer_uris": "https://historicplacenames.rcahmw.gov.uk/placenames/recordedname/71662acc-06aa-4396-8261-f59aab07909e",
    "uri": "http://data.ogham.link/crm/findspot_W_CMN_001"
   }
  },
  {
   "type": "Feature",
   "id": "W-CMN-002",
   "geometry": {
    "type": "Point",
    "coordinates": [
     -4.52955,
     51.909456
    ]
   },
   "properties": {
    "file": "W-CMN-002.xml",
    "stone_key": "W-CMN-002",
    "ogham_id": "W-CMN-002",
    "title": "Llanwinio",
    "ciic": "378",
    "cisp": "LWNIO/1",
    "cisp_url": "https://www.ucl.ac.uk/archaeology/cisp/database/stone/lwnio_1.html",
    "tm": "168578",
    "repository": "Carmarthen Museum, Abergwili",
    "origplace_text": "Llanwinio, Carmarthenshire, Wales 51.909456, -4.529550 National Grid Reference: SN 2610 2646",
    "pn_county": "Carmarthenshire",
    "pn_country": "Wales",
    "geo_raw": "51.909456, -4.529550",
    "geo_status": "asserted",
    "grid_raw": "SN 2610 2646",
    "gazetteer_uris": "https://historicplacenames.rcahmw.gov.uk/placenames/recordedname/6192f338-6461-450a-a45c-02bb13967c42",
    "uri": "http://data.ogham.link/crm/findspot_W_CMN_002"
   }
  },
  {
   "type": "Feature",
   "id": "W-CMN-003",
   "geometry": {
    "type": "Point",
    "coordinates": [
     -4.490461,
     51.773147
    ]
   },
   "properties": {
    "file": "W-CMN-003.xml",
    "stone_key": "W-CMN-003",
    "ogham_id": "W-CMN-003",
    "title": "Llandawke",
    "ciic": "368",
    "cisp": "LDWKE/1",
    "cisp_url": "https://www.ucl.ac.uk/archaeology/cisp/database/stone/ldwke_1.html",
    "tm": "172302",
    "origplace_text": "Llandawke, Carmarthenshire, Wales 51.773147, -4.490461 National Grid Reference: SN 2827 1121",
    "pn_county": "Carmarthenshire",
    "pn_country": "Wales",
    "geo_raw": "51.773147, -4.490461",
    "geo_status": "asserted",
    "grid_raw": "SN 2827 1121",
    "gazetteer_uris": "https://historicplacenames.rcahmw.gov.uk/placenames/recordedname/f29e8abd-0eec-4498-8a49-a0bc8707b220",
    "uri": "http://data.ogham.link/crm/findspot_W_CMN_003"
   }
  },
  {
   "type": "Feature",
   "id": "W-CMN-004",
   "geometry": {
    "type": "Point",
    "coordinates": [
     -4.565031,
     51.766506
    ]
   },
   "properties": {
    "file": "W-CMN-004.xml",
    "stone_key": "W-CMN-004",
    "ogham_id": "W-CMN-004",
    "title": "Eglwys Gymyn",
    "ciic": "362",
    "cisp": "EGLWC/1",
    "cisp_url": "https://www.ucl.ac.uk/archaeology/cisp/database/stone/eglwc_1.html",
    "tm": "172269",
    "origplace_text": "Eglwys Gymyn, Carmarthenshire, Wales 51.766506, -4.565031 National Grid Reference: SN 2310 1065",
    "pn_county": "Carmarthenshire",
    "pn_country": "Wales",
    "geo_raw": "51.766506, -4.565031",
    "geo_status": "asserted",
    "grid_raw": "SN 2310 1065",
    "gazetteer_uris": "https://historicplacenames.rcahmw.gov.uk/placenames/recordedname/e76a8444-d2f6-44bc-9308-e80ecfcdd300",
    "uri": "http://data.ogham.link/crm/findspot_W_CMN_004"
   }
  },
  {
   "type": "Feature",
   "id": "W-CMN-005",
   "geometry": {
    "type": "Point",
    "coordinates": [
     -4.695,
     51.831406
    ]
   },
   "properties": {
    "file": "W-CMN-005.xml",
    "stone_key": "W-CMN-005",
    "ogham_id": "W-CMN-005",
    "title": "Castell Dwyran",
    "ciic": "358",
    "cisp": "CDWYR/1",
    "cisp_url": "https://www.ucl.ac.uk/archaeology/cisp/database/stone/cdwyr_1.html",
    "tm": "172256",
    "repository": "Carmarthen Museum, Abergwili",
    "origplace_text": "Castell Dwyran, Carmarthenshire, Wales 51.831406, -4.695000 National Grid Reference: SN 1440 1819",
    "pn_county": "Carmarthenshire",
    "pn_country": "Wales",
    "geo_raw": "51.831406, -4.695000",
    "geo_status": "asserted",
    "grid_raw": "SN 1440 1819",
    "gazetteer_uris": "https://historicplacenames.rcahmw.gov.uk/placenames/recordedname/1919c09b-b994-4833-b2f9-47ac9fa5ae6c",
    "uri": "http://data.ogham.link/crm/findspot_W_CMN_005"
   }
  },
  {
   "type": "Feature",
   "id": "W-CMN-X01",
   "geometry": {
    "type": "Point",
    "coordinates": [
     -4.650858,
     51.845989
    ]
   },
   "properties": {
    "file": "W-CMN-X01.xml",
    "stone_key": "W-CMN-X01",
    "ogham_id": "W-CMN-X01",
    "title": "Henllan Amgoed",
    "ciic": "364",
    "cisp": "HENLL/1",
    "cisp_url": "https://www.ucl.ac.uk/archaeology/cisp/database/stone/henll_1.html",
    "tm": "172356",
    "origplace_text": "Henllan Amgoed, Carmarthenshire, Wales 51.845989, -4.650858 National Grid Reference: SN 175 197",
    "pn_county": "Carmarthenshire",
    "pn_country": "Wales",
    "geo_raw": "51.845989, -4.650858",
    "geo_status": "asserted",
    "grid_raw": "SN 175 197",
    "gazetteer_uris": "https://historicplacenames.rcahmw.gov.uk/placenames/recordedname/d2fd482d-5804-4570-b658-748ca28e1b06",
    "uri": "http://data.ogham.link/crm/findspot_W_CMN_X01"
   }
  },
  {
   "type": "Feature",
   "id": "W-CMN-X02",
   "geometry": {
    "type": "Point",
    "coordinates": [
     -4.341428,
     51.747706
    ]
   },
   "properties": {
    "file": "W-CMN-X02.xml",
    "stone_key": "W-CMN-X02",
    "ogham_id": "W-CMN-X02",
    "title": "St Ishmaels",
    "ciic": "376",
    "cisp": "SISHM/1",
    "cisp_url": "https://www.ucl.ac.uk/archaeology/cisp/database/stone/sishm_1.html",
    "tm": "172326",
    "repository": "Llansaint Chapel (All Saints' Church)",
    "origplace_text": "St Ishamels, Carmarthenshire, Wales 51.747706, -4.341428 National Grid Reference: SN 3846 0804",
    "pn_parish": "St Ishamels",
    "pn_county": "Carmarthenshire",
    "pn_country": "Wales",
    "geo_raw": "51.747706, -4.341428",
    "geo_status": "asserted",
    "grid_raw": "SN 3846 0804",
    "uri": "http://data.ogham.link/crm/findspot_W_CMN_X02"
   }
  },
  {
   "type": "Feature",
   "id": "W-DEN-001",
   "geometry": {
    "type": "Point",
    "coordinates": [
     -3.415525,
     53.067967
    ]
   },
   "properties": {
    "file": "W-DEN-001.xml",
    "stone_key": "W-DEN-001",
    "ogham_id": "W-DEN-001",
    "title": "Clocaenog",
    "ciic": "399",
    "cisp": "CLOCG/1",
    "cisp_url": "https://www.ucl.ac.uk/archaeology/cisp/database/stone/clocg_1.html",
    "tm": "172239",
    "repository": "National Museum Wales",
    "origplace_text": "Clocaenog, Denbighshire, Wales 53.067967, -3.415525 National Grid Reference: SJ 0525 5324",
    "pn_county": "Denbighshire",
    "pn_country": "Wales",
    "geo_raw": "53.067967, -3.415525",
    "geo_status": "asserted",
    "grid_raw": "SJ 0525 5324",
    "gazetteer_uris": "https://historicplacenames.rcahmw.gov.uk/placenames/recordedname/6903fb0c-b7c1-41bd-99ec-353670017de2",
    "uri": "http://data.ogham.link/crm/findspot_W_DEN_001"
   }
  },
  {
   "type": "Feature",
   "id": "W-DEN-X01",
   "geometry": {
    "type": "Point",
    "coordinates": [
     -3.703458,
     53.045853
    ]
   },
   "properties": {
    "file": "W-DEN-X01.xml",
    "stone_key": "W-DEN-X01",
    "ogham_id": "W-DEN-X01",
    "title": "Pentrefoelas",
    "ciic": "401",
    "cisp": "PTREF/1",
    "cisp_url": "https://www.ucl.ac.uk/archaeology/cisp/database/stone/ptref_1.html",
    "tm": "172363",
    "origplace_text": "Pentrefoelas, Denbighshire, Wales 53.045853, -3.703458 National Grid Reference: SH 859 512",
    "pn_county": "Denbighshire",
    "pn_country": "Wales",
    "geo_raw": "53.045853, -3.703458",
    "geo_status": "asserted",
    "grid_raw": "SH 859 512",
    "gazetteer_uris": "https://historicplacenames.rcahmw.gov.uk/placenames/recordedname/fb2e9f22-fcd7-4258-9e82-e3c7cee370d3",
    "uri": "http://data.ogham.link/crm/findspot_W_DEN_X01"
   }
  },
  {
   "type": "Feature",
   "id": "W-GLA-001",
   "geometry": {
    "type": "Point",
    "coordinates": [
     -3.727606,
     51.545939
    ]
   },
   "properties": {
    "file": "W-GLA-001.xml",
    "stone_key": "W-GLA-001",
    "ogham_id": "W-GLA-001",
    "title": "Egylwys Nynnid | Margam",
    "ciic": "409",
    "cisp": "KENFG/1",
    "cisp_url": "https://www.ucl.ac.uk/archaeology/cisp/database/stone/kenfg_1.html",
    "tm": "168558",
    "repository": "Margam Stones Museum",
    "origplace_text": "Margam, Glamorgan, Wales 51.545939, -3.727606 National Grid Reference: SS 8030 8442",
    "pn_county": "Glamorgan",
    "pn_country": "Wales",
    "geo_raw": "51.545939, -3.727606",
    "geo_status": "asserted",
    "grid_raw": "SS 8030 8442",
    "gazetteer_uris": "https://historicplacenames.rcahmw.gov.uk/placenames/recordedname/93692a56-6a9d-4aee-bd2a-90d3514ded78",
    "uri": "http://data.ogham.link/crm/findspot_W_GLA_001"
   }
  },
  {
   "type": "Feature",
   "id": "W-GLA-002",
   "geometry": {
    "type": "Point",
    "coordinates": [
     -4.06135,
     51.664108
    ]
   },
   "properties": {
    "file": "W-GLA-002.xml",
    "stone_key": "W-GLA-002",
    "ogham_id": "W-GLA-002",
    "title": "Loughor",
    "ciic": "405",
    "cisp": "LOUGH/1",
    "cisp_url": "https://www.ucl.ac.uk/archaeology/cisp/database/stone/lough_1.html",
    "tm": "168570",
    "repository": "Swansea Museum",
    "origplace_text": "Loughor, Glamorgan, Wales 51.664108, -4.061350 National Grid Reference: SS 5753 9816",
    "pn_county": "Glamorgan",
    "pn_country": "Wales",
    "geo_raw": "51.664108, -4.061350",
    "geo_status": "asserted",
    "grid_raw": "SS 5753 9816",
    "gazetteer_uris": "https://historicplacenames.rcahmw.gov.uk/placenames/recordedname/906f430b-33cf-4712-b3a8-8a1ee8693ea3",
    "uri": "http://data.ogham.link/crm/findspot_W_GLA_002"
   }
  },
  {
   "type": "Feature",
   "id": "W-GLA-X01",
   "geometry": {
    "type": "Point",
    "coordinates": [
     -3.249856,
     51.715653
    ]
   },
   "properties": {
    "file": "W-GLA-X01.xml",
    "stone_key": "W-GLA-X01",
    "ogham_id": "W-GLA-X01",
    "title": "Gelli-Gaer",
    "ciic": "404",
    "cisp": "TIRPH/1",
    "cisp_url": "https://www.ucl.ac.uk/archaeology/cisp/database/stone/tirph_1.html",
    "tm": "168547",
    "repository": "National Museum Cardiff",
    "origplace_text": "Gelli-Gaer, Glamorgan, Wales 51.715653, -3.249856 National Grid Reference: SO 1375 0262",
    "pn_county": "Glamorgan",
    "pn_country": "Wales",
    "geo_raw": "51.715653, -3.249856",
    "geo_status": "asserted",
    "grid_raw": "SO 1375 0262",
    "gazetteer_uris": "https://historicplacenames.rcahmw.gov.uk/placenames/recordedname/46d4e9b7-d6d4-4ca8-8e06-b605f61f8d89",
    "uri": "http://data.ogham.link/crm/findspot_W_GLA_X01"
   }
  },
  {
   "type": "Feature",
   "id": "W-GLA-X02",
   "geometry": {
    "type": "Point",
    "coordinates": [
     -3.689275,
     51.585703
    ]
   },
   "properties": {
    "file": "W-GLA-X02.xml",
    "stone_key": "W-GLA-X02",
    "ogham_id": "W-GLA-X02",
    "title": "Margam",
    "ciic": "408",
    "cisp": "MARG1/1",
    "cisp_url": "https://www.ucl.ac.uk/archaeology/cisp/database/stone/marg1_1.html",
    "tm": "168560",
    "repository": "Margam Stones Museum",
    "origplace_text": "Margam, Glamorgan, Wales 51.585703, -3.689275 National Grid Reference: SS 8306 8878",
    "pn_county": "Glamorgan",
    "pn_country": "Wales",
    "geo_raw": "51.585703, -3.689275",
    "geo_status": "asserted",
    "grid_raw": "SS 8306 8878",
    "gazetteer_uris": "https://historicplacenames.rcahmw.gov.uk/placenames/recordedname/93692a56-6a9d-4aee-bd2a-90d3514ded78",
    "uri": "http://data.ogham.link/crm/findspot_W_GLA_X02"
   }
  },
  {
   "type": "Feature",
   "id": "W-PEM-001",
   "geometry": {
    "type": "Point",
    "coordinates": [
     -4.680767,
     52.080031
    ]
   },
   "properties": {
    "file": "W-PEM-001.xml",
    "stone_key": "W-PEM-001",
    "ogham_id": "W-PEM-001",
    "title": "St Dogmaels",
    "ciic": "449",
    "cisp": "SDOGM/1",
    "cisp_url": "https://www.ucl.ac.uk/archaeology/cisp/database/stone/sdogm_1.html",
    "tm": "168595",
    "origplace_text": "St Dogmaels, Pembrokeshire, Wales 52.080031, -4.680767 National Grid Reference: SN 164 458",
    "pn_parish": "St Dogmaels",
    "pn_county": "Pembrokeshire",
    "pn_country": "Wales",
    "geo_raw": "52.080031, -4.680767",
    "geo_status": "asserted",
    "grid_raw": "SN 164 458",
    "uri": "http://data.ogham.link/crm/findspot_W_PEM_001"
   }
  },
  {
   "type": "Feature",
   "id": "W-PEM-002",
   "geometry": {
    "type": "Point",
    "coordinates": [
     -4.548961,
     51.990242
    ]
   },
   "properties": {
    "file": "W-PEM-002.xml",
    "stone_key": "W-PEM-002",
    "ogham_id": "W-PEM-002",
    "title": "Clydai 3",
    "ciic": "431",
    "cisp": "CLYDI/3",
    "cisp_url": "https://www.ucl.ac.uk/archaeology/cisp/database/stone/clydi_3.html",
    "tm": "168598",
    "origplace_text": "Clydau, Pembrokeshire, Wales 51.990242, -4.548961 National Grid Reference: SN 2508 3546",
    "pn_parish": "Clydau",
    "pn_county": "Pembrokeshire",
    "pn_country": "Wales",
    "geo_raw": "51.990242, -4.548961",
    "geo_status": "asserted",
    "grid_raw": "SN 2508 3546",
    "uri": "http://data.ogham.link/crm/findspot_W_PEM_002"
   }
  },
  {
   "type": "Feature",
   "id": "W-PEM-003",
   "geometry": {
    "type": "Point",
    "coordinates": [
     -4.764158,
     51.908222
    ]
   },
   "properties": {
    "file": "W-PEM-003.xml",
    "stone_key": "W-PEM-003",
    "ogham_id": "W-PEM-003",
    "title": "Llandeilo 2",
    "ciic": "433",
    "cisp": "LDEIL/1",
    "cisp_url": "https://www.ucl.ac.uk/archaeology/cisp/database/stone/ldeil_1.html",
    "tm": "172305",
    "origplace_text": "Llandeilo Llwydarth, Pembrokeshire, Wales 51.908222, -4.764158 National Grid Reference: SN 0996 2691",
    "pn_parish": "Llandeilo Llwydarth",
    "pn_county": "Pembrokeshire",
    "pn_country": "Wales",
    "geo_raw": "51.908222, -4.764158",
    "geo_status": "asserted",
    "grid_raw": "SN 0996 2691",
    "uri": "http://data.ogham.link/crm/findspot_W_PEM_003"
   }
  },
  {
   "type": "Feature",
   "id": "W-PEM-004",
   "geometry": {
    "type": "Point",
    "coordinates": [
     -4.640536,
     52.056211
    ]
   },
   "properties": {
    "file": "W-PEM-004.xml",
    "stone_key": "W-PEM-004",
    "ogham_id": "W-PEM-004",
    "title": "Cilgerran",
    "ciic": "428",
    "cisp": "CILGN/1",
    "cisp_url": "https://www.ucl.ac.uk/archaeology/cisp/database/stone/cilgn_1.html",
    "tm": "168526",
    "origplace_text": "Cilgerran, Pembrokeshire, Wales 52.056211, -4.640536 National Grid Reference: SN 1906 4305",
    "pn_county": "Pembrokeshire",
    "pn_country": "Wales",
    "geo_raw": "52.056211, -4.640536",
    "geo_status": "asserted",
    "grid_raw": "SN 1906 4305",
    "gazetteer_uris": "https://historicplacenames.rcahmw.gov.uk/placenames/recordedname/995a8a89-beba-4c5f-9889-7db94ec85a5f",
    "uri": "http://data.ogham.link/crm/findspot_W_PEM_004"
   }
  },
  {
   "type": "Feature",
   "id": "W-PEM-005",
   "geometry": {
    "type": "Point",
    "coordinates": [
     -4.548961,
     51.990242
    ]
   },
   "properties": {
    "file": "W-PEM-005.xml",
    "stone_key": "W-PEM-005",
    "ogham_id": "W-PEM-005",
    "title": "Clydai 2",
    "ciic": "430",
    "cisp": "CLYDI/1",
    "cisp_url": "https://www.ucl.ac.uk/archaeology/cisp/database/stone/clydi_1.html",
    "tm": "168599",
    "origplace_text": "Clydau, Pembrokeshire, Wales 51.990242, -4.548961 National Grid Reference: SN 2508 3549",
    "pn_parish": "Clydau",
    "pn_county": "Pembrokeshire",
    "pn_country": "Wales",
    "geo_raw": "51.990242, -4.548961",
    "geo_status": "asserted",
    "grid_raw": "SN 2508 3549",
    "uri": "http://data.ogham.link/crm/findspot_W_PEM_005"
   }
  },
  {
   "type": "Feature",
   "id": "W-PEM-006",
   "geometry": {
    "type": "Point",
    "coordinates": [
     -4.660403,
     52.046861
    ]
   },
   "properties": {
    "file": "W-PEM-006.xml",
    "stone_key": "W-PEM-006",
    "ogham_id": "W-PEM-006",
    "title": "Bridell",
    "ciic": "426",
    "cisp": "BRIDL/1",
    "cisp_url": "https://www.ucl.ac.uk/archaeology/cisp/database/stone/bridl_1.html",
    "tm": "168596",
    "origplace_text": "Bridell, Pembrokeshire, Wales 52.046861, -4.660403 National Grid Reference: SN 1766 4206",
    "pn_parish": "Bridell",
    "pn_county": "Pembrokeshire",
    "pn_country": "Wales",
    "geo_raw": "52.046861, -4.660403",
    "geo_status": "asserted",
    "grid_raw": "SN 1766 4206",
    "uri": "http://data.ogham.link/crm/findspot_W_PEM_006"
   }
  },
  {
   "type": "Feature",
   "id": "W-PEM-007",
   "geometry": {
    "type": "Point",
    "coordinates": [
     -4.689097,
     51.634675
    ]
   },
   "properties": {
    "file": "W-PEM-007.xml",
    "stone_key": "W-PEM-007",
    "ogham_id": "W-PEM-007",
    "title": "Caldy Island",
    "ciic": "427",
    "cisp": "CALDY/1",
    "cisp_url": "https://www.ucl.ac.uk/archaeology/cisp/database/stone/caldy_1.html",
    "tm": "168583",
    "origplace_text": "Caldy Island, Pembrokeshire, Wales 51.634675, -4.689097 National Grid Reference: SS 140 963",
    "pn_parish": "Caldy Island",
    "pn_county": "Pembrokeshire",
    "pn_country": "Wales",
    "geo_raw": "51.634675, -4.689097",
    "geo_status": "asserted",
    "grid_raw": "SS 140 963",
    "uri": "http://data.ogham.link/crm/findspot_W_PEM_007"
   }
  },
  {
   "type": "Feature",
   "id": "W-PEM-008",
   "geometry": {
    "type": "Point",
    "coordinates": [
     -4.794869,
     52.025669
    ]
   },
   "properties": {
    "file": "W-PEM-008.xml",
    "stone_key": "W-PEM-008",
    "ogham_id": "W-PEM-008",
    "title": "Nevern 2",
    "ciic": "445",
    "cisp": "NEVRN/2",
    "cisp_url": "https://www.ucl.ac.uk/archaeology/cisp/database/stone/nevrn_2.html",
    "tm": "168591",
    "origplace_text": "Nevern, Pembrokeshire, Wales 52.025669, -4.794869 National Grid Reference: SN 0835 4005",
    "pn_parish": "Nevern",
    "pn_county": "Pembrokeshire",
    "pn_country": "Wales",
    "geo_raw": "52.025669, -4.794869",
    "geo_status": "asserted",
    "grid_raw": "SN 0835 4005",
    "uri": "http://data.ogham.link/crm/findspot_W_PEM_008"
   }
  },
  {
   "type": "Feature",
   "id": "W-PEM-009",
   "geometry": {
    "type": "Point",
    "coordinates": [
     -4.959414,
     51.879097
    ]
   },
   "properties": {
    "file": "W-PEM-009.xml",
    "stone_key": "W-PEM-009",
    "ogham_id": "W-PEM-009",
    "title": "St Dogwells",
    "ciic": "450",
    "cisp": "SDOGW/1",
    "cisp_url": "https://www.ucl.ac.uk/archaeology/cisp/database/stone/sdogw_1.html",
    "tm": "172383",
    "origplace_text": "St Dogwells, Pembrokeshire, Wales 51.879097, -4.959414 National Grid Reference: SM 964 242",
    "pn_parish": "St Dogwells",
    "pn_county": "Pembrokeshire",
    "pn_country": "Wales",
    "geo_raw": "51.879097, -4.959414",
    "geo_status": "asserted",
    "grid_raw": "SM 964 242",
    "uri": "http://data.ogham.link/crm/findspot_W_PEM_009"
   }
  },
  {
   "type": "Feature",
   "id": "W-PEM-010",
   "geometry": {
    "type": "Point",
    "coordinates": [
     -5.016294,
     51.73015
    ]
   },
   "properties": {
    "file": "W-PEM-010.xml",
    "stone_key": "W-PEM-010",
    "ogham_id": "W-PEM-010",
    "title": "Steynton",
    "ciic": "456",
    "cisp": "STNTN/1",
    "cisp_url": "https://www.ucl.ac.uk/archaeology/cisp/database/stone/stntn_1.html",
    "tm": "172395",
    "origplace_text": "Steynton, Pembrokeshire, Wales 51.730150, -5.016294 National Grid Reference: SM 9180 0780",
    "pn_parish": "Steynton",
    "pn_county": "Pembrokeshire",
    "pn_country": "Wales",
    "geo_raw": "51.730150, -5.016294",
    "geo_status": "asserted",
    "grid_raw": "SM 9180 0780",
    "uri": "http://data.ogham.link/crm/findspot_W_PEM_010"
   }
  },
  {
   "type": "Feature",
   "id": "W-PEM-011",
   "geometry": {
    "type": "Point",
    "coordinates": [
     -5.080456,
     51.906567
    ]
   },
   "properties": {
    "file": "W-PEM-011.xml",
    "stone_key": "W-PEM-011",
    "ogham_id": "W-PEM-011",
    "title": "Brawdy 2",
    "ciic": "423",
    "cisp": "BRAW1/1",
    "cisp_url": "https://www.ucl.ac.uk/archaeology/cisp/database/stone/braw1_1.html",
    "tm": "172249",
    "origplace_text": "Brawdy, Pembrokeshire, Wales 51.906567, -5.080456 National Grid Reference: SM 882 276",
    "pn_parish": "Brawdy",
    "pn_county": "Pembrokeshire",
    "pn_country": "Wales",
    "geo_raw": "51.906567, -5.080456",
    "geo_status": "asserted",
    "grid_raw": "SM 882 276",
    "uri": "http://data.ogham.link/crm/findspot_W_PEM_011"
   }
  },
  {
   "type": "Feature",
   "id": "W-PEM-012",
   "geometry": {
    "type": "Point",
    "coordinates": [
     -5.077492,
     51.905744
    ]
   },
   "properties": {
    "file": "W-PEM-012.xml",
    "stone_key": "W-PEM-012",
    "ogham_id": "W-PEM-012",
    "title": "Brawdy 3",
    "ciic": "422",
    "cisp": "BRAW3/1",
    "cisp_url": "https://www.ucl.ac.uk/archaeology/cisp/database/stone/braw3_1.html",
    "tm": "172248",
    "origplace_text": "Brawdy, Pembrokeshire, Wales 51.905744, -5.077492 National Grid Reference: SM 884 275",
    "pn_parish": "Brawdy",
    "pn_county": "Pembrokeshire",
    "pn_country": "Wales",
    "geo_raw": "51.905744, -5.077492",
    "geo_status": "asserted",
    "grid_raw": "SM 884 275",
    "uri": "http://data.ogham.link/crm/findspot_W_PEM_012"
   }
  },
  {
   "type": "Feature",
   "id": "W-PEM-013",
   "geometry": {
    "type": "Point",
    "coordinates": [
     -5.014458,
     51.941556
    ]
   },
   "properties": {
    "file": "W-PEM-013.xml",
    "stone_key": "W-PEM-013",
    "ogham_id": "W-PEM-013",
    "title": "Jordanston",
    "ciic": "432",
    "cisp": "JRDNS/1",
    "cisp_url": "https://www.ucl.ac.uk/archaeology/cisp/database/stone/jrdns_1.html",
    "tm": "172282",
    "origplace_text": "Jordanston, Pembrokeshire, Wales 51.941556, -5.014458 National Grid Reference: SM 929 313",
    "pn_parish": "Jordanston",
    "pn_county": "Pembrokeshire",
    "pn_country": "Wales",
    "geo_raw": "51.941556, -5.014458",
    "geo_status": "asserted",
    "grid_raw": "SM 929 313",
    "uri": "http://data.ogham.link/crm/findspot_W_PEM_013"
   }
  },
  {
   "type": "Feature",
   "id": "W-PEM-014",
   "geometry": {
    "type": "Point",
    "coordinates": [
     -4.795144,
     52.025392
    ]
   },
   "properties": {
    "file": "W-PEM-014.xml",
    "stone_key": "W-PEM-014",
    "ogham_id": "W-PEM-014",
    "title": "Nevern 1",
    "ciic": "446",
    "cisp": "NEVRN/1",
    "cisp_url": "https://www.ucl.ac.uk/archaeology/cisp/database/stone/nevrn_1.html",
    "tm": "172349",
    "repository": "St. Brynach's Church",
    "origplace_text": "Nevern, Pembrokeshire, Wales 52.025392, -4.795144 National Grid Reference: SN 0833 4002",
    "pn_parish": "Nevern",
    "pn_county": "Pembrokeshire",
    "pn_country": "Wales",
    "geo_raw": "52.025392, -4.795144",
    "geo_status": "asserted",
    "grid_raw": "SN 0833 4002",
    "uri": "http://data.ogham.link/crm/findspot_W_PEM_014"
   }
  },
  {
   "type": "Feature",
   "id": "W-PEM-015",
   "geometry": {
    "type": "Point",
    "coordinates": [
     -4.657342,
     51.931278
    ]
   },
   "properties": {
    "file": "W-PEM-015.xml",
    "stone_key": "W-PEM-015",
    "ogham_id": "W-PEM-015",
    "title": "Llanfyrnach 2",
    "ciic": "439",
    "cisp": "LFRN2/1",
    "cisp_url": "https://www.ucl.ac.uk/archaeology/cisp/database/stone/lfrn2_1.html",
    "tm": "172312",
    "origplace_text": "Llanfyrnach, Pembrokeshire, Wales 51.931278, -4.657342 National Grid Reference: SN 174 292",
    "pn_parish": "Llanfyrnach",
    "pn_county": "Pembrokeshire",
    "pn_country": "Wales",
    "geo_raw": "51.931278, -4.657342",
    "geo_status": "asserted",
    "grid_raw": "SN 174 292",
    "uri": "http://data.ogham.link/crm/findspot_W_PEM_015"
   }
  },
  {
   "type": "Feature",
   "id": "W-PEM-016",
   "geometry": {
    "type": "Point",
    "coordinates": [
     -5.087522,
     51.945956
    ]
   },
   "properties": {
    "file": "W-PEM-016.xml",
    "stone_key": "W-PEM-016",
    "ogham_id": "W-PEM-016",
    "title": "Mathry",
    "ciic": "442",
    "cisp": "MTHRY/1",
    "cisp_url": "https://www.ucl.ac.uk/archaeology/cisp/database/stone/mthry_1.html",
    "tm": "172345",
    "origplace_text": "Mathry, Pembrokeshire, Wales 51.945956, -5.087522 National Grid Reference: SM 879 320",
    "pn_parish": "Mathry",
    "pn_county": "Pembrokeshire",
    "pn_country": "Wales",
    "geo_raw": "51.945956, -5.087522",
    "geo_status": "asserted",
    "grid_raw": "SM 879 320",
    "uri": "http://data.ogham.link/crm/findspot_W_PEM_016"
   }
  },
  {
   "type": "Feature",
   "id": "W-PEM-X01",
   "geometry": {
    "type": "Point",
    "coordinates": [
     -4.941539,
     51.867944
    ]
   },
   "properties": {
    "file": "W-PEM-X01.xml",
    "stone_key": "W-PEM-X01",
    "ogham_id": "W-PEM-X01",
    "title": "Spittal",
    "ciic": "402",
    "cisp": "SPTTL/1",
    "cisp_url": "https://www.ucl.ac.uk/archaeology/cisp/database/stone/spttl_1.html",
    "tm": "172367",
    "origplace_text": "Spittal, Pembrokeshire, Wales 51.867944, -4.941539 National Grid Reference:",
    "pn_parish": "Spittal",
    "pn_county": "Pembrokeshire",
    "pn_country": "Wales",
    "geo_raw": "51.867944, -4.941539",
    "geo_status": "asserted",
    "uri": "http://data.ogham.link/crm/findspot_W_PEM_X01"
   }
  }
 ]
}