ogham_id,ciic,title,county,country,custody,category,key,method,repository,observed
E-CON-001,470,Worthyvale,Cornwall,England,out in the landscape,in private or institutional grounds,grounds,matched “re-erected”,,The stone was removed from the riverside in 2024 and re-erected in a safer place above the river cliff by Cornwall Archaeological Unit and Historic England. Access is via The Arthurian Centre (entrance fees apply). Visited and recorded by the OG(H)AM project in April 2024. The stone was also re-recorded in 3D by Tom Goskar.
E-CON-002,466,Lannwenek | Lewannick 1,Cornwall,England,out in the landscape,in a churchyard,churchyard,matched “lych-gate”,,"Re-erected, the stone's current location is a few metres west of the lych-gate in St Martin's Churchyard, where it was examined and 3D recorded for the OG(H)AM project in April 2024."
E-CON-003,467,Lannwenek | Lewannick 2,Cornwall,England,"indoors, but visitable",inside a church,church,matched “ated inside the church”,,Currently located inside the church at the north or west end where it was examined and recorded by the OG(H)AM team in April 2024.
E-CON-004,484,Lanndohow | St Kew,Cornwall,England,"indoors, but visitable",inside a church,church,matched “inside St Kew church”,,"Now inside St Kew church at the west end of the nave, where it was examined and 3d recorded for the OG(H)AM project in April 2024."
E-CON-005,-,Pennwydh | Penwith,Cornwall,England,in an institution,museum or college,institution,repository,Royal Cornwall Museum,"Now in the Royal Cornwall Museum, where it was examined and 3d recorded for the OG(H)AM project in April 2024."
E-CON-X01,,Lewannick 3,Cornwall,England,lost or unlocated,lost or unlocated,lost,matched “now missing”,,A field visit in 1974 revealed that the stone is now missing from 'Moor View'. The present occupier of the cottage had lived there for 43 years but had no knowledge of the stone.
E-CON-X02,457,Lancarffe,Cornwall,England,out in the landscape,built into a structure,structure,matched “Built into”,,Built into the wall of a summer house in the garden of Lancarffe House by Mr Dunn in 1928.
E-CON-X03,473,St Clement,Cornwall,England,out in the landscape,in a churchyard,churchyard,matched “churchyard”,,"In St Clement churchyard, near the south door."
E-CON-X04,478,St Endellion,Cornwall,England,out in the landscape,in private or institutional grounds,grounds,matched “grass island”,,On a grass island at a junction about 1.5 km from St Endellion on the road to Port Quin.
E-DEV-001,489,Fardel,Devon,England,in an institution,museum or college,institution,repository,British Museum,Currently on display next to the Sutton Hoo treasure in the Medieval and Late Antique galleries in the British Museum. It was examined and 3d recorded for the OG(H)AM project in December 2023.
E-DEV-002,488,Roborough Down,Devon,England,out in the landscape,in private or institutional grounds,grounds,matched “Garden”,,"Now in Tavistock Vicarage Garden, where it was examined and 3d recorded for the OG(H)AM project in April 2024."
E-DEV-X01,,Brendon,Devon,England,out in the landscape,in situ or at the find site,in_situ,matched “In situ”,,In situ.
E-HAM-001,496,Silchester,Hampshire,England,in an institution,museum or college,institution,repository,Reading Museum,"Now in Reading Museum. The stone is not on display, but stored in the Reading Museum storage facility."
E-NFK-001,,Weeting-with-Broomhill,Norfolk,England,in an institution,museum or college,institution,repository,Norwich Castle Museum,Now in Norwich Castle Museum.
E-STS-001,,Uttoxeter,Staffordshire,England,lost or unlocated,lost or unlocated,lost,matched “gone missing”,,The stone has since gone missing and is now lost.
E-WAR-001,,Coventry,Warwickshire,England,in an institution,museum or college,institution,repository,Herbert Art Gallery and Museum,"Now in the Herbert Art Gallery and Museum, where it was examined and 3d recorded for the OG(H)AM project in November 2023."
E-WRY-001,,Vale of York brooch fragment,West Riding of Yorkshire,England,in an institution,museum or college,institution,repository,British Museum,Acquired by the British Museum in 2009.
I-ANT-001,309,Carn Coim | Carncome 1,Co. Antrim,Northern Ireland,out in the landscape,built into a structure,structure,matched “souterrain”,,Currently in situ in the souterrain but inaccessible.
I-ANT-002,310,Carn Coim | Carncome 2,Co. Antrim,Northern Ireland,in an institution,museum or college,institution,repository,National Museum of Ireland,Now in the National Museum of Ireland collection. Examined and recorded using 3d structured light scanning in April 2017 in collaboration with the Discovery Programme as part of the Ogham in 3D project.
I-ANT-003,,Gartree,Co. Antrim,Northern Ireland,out in the landscape,in situ or at the find site,in_situ,matched “In situ”,,"In situ, where it was examined and recorded by members of the OG(H)AM project in July 2022."
I-ARM-001,311,Droim Conmhaoil | Drumconwell,Co. Armagh,Northern Ireland,in an institution,museum or college,institution,repository,Armagh Robinson library (No 5 Vicars’ Hill Museum),On display at Armagh Robinson Library (Museum at 5 Vicar’s Hill) where it was examined and recorded by members of the OG(H)AM project in July 2022.
I-CAR-001,15,Cluain Mhór | Clonmore,Co. Carlow,Ireland,out in the landscape,in situ or at the find site,in_situ,matched “In situ”,,"In situ, where it was examined and recorded in 3d for the Ogham in 3D project in 2010."
I-CAR-002,,Tobar Phádraig | Patrickswell,Co. Carlow,Ireland,out in the landscape,in situ or at the find site,in_situ,matched “In situ”,,"In situ, where it was examined and recorded in 3d for the Ogham in 3D project in 2017."
I-CAR-003,16,An Ráth Ghlas | Rathglass,Co. Carlow,Ireland,out in the landscape,in situ or at the find site,in_situ,matched “In situ”,,"In situ, where it was examined and recorded in 3d for the Ogham in 3D project in 2017."
I-CAR-004,17,Tuca Mín | Tuckamine,Co. Carlow,Ireland,in an institution,museum or college,institution,repository,National Museum of Ireland,National Mumeum of Ireland (examined and 3D scanned in May 2011 as part of the Ogham in 3D project).
I-CLA-003,53,Inis | Ennis bead,Co. Clare,Ireland,in an institution,museum or college,institution,repository,British Museum,Now in the British Museum where it was examined and recorded by the OG(H)AM team in December 2023.
I-CLA-004,54,Cill Dalua | Killaloe,Co. Clare,Ireland,in an institution,institution named only in prose,institution_unrecorded,"named in the observed statement, but <repository> is empty",,"On display inside St. Flannan's Cathedral, Killaloe, where it was examined and recorded for the OG(H)AM project by Gary Dempsey (Atlantic Technological University) in July 2022."
I-CLA-005,,Inis Cathaigh | Scattery Island,Co. Clare,Ireland,"indoors, but visitable",visitor or heritage centre,visitor,matched “exhibition centre”,,"Now on display inside the refurbished exhibition centre on the island. Examined and recorded, in collaboration with the Discovery Programme, for the Ogham in 3D project in 2014."
I-COR-001,55,An Com Liath Thoir | Coomleagh East,Co. Cork,Ireland,out in the landscape,in situ or at the find site,in_situ,matched “In situ”,,"In situ in pasture, on a gentle south facing slope on the north side of the valley of the Mealagh River. It was visited and 3D recorded for the OG(H)AM project in September 2022."
I-COR-002,56,Ráth an Tóiteáin | Burnfort,Co. Cork,Ireland,lost or unlocated,lost or unlocated,lost,matched “Subsequently lost”,,"Subsequently lost from Museum of the Royal Cork Institution, probably when the Institution building was replaced by the Athenaeum in 1853 (Macalister 1945, 61)."
I-COR-003,57,Plácas | Greenhill 1,Co. Cork,Ireland,out in the landscape,in situ or at the find site,in_situ,matched “On find site”,,On find site at Greenhill where it was visited and 3D recorded for the Ogham in 3D project in August 2013.
I-COR-004,58,Plácas | Greenhill 2,Co. Cork,Ireland,out in the landscape,in situ or at the find site,in_situ,matched “In situ”,,In situ (againt the field fence) at Greenhill where it was visited and 3D recorded for the Ogham in 3D project in August 2013.
I-COR-005,59,Baile na bPórtach | Ballynabortagh 1,Co. Cork,Ireland,out in the landscape,in situ or at the find site,in_situ,matched “In situ”,,"In situ in pasture, on a N-facing slope. Visited and 3D recorded for the Ogham in 3D project in August 2017."
I-COR-006,60,Baile na bPórtach | Ballynabortagh 2,Co. Cork,Ireland,not described,setting not described,undescribed,no observed statement in the edition,,
I-COR-007,,Baile na bPórtach | Ballynabortagh 3,Co. Cork,Ireland,out in the landscape,built into a structure,structure,matched “souterrain”,,In situ in souterrain. Visited and 3d recorded for the OG(H)AM project in September 2022.
I-COR-008,,Baile na bPórtach | Ballynabortagh 4,Co. Cork,Ireland,out in the landscape,built into a structure,structure,matched “souterrain”,,In situ in souterrain. Visited and 3D recorded for the OG(H)AM project in September 2022.
I-COR-009,61,Oileán an Easpaig | Bishop’s Island,Co. Cork,Ireland,in an institution,museum or college,institution,repository,University College Cork,"Now on permanent display in the Stone Corridor (‘Rúin na gCloch / Stories in Stone’ exhibition), University College Cork, where it was examined and photographed for the OG(H)AM project in May 2024."
I-COR-010,62,Dún Bolg | Dunbulloge,Co. Cork,Ireland,not described,setting not described,undescribed,no observed statement in the edition,,
I-COR-011,63,Gleann an Mhuilinn | Glenawillin 1,Co. Cork,Ireland,in an institution,museum or college,institution,repository,University College Cork,"Now on permanent display in the Stone Corridor (‘Rúin na gCloch / Stories in Stone’ exhibition), University College Cork, where it was examined and photographed for the OG(H)AM project in May 2024."
I-COR-012,64,Gleann an Mhuilinn | Glenawillin 2,Co. Cork,Ireland,out in the landscape,built into a structure,structure,matched “rath”,,Re-erected within the townland on the site of another now erased rath. Visited and recorded using photogrammetry for the Ogham in 3D project in 2017 (funded by a grant from Cork Historical and Archaeological Society).
I-COR-013,65,Ráth Ghobáin | Rathcobane,Co. Cork,Ireland,out in the landscape,in private or institutional grounds,grounds,matched “moved to”,,"In 1986, subsequent to a survey visit, the stone was moved to the grounds of Scoil an Easpaig O Briain, Bartlemy (SMR no. CO044-111----). The stone was examined and recorded at the school by the Ogham in 3D project in 2017."
I-COR-014,66,Fánchoill agus Na Coillte | Faunkill and the Woods,Co. Cork,Ireland,out in the landscape,in situ or at the find site,in_situ,matched “On a rock”,,On a rockcrop overlooking Ballycrovane Harbour to the west and better known as the Ballycrovane ogham stone. Visited and 3D recorded for the OG(H)AM project in August 2023.
I-COR-015,67,Gamhair | Gour,Co. Cork,Ireland,out in the landscape,in situ or at the find site,in_situ,matched “In situ”,,In situ. Visited and 3D recorded for the OG(H)AM project in August 2023.
I-COR-016,68,Chill Cháscann | Kilcaskan,Co. Cork,Ireland,out in the landscape,in a churchyard,churchyard,matched “graveyard”,,In situ in Kilcaskan graveyard on the Beara Peninsula. Visited and 3D recorded for the OG(H)AM project in September 2022.
I-COR-017,69,Achadh Loiscthe | Ahalisky 1,Co. Cork,Ireland,in an institution,museum or college,institution,repository,National Museum of Ireland,"Now in the National Museum of Ireland, where it was examined and recorded in 3D (using Artec Eva structured light scanner) by the Discovery Programme for the Ogham in 3D project in 2015."
I-COR-018,70,Achadh Loiscthe | Ahalisky 2,Co. Cork,Ireland,in an institution,museum or college,institution,repository,National Museum of Ireland,"Now in the National Museum of Ireland, where it was examined and recorded, in collaboration with the Discovery Programme, for the Ogham in 3D project in 2013."
I-COR-019,71,Achadh Loiscthe | Ahalisky 3,Co. Cork,Ireland,in an institution,museum or college,institution,repository,National Museum of Ireland,"Now in the National Museum of Ireland, where it was examined and recorded by the Ogham in 3D project in 2010, with assistance from the Irish Inscribed Stones Project (Moore Institute, Galway)."
I-COR-020,72,Alltach | Aultagh,Co. Cork,Ireland,out in the landscape,in situ or at the find site,in_situ,matched “In situ”,,"In situ on a W-facing slope in Aultagh Wood (Power 1992, 124). Visited and recorded in September 2022 for the OG(H)AM project."
I-COR-021,73,Ceathrú Bhaldair | Carhoovauler 1,Co. Cork,Ireland,out in the landscape,in situ or at the find site,in_situ,matched “In situ”,,"In situ but no longer accessible. Last seen in 2012 by Jérôme and Laurent Triolet (who kindly supplied us with an image), assisted by James McCarthy."
I-COR-022,74,Ceathrú Bhaldair | Carhoovauler 2,Co. Cork,Ireland,out in the landscape,in situ or at the find site,in_situ,matched “In situ”,,In situ but no longer accessible.
I-COR-023,,Ceathrú Bhaldair | Carhoovauler 3,Co. Cork,Ireland,out in the landscape,in situ or at the find site,in_situ,matched “In situ”,,In situ but no longer accessible.
I-COR-024,75,Caoinráth | Keenrath,Co. Cork,Ireland,out in the landscape,in situ or at the find site,in_situ,matched “In situ”,,In situ where it was visited and recorded using photogrammetry for the Ogham in 3D project in 2017.
I-COR-025,76,Teampall Brianaid Thuaidh | Templebryan North,Co. Cork,Ireland,out in the landscape,in situ or at the find site,in_situ,matched “In situ”,,In situ. Visited and recorded using photogrammetry by Simon Dowling in 2017.
I-COR-026,77,An Bhuirgéiseach | Burgatia,Co. Cork,Ireland,out in the landscape,in a churchyard,churchyard,matched “graveyard”,,"This stone could not be located in the graveyard and no local information about its whereabouts was gained (Ronan et al. 2009, no. 16164)."
I-COR-027,,Cúil an Fhéich | Coolineagh 3,Co. Cork,Ireland,in an institution,museum or college,institution,repository,"Pitt-Rivers Museum, Oxford",Donated to the Pitt-Rivers museum in Oxford in 1884.
I-COR-028,79,Gleann an Phúca | Glenaphuca 1,Co. Cork,Ireland,in an institution,museum or college,institution,repository,National Museum of Ireland,This stone is in the National Museum of Ireland. It was examined and recorded for the Ogham in 3D project in 2017.
I-COR-029,80,Gleann an Phúca | Glenaphuca 2,Co. Cork,Ireland,in an institution,museum or college,institution,repository,National Museum of Ireland,"Now in the National Museum of Ireland (Kildare St), Dublin (DU018-162----) where it was examined and recorded in 2010 for the Ogham in 3D project."
I-COR-030,81,An Garrán | Garranes,Co. Cork,Ireland,in an institution,museum or college,institution,repository,University College Cork,"Now on permanent display in the Stone Corridor (‘Rúin na gCloch / Stories in Stone’ exhibition), University College Cork, where it was examined and photographed for the OG(H)AM project in May 2024."
I-COR-031,82,Baile an Chamhaicigh Thuaidh | Ballyknock North 1,Co. Cork,Ireland,out in the landscape,in private or institutional grounds,grounds,matched “removed to”,,"This stone was retained by the farmer when 13 others were removed to University College Cork and Lismore Castle (CO055-007013-) in the early 20th century (Power 1932, 11; McManus 2004, 10-11). Macalister (1945, 85) saw the stone in 1907. However, when he returned to examine the stone before 1945, the farm was deserted and there was no trace of the stone (Power et al. 1994)."
I-COR-032,83,Baile an Chamhaicigh Thuaidh | Ballyknock North 2,Co. Cork,Ireland,in an institution,museum or college,institution,repository,University College Cork,"The stone is currently on permanent display in the Stone Corridor (‘Rúin na gCloch / Stories in Stone’ exhibition) at University College Cork, where it was examined and photographed for the OG(H)AM project in May 2024."
I-COR-033,84,Baile an Chamhaicigh Thuaidh | Ballyknock North 3,Co. Cork,Ireland,lost or unlocated,lost or unlocated,lost,matched “no visible surface”,,"The stone was lifted and read by Barry (1891, 521) and then replaced (it was never seen by Macalister). There is now no visible surface trace. Thirteen other stones were subsequently lifted by the occupiers; twelve of which are now on permanent display in the Stone Corridor, University College Cork."
I-COR-034,85,Baile an Chamhaicigh Thuaidh | Ballyknock North 4,Co. Cork,Ireland,in an institution,museum or college,institution,repository,University College Cork,"The stone is currently on permanent display in the Stone Corridor (‘Rúin na gCloch / Stories in Stone’ exhibition) at University College Cork, where it was examined and photographed for the OG(H)AM project in May 2024."
I-COR-035,86,Baile an Chamhaicigh Thuaidh | Ballyknock North 5,Co. Cork,Ireland,in an institution,museum or college,institution,repository,University College Cork,"The stone is currently on permanent display in the Stone Corridor (‘Rúin na gCloch / Stories in Stone’ exhibition), University College Cork, where it was examined and photographed for the OG(H)AM project in May 2024."
I-COR-036,87,Baile an Chamhaicigh Thuaidh | Ballyknock North 6,Co. Cork,Ireland,in an institution,museum or college,institution,repository,University College Cork,"The stone is currently on permanent display in the Stone Corridor (‘Rúin na gCloch / Stories in Stone’ exhibition), University College Cork, where it was examined and photographed for the OG(H)AM project in May 2024."
I-COR-037,88,Baile an Chamhaicigh Thuaidh | Ballyknock North 7,Co. Cork,Ireland,in an institution,museum or college,institution,repository,University College Cork,"The stone is currently on permanent display in the Stone Corridor (‘Rúin na gCloch / Stories in Stone’ exhibition), University College Cork, where it was examined and photographed for the OG(H)AM project in May 2024."
I-COR-038,89,Baile an Chamhaicigh Thuaidh | Ballyknock North 8,Co. Cork,Ireland,in an institution,museum or college,institution,repository,University College Cork,"The stone is currently on permanent display in the Stone Corridor (‘Rúin na gCloch / Stories in Stone’ exhibition), University College Cork, where it was examined and photographed for the OG(H)AM project in May 2024."
I-COR-039,90,Baile an Chamhaicigh Thuaidh | Ballyknock North 9,Co. Cork,Ireland,in an institution,museum or college,institution,repository,University College Cork,"The stone is currently on permanent display in the Stone Corridor (‘Rúin na gCloch / Stories in Stone’ exhibition), University College Cork, where it was examined and photographed for the OG(H)AM project in May 2024."
I-COR-040,91,Baile an Chamhaicigh Thuaidh | Ballyknock North 10,Co. Cork,Ireland,out in the landscape,in private or institutional grounds,grounds,matched “moved to”,,"The stone is recorded as having been moved to Lismore Castle (WA021-019023-) in 1920 (Power 1932, 11). It is unconfirmed as to whether it is still at this location."
I-COR-041,92,Baile an Chamhaicigh Thuaidh | Ballyknock North 11,Co. Cork,Ireland,in an institution,museum or college,institution,repository,University College Cork,"The stone is currently on permanent display in the Stone Corridor (‘Rúin na gCloch / Stories in Stone’ exhibition), University College Cork, where it was examined and photographed for the OG(H)AM project in May 2024."
I-COR-042,93,Baile an Chamhaicigh Thuaidh | Ballyknock North 12,Co. Cork,Ireland,in an institution,museum or college,institution,repository,University College Cork,"The stone is currently on permanent display in the Stone Corridor (‘Rúin na gCloch / Stories in Stone’ exhibition), University College Cork, where it was examined and photographed for the OG(H)AM project in May 2024."
I-COR-043,94,Baile an Chamhaicigh Thuaidh | Ballyknock North 13,Co. Cork,Ireland,in an institution,museum or college,institution,repository,University College Cork,"The stone is currently on permanent display in the Stone Corridor (‘Rúin na gCloch / Stories in Stone’ exhibition), University College Cork, where it was examined and photographed for the OG(H)AM project in May 2024."
I-COR-044,95,Baile an Chamhaicigh Thuaidh | Ballyknock North 14,Co. Cork,Ireland,in an institution,museum or college,institution,repository,University College Cork,"The stone is currently on permanent display in the Stone Corridor (‘Rúin na gCloch / Stories in Stone’ exhibition), University College Cork, where it was examined and photographed for the OG(H)AM project in May 2024."
I-COR-045,96,Baile an Chamhaicigh Thuaidh | Ballyknock North 15,Co. Cork,Ireland,in an institution,museum or college,institution,repository,University College Cork,"The stone is currently on permanent display in the Stone Corridor (‘Rúin na gCloch / Stories in Stone’ exhibition), University College Cork, where it was examined and photographed for the OG(H)AM project in May 2024."
I-COR-046,97,Baile Sheanc | Ballyhank 1,Co. Cork,Ireland,in an institution,museum or college,institution,repository,National Museum of Ireland,All six stones from Ballyhank are now in the collection of the National Museum of Ireland. This stone was recorded in 3d in collaboration with the Discovery Programme in 2016 as part of the Ogham in 3D project.
I-COR-047,98,Baile Sheanc | Ballyhank 2,Co. Cork,Ireland,in an institution,museum or college,institution,repository,National Museum of Ireland,"All six stones from Ballyhank are now in the collection of the National Museum of Ireland. This stone is on loan to Músaem Chorca Dhuibhne in Ballyferriter, Co. Kerry, where it was recorded in 3d in collaboration with the Discovery Programme in 2013 as part of the Ogham in 3D project."
I-COR-048,99,Baile Sheanc | Ballyhank 3,Co. Cork,Ireland,in an institution,museum or college,institution,repository,National Museum of Ireland,All six stones from Ballyhank are now in the collection of the National Museum of Ireland. This stone was recorded in 3D in 2010 as part of the Ogham in 3D project.
I-COR-049,100,Baile Sheanc | Ballyhank 4,Co. Cork,Ireland,in an institution,museum or college,institution,repository,National Museum of Ireland,All six stones from Ballyhank are now in the collection of the National Museum of Ireland. This stone was recorded in 3D in 2010 as part of the Ogham in 3D project in collaboration with the Irish Inscribed Stones Project.
I-COR-050,101,Baile Sheanc | Ballyhank 5,Co. Cork,Ireland,in an institution,museum or college,institution,repository,National Museum of Ireland,All six stones from Ballyhank are now in the collection of the National Museum of Ireland. This stone was recorded in 3D in 2015 as part of the Ogham in 3D project in collaboration with the Discovery Programme.
I-COR-051,102,Baile Sheanc | Ballyhank 6,Co. Cork,Ireland,in an institution,museum or college,institution,repository,National Museum of Ireland,All six stones from Ballyhank are now in the collection of the National Museum of Ireland. This stone was recorded in 3D in 2010 as part of the Ogham in 3D project in collaboration with the Irish Inscribed Stones Project.
I-COR-052,103,Barr an Chárthainn | Barrahaurin,Co. Cork,Ireland,in an institution,museum or college,institution,repository,University College Cork,"Now on permanent display in the Stone Corridor (‘Rúin na gCloch / Stories in Stone’ exhibition), University College Cork, where it was examined for the OG(H)AM project in May 2024."
I-COR-053,104,Cúil an Fhéich | Coolineagh 1,Co. Cork,Ireland,out in the landscape,in a churchyard,churchyard,matched “graveyard”,,In situ in Aghabulloge graveyard.
I-COR-054,105,Cúil an Fhéich | Coolineagh 2,Co. Cork,Ireland,in an institution,museum or college,institution,repository,University College Cork,"This stone is currently on permanent display in the Stone Corridor (‘Rúin na gCloch / Stories in Stone’ exhibition), University College Cork (for details, see CO074-142----)."
I-COR-055,106,Duílis | Deelish,Co. Cork,Ireland,in an institution,museum or college,institution,repository,British Museum,Now in the British Museum. It was examined and 3d recorded for the OG(H)AM project in June 2025.
I-COR-056,107,Gleann na gCloch Thuaidh | Glenaglogh,Co. Cork,Ireland,in an institution,museum or college,institution,repository,University College Cork,"This stone is currently on permanent display in the Stone Corridor (‘Rúin na gCloch / Stories in Stone’ exhibition), University College Cork."
I-COR-057,108,Cill Chuilinn Theas | Kilcullen South,Co. Cork,Ireland,out in the landscape,in situ or at the find site,in_situ,matched “In situ”,,In situ.
I-COR-058,109,Cill Martan Íochtarach | Kilmartin Lower,Co. Cork,Ireland,out in the landscape,in situ or at the find site,in_situ,matched “in situ”,,Inaccessible in situ.
I-COR-059,110,An Cnoc Ramhar | Knockrour 1,Co. Cork,Ireland,lost or unlocated,lost or unlocated,lost,matched “was lost”,,The stone was lost shortly after its discovery and nothing is now known of its whereabouts.
I-COR-060,111,An Cnoc Ramhar | Knockrour 2,Co. Cork,Ireland,out in the landscape,in situ or at the find site,in_situ,matched “In situ”,,In situ.
I-COR-061,,An Cnoc Ramhar | Knockrour 3,Co. Cork,Ireland,in an institution,museum or college,institution,repository,"Pitt-Rivers Museum, Oxford","The stone is now in the possession of the Pitt-Rivers Museum at Oxford (Macalister 1906a, 169-172)."
I-COR-062,112,Cnoc Seanmhaí | Knockshanawee 1,Co. Cork,Ireland,in an institution,museum or college,institution,repository,University College Cork,"This ogham stone is now on permanent display in the Stone Corridor (‘Rúin na gCloch / Stories in Stone’ exhibition), University College Cork (see CO074-138----)."
I-COR-063,113,Cnoc Seanmhaí | Knockshanawee 2,Co. Cork,Ireland,in an institution,museum or college,institution,repository,University College Cork,"Now on permanent display in the Stone Corridor (‘Rúin na gCloch / Stories in Stone’ exhibition), University College Cork (see CO074-136----)."
I-COR-064,114,Cnoc Seanmhaí | Knockshanawee 3,Co. Cork,Ireland,in an institution,museum or college,institution,repository,University College Cork,"Now on permanent display in the Stone Corridor (‘Rúin na gCloch / Stories in Stone’ exhibition), University College Cork (see CO074-139----)."
I-COR-065,115,Cnoc Seanmhaí | Knockshanawee 4,Co. Cork,Ireland,in an institution,museum or college,institution,repository,University College Cork,"Now on permanent display in the Stone Corridor (‘Rúin na gCloch / Stories in Stone’ exhibition), University College Cork (See CO074-134----)"
I-COR-066,116,Cnoc Seanmhaí | Knockshanawee 5,Co. Cork,Ireland,in an institution,museum or college,institution,repository,University College Cork,"Now on permanent display in the Stone Corridor (‘Rúin na gCloch / Stories in Stone’ exhibition), University College Cork, where it was examined for the OG(H)AM project in May 2024."
I-COR-067,117,Cnoc Seanmhaí | Knockshanawee 6,Co. Cork,Ireland,in an institution,museum or college,institution,repository,University College Cork,"Now on permanent display in the Stone Corridor, University College Cork (see CO074-135----)."
I-COR-068,,Caisleán Chúirt an Bharraigh | Barryscourt Castle,Co. Cork,Ireland,out in the landscape,in situ or at the find site,in_situ,matched “In situ”,,In situ
I-COR-069,118,Móin an tSagairt | Monataggart 1,Co. Cork,Ireland,in an institution,museum or college,institution,repository,National Museum of Ireland,"Purchased along with two others from the same site by the Royal Irish Academy (Quarry 1896, 382) and now part of the collection of the National Museum of Ireland. This stone is on display in the Museum of Archaeology (Kildare Street, Dublin). The stone was recorded in 3D (using an Artec Leo structured light scanner) in collaboration with the Discovery Programme in February 2022 as part of the OG(H)AM project."
I-COR-070,119,Móin an tSagairt | Monataggart 2,Co. Cork,Ireland,in an institution,museum or college,institution,repository,National Museum of Ireland,Purchased by the Royal Irish Academy and now part of the collection of the National Museum of Ireland (see DU018-367----).
I-COR-071,120,Móin an tSagairt | Monataggart 3,Co. Cork,Ireland,in an institution,museum or college,institution,repository,National Museum of Ireland,This stone was purchased by the Royal Irish Academy and is now part of the collection of the National Museum of Ireland (see DU018-368----).
I-COR-072,121,Móin an tSagairt | Monataggart 4,Co. Cork,Ireland,out in the landscape,built into a structure,structure,matched “farmyard”,,"When inspected last, this stone was lying beside a field fence close to the farmyard."
I-COR-073,122,Cnoc idir Dhá Abhainn | Mountrivers 1,Co. Cork,Ireland,out in the landscape,built into a structure,structure,matched “holy well”,,"In 1851, it was erected nearby beside St. Olan's holy well (CO061-089002-), where it remains today (Macalister 1945, 120)."
I-COR-074,123,Cnoc idir Dhá Abhainn | Mountrivers 2,Co. Cork,Ireland,in an institution,museum or college,institution,repository,British Museum,Now in the British Museum. It was examined and 3d recorded for the OG(H)AM project in December 2023.
I-COR-076,124,An Rú Mór | Rooves More 1,Co. Cork,Ireland,in an institution,museum or college,institution,repository,British Museum,British Museum. It was examined and 3d recorded for the OG(H)AM project in December 2023.
I-COR-077,125,An Rú Mór | Rooves More 2,Co. Cork,Ireland,in an institution,museum or college,institution,repository,British Museum,British Museum. It was examined and 3d recorded for the OG(H)AM project in December 2023.
I-COR-078,126,An Rú Mór | Rooves More 3,Co. Cork,Ireland,in an institution,museum or college,institution,repository,British Museum,British Museum. It was examined and 3d recorded for the OG(H)AM project in December 2023.
I-COR-079,127,An Tulaigh Mhór | Tullig More,Co. Cork,Ireland,in an institution,museum or college,institution,repository,University College Cork,"Now on permanent display in the Stone Corridor (‘Rúin na gCloch / Stories in Stone’ exhibition), University College Cork, where it was examined for the OG(H)AM project in May 2024."
I-COR-080,128,Carraig an Ghiolla | Carrigagulla,Co. Cork,Ireland,in an institution,museum or college,institution,repository,University College Cork,"Now on permanent display in the Stone Corridor (‘Rúin na gCloch / Stories in Stone’ exhibition), University College Cork, where it was examined for the OG(H)AM project in May 2024."
I-COR-081,129,An Chúil Dorcha | Cooldorragha,Co. Cork,Ireland,out in the landscape,built into a structure,structure,matched “souterrain”,,In situ. The souterrain is no longer accessible.
I-COR-082,130,Crionna Lua | Crinnaloo,Co. Cork,Ireland,lost or unlocated,lost or unlocated,lost,matched “broken up”,,"The gatepost is now broken up and the pieces scattered (Power et al. 1997, no. 6914)."
I-COR-083,131,An tSeanchluain | Shanacloon 1,Co. Cork,Ireland,out in the landscape,in situ or at the find site,in_situ,matched “In situ”,,In situ.
I-COR-084,132,An tSeanchluain | Shanacloon 2,Co. Cork,Ireland,out in the landscape,in situ or at the find site,in_situ,matched “In situ”,,In situ.
I-COR-085,133,An tSeanchluain | Shanacloon 3,Co. Cork,Ireland,out in the landscape,in situ or at the find site,in_situ,matched “In situ”,,In situ.
I-COR-086,134,Caolmhagh Mór | Kealvaugh More,Co. Cork,Ireland,out in the landscape,in situ or at the find site,in_situ,matched “In situ”,,In situ.
I-COR-087,135,Cnoc Amhráin | Mountmusic,Co. Cork,Ireland,in an institution,museum or college,institution,repository,University College Cork,"McManus (2004, 10) recorded the stone as missing from UCC but his visit was prior to the conservation of the collection, which was carried out in 2006. McManus didn't include a 28th stone, which was actually this ogham stone, because it was lying prostrate on the ground with the inscription hidden. Now in University College Cork."
I-COR-088,,Bun an Chnoic | Underhill 1,Co. Cork,Ireland,in an institution,museum or college,institution,repository,National Museum of Ireland,"Now in National Museum of Ireland (DU018-165----). (Power et al. 1992, no. 1044)."
I-COR-089,,Bun an Chnoic | Underhill 2,Co. Cork,Ireland,in an institution,museum or college,institution,repository,National Museum of Ireland,"Now in National Museum of Ireland (DU018-164----) (Power et al. 1992, no. 1043)."
I-COR-090,,Bun an Chnoic | Underhill 3,Co. Cork,Ireland,in an institution,museum or college,institution,repository,National Museum of Ireland,Now in National Museum of Ireland collection.
I-COR-091,,Lios Catháin | Liscahane 1,Co. Cork,Ireland,in an institution,museum or college,institution,repository,Millstreet Museum,This stone was subsequently moved to Millstreet Museum where it was examined and 3d recorded using photogrammetry for the Ogham in 3D project in 2017 (funded by a grant from Cork Historical and Archaeological Society).
I-COR-092,,Lios Catháin | Liscahane 2,Co. Cork,Ireland,in an institution,museum or college,institution,repository,Millstreet Museum,"This stone was moved to Millstreet Community School, where it was examined and 3d recorded using photogrammetry for the Ogham in 3D project in 2017 (funded by a grant from Cork Historical and Archaeological Society)."
I-COR-093,,Bun Coille | Bunkilla,Co. Cork,Ireland,in an institution,museum or college,institution,repository,National Museum of Ireland,"This stone is in the National Museum of Ireland, where it was examined and recorded, in collaboration with the Discovery Programme, for the Ogham in 3D project in 2015."
I-COR-094,,An Leaca Bhán | Lackabane,Co. Cork,Ireland,out in the landscape,built into a structure,structure,matched “souterrain”,,"The souterrain was subsequently closed and the ogham stone remains in position (Power et al. 1997, no. 7975)."
I-COR-095,,Na Barraí | Barrees,Co. Cork,Ireland,out in the landscape,in situ or at the find site,in_situ,matched “In situ”,,In situ.
I-COR-096,,Gort na hEorna | Kilbrittain/Barleyfield,Co. Cork,Ireland,in an institution,institution named only in prose,institution_unrecorded,"named in the observed statement, but <repository> is empty",,"This stone is in the Cork Public Museum (see CO074-166----). (Ronan et al. 2009, no. 16919)."
I-COR-097,,Crosdoire | Crushterra,Co. Cork,Ireland,out in the landscape,in situ or at the find site,in_situ,matched “In situ”,,In situ.
I-COR-L11,78,Cúil Eoghain | Coolowen,Co. Cork,Ireland,lost or unlocated,lost or unlocated,lost,matched “broken up”,,Windele returned to copy the inscription sixteen years later only to discover that the stone had been broken up for building material.
I-COR-L13,,Cnoc Uí Ruairc | Knockyrourke,Co. Cork,Ireland,lost or unlocated,lost or unlocated,lost,matched “currently unlocated”,,The stone is currently unlocated.
I-DON-001,,An Machaire Riabhach | Magherareagh,Co. Donegal,Ireland,out in the landscape,in situ or at the find site,in_situ,matched “In situ”,,"In situ, where it was examined and recorded in 3d using photogrammetry for the OG(H)AM project in 2023."
I-FER-001,315,Mullach an Chnoic | Topped Mountain,Co. Fermanagh,Northern Ireland,in an institution,museum or college,institution,repository,"Ulster Museum, Belfast","Now on display in the Ulster Museum, Belfast, where it was examined and recorded by members of the OG(H)AM project in July 2022."
I-FER-L01,,Drumnarullagh,Co. Fermanagh,Northern Ireland,out in the landscape,in situ or at the find site,in_situ,matched “In situ”,,In situ.
I-FER-X01,,Ballydoolagh,Co. Fermanagh,Northern Ireland,in an institution,museum or college,institution,repository,National Museum of Ireland,Now in the National Museum of Ireland collection. Examined and recorded using 3d structured light scanning in April 2017 in collaboration with the Discovery Programme as part of the Ogham in 3D project.
I-KER-001,136,Ard Fhearta | Ardfert 1,Co. Kerry,Ireland,"indoors, but visitable",inside a church,church,matched “in Ardfert Cathedral”,,On display in Ardfert Cathedral where it was examined and recorded for the Ogham in 3D project in 2014.
I-KER-002,,Ard Fhearta | Ardfert 2,Co. Kerry,Ireland,"indoors, but visitable",inside a church,church,matched “in the restored Templenagriffin chapel”,,On site in the restored Templenagriffin chapel where it was examined and recorded for the Ogham in 3D project in 2014 in collaboration with the Discovery Programme.
I-KER-003,,An Deirc | Derk,Co. Kerry,Ireland,in an institution,museum or college,institution,repository,National Museum of Ireland,In the collection of the National Museum of Ireland. This stone was recorded in 3D in collaboration with the Discovery Programme in 2016 as part of the Ogham in 3D project.
I-KER-004,137,Clochán Ruairc | Fortwilliam,Co. Kerry,Ireland,in an institution,museum or college,institution,repository,Trinity College Dublin,Now on display in the library of Trinity College Dublin where it was examined and recorded in 3D in collaboration with the Discovery Programme in 2014 as part of the Ogham in 3D project.
I-KER-005,138,Áth an Charbaill | Aghacarrible 1,Co. Kerry,Ireland,out in the landscape,built into a structure,structure,matched “souterrain”,,In situ inside the inaccessible souterrain.
I-KER-006,139,Áth an Charbaill | Aghacarrible 2,Co. Kerry,Ireland,out in the landscape,built into a structure,structure,matched “souterrain”,,In situ inside the inaccessible souterrain.
I-KER-007,140,Áth an Charbaill | Aghacarrible 3,Co. Kerry,Ireland,out in the landscape,built into a structure,structure,matched “souterrain”,,In situ inside the inaccessible souterrain.
I-KER-008,141,An Eaglais | Aglish 1,Co. Kerry,Ireland,in an institution,museum or college,institution,repository,National Museum of Ireland,In the collection of the National Museum of Ireland. Currently (July 2025) on display as part of the Words on the Wave Exhibition. This stone was recorded in 3D in collaboration with the Discovery Programme in 2016 as part of the Ogham in 3D project.
I-KER-009,142,An Eaglais | Aglish 2,Co. Kerry,Ireland,out in the landscape,in a churchyard,churchyard,matched “graveyard”,,"In situ in the graveyard, standing beside one of the tombs, where it was examined and recorded for the Ogham in 3D project in 2013 in collaboration with the Discovery Programme."
I-KER-010,143,Áth na gCeap | Annagap,Co. Kerry,Ireland,in an institution,museum or college,institution,repository,Cork Public Museum,"Now in Cork Public Museum, where it was examined and recorded using photogrammetry for the Ogham in 3D project in 2017."
I-KER-011,144,Ard Draighneáin | Ardrinane,Co. Kerry,Ireland,lost or unlocated,lost or unlocated,lost,matched “whereabouts is not now known”,,"Its precise whereabouts is not now known (Cuppage 1986, no. 789)."
I-KER-012,145,Airghleann | Arraglen,Co. Kerry,Ireland,out in the landscape,in situ or at the find site,in_situ,matched “now stands”,,"The stone now stands in the elevated and exposed gap between Masatiompan and the steep N slopes of Brandon Mountain, and commands a dramatic view to both sides of the mountain range (NMS/Archaeological Survey of Ireland record, SMR ID: KE025-002001-). This stone was recorded in 3D in collaboration with the Discovery Programme in 2013 as part of the Ogham in 3D project."
I-KER-013,146,An Riasc | Reask (Ballineanig),Co. Kerry,Ireland,in an institution,museum or college,institution,repository,National Museum of Ireland,Now in the collection of the National Museum of Ireland. This stone was 3D scanned in 2010 as part of the Ogham in 3D project in collaboration with the Irish Inscribed Stones Project.
I-KER-014,147,Baile an Ístínigh | Ballineesteenig,Co. Kerry,Ireland,out in the landscape,in private or institutional grounds,grounds,matched “grounds of”,,"In the late 19th century this stone was moved by Lord Ventry to the grounds of Burnham House, now Coláiste Íde (Dingle Peninsula). This stone was recorded for the Ogham in 3D project in 2017 by Kathleen Reen, a participant on the Corca Dhuibhne 3D project"
I-KER-015,148,Baile an Reannaigh | Ballinrannig 1,Co. Kerry,Ireland,out in the landscape,in private or institutional grounds,grounds,matched “grounds of”,,"Macalister (1945, 144) noted that in the mid 19th century this stone and three others (I-KER-016, I-KER-017 and I-KER-018) were moved by Lord Ventry to the grounds of Burnham House (now Coláiste Íde), between Dingle and Ventry, where they remain today. Examined and recorded using photogrammetry for the Ogham in 3D project in 2016."
I-KER-016,149,Baile an Reannaigh | Ballinrannig 2,Co. Kerry,Ireland,out in the landscape,in private or institutional grounds,grounds,matched “grounds of”,,"Macalister (1945, 144) noted that in the mid 19th century this stone and three others (I-KER-015, I-KER-017 and I-KER-018) were moved by Lord Ventry to the grounds of Burnham House (now Coláiste Íde), between Dingle and Ventry, where they remain today. Examined and recorded using photogrammetry for the Ogham in 3D project in 2016."
I-KER-017,150,Baile an Reannaigh | Ballinrannig 3,Co. Kerry,Ireland,out in the landscape,in private or institutional grounds,grounds,matched “grounds of”,,"Macalister (1945, 144) noted that in the mid 19th century this stone and three others (I-KER-015, I-KER-016 and I-KER-018) were moved by Lord Ventry to the grounds of Burnham House (now Coláiste Íde), between Dingle and Ventry, where they remain today. This stone was recorded in 2017 by Orla Breslin, a participant on the Corca Dhuibhne 3d project."
I-KER-018,151,Baile an Reannaigh | Ballinrannig 4,Co. Kerry,Ireland,out in the landscape,in private or institutional grounds,grounds,matched “grounds of”,,"Macalister (1945, 144) noted that in the mid 19th century this stone and three others (I-KER-015, I-KER-016 and I-KER-017) were moved by Lord Ventry to the grounds of Burnham House (now Coláiste Íde), between Dingle and Ventry, where they remain today. Examined and recorded using photogrammetry for the Ogham in 3D project in 2016."
I-KER-019,152,Baile an Reannaigh | Ballinrannig 5,Co. Kerry,Ireland,out in the landscape,in private or institutional grounds,grounds,matched “Hall”,,"Macalister (1945, 144) noted that in the mid 19th century this stone and I-KER-020 were moved by Lord Ventry to Chute Hall, near Tralee, where they still remain. This stone was recorded using photogrammetry in 2017 by Helena Zacharias, a participant on the Corca Dhuibhne 3d project."
I-KER-020,153,Baile an Reannaigh | Ballinrannig 6,Co. Kerry,Ireland,out in the landscape,in private or institutional grounds,grounds,matched “Hall”,,"Macalister (1945, 144) noted that in the mid 19th century this stone and I-KER-019 were moved by Lord Ventry to Chute Hall, near Tralee, where they still remain. This stone was recorded using photogrammetry in 2017 by Helena Zacharias, a participant on the Corca Dhuibhne 3d project."
I-KER-021,154,Baile an Reannaigh | Ballinrannig 7,Co. Kerry,Ireland,out in the landscape,in situ or at the find site,in_situ,matched “at the findspot”,,"Re-erected at the findspot. This stone was recorded using photogrammetry in the Summer of 2016 by Emmy Van Den Berg, a participant on the Corca Dhuibhne 3d project."
I-KER-022,155,Baile an tSagairt | Ballintaggart 1,Co. Kerry,Ireland,out in the landscape,in a protective enclosure,enclosure,matched “modern enclosure”,,in situ (inside modern enclosure)
I-KER-023,156,Baile an tSagairt | Ballintaggart 2,Co. Kerry,Ireland,out in the landscape,in a protective enclosure,enclosure,matched “modern enclosure”,,in situ (inside modern enclosure)
I-KER-024,157,Baile an tSagairt | Ballintaggart 3,Co. Kerry,Ireland,out in the landscape,in a protective enclosure,enclosure,matched “modern enclosure”,,in situ (inside modern enclosure)
I-KER-025,158,Baile an tSagairt | Ballintaggart 4,Co. Kerry,Ireland,out in the landscape,in a protective enclosure,enclosure,matched “modern enclosure”,,in situ (inside modern enclosure)
I-KER-026,159,Baile an tSagairt | Ballintaggart 5,Co. Kerry,Ireland,out in the landscape,in a protective enclosure,enclosure,matched “modern enclosure”,,in situ (inside modern enclosure)
I-KER-027,160,Baile an tSagairt | Ballintaggart 6,Co. Kerry,Ireland,out in the landscape,in a protective enclosure,enclosure,matched “modern enclosure”,,in situ (inside modern enclosure)
I-KER-028,161,Baile an tSagairt | Ballintaggart 7,Co. Kerry,Ireland,out in the landscape,in a protective enclosure,enclosure,matched “modern enclosure”,,in situ (inside modern enclosure)
I-KER-029,162,Baile an tSagairt | Ballintaggart 8,Co. Kerry,Ireland,out in the landscape,in a protective enclosure,enclosure,matched “modern enclosure”,,in situ (inside modern enclosure)
I-KER-030,163,Baile an tSagairt | Ballintaggart 9,Co. Kerry,Ireland,out in the landscape,in a protective enclosure,enclosure,matched “modern enclosure”,,in situ (inside modern enclosure)
I-KER-031,,Baile an tSagairt | Ballintaggart 10,Co. Kerry,Ireland,out in the landscape,in a protective enclosure,enclosure,matched “modern enclosure”,,in situ (inside modern enclosure)
I-KER-032,164,Baile an Tearmainn | Ballintermon 1,Co. Kerry,Ireland,out in the landscape,in situ or at the find site,in_situ,matched “in situ”,,in situ
I-KER-033,165,Baile an Tearmainn | Ballintermon 2,Co. Kerry,Ireland,in an institution,museum or college,institution,repository,Cork Public Museum,Kerry County Museum (on loan from Cork Publin Museum)
I-KER-034,166,Baile an Bhóthair | Ballinvoher,Co. Kerry,Ireland,in an institution,museum or college,institution,repository,National Museum of Ireland,"NMI (53.340304, -6.255115)"
I-KER-035,167,Baile Aindrín | Ballyandreen 1,Co. Kerry,Ireland,not described,setting not described,undescribed,no observed statement in the edition,,
I-KER-036,168,Baile Aindrín | Ballyandreen 2,Co. Kerry,Ireland,out in the landscape,in situ or at the find site,in_situ,matched “in situ”,,in situ (marked 'Gallaun' in the O.S. Map)
I-KER-037,169,An Baile Íochtarach | Ballyeightragh,Co. Kerry,Ireland,out in the landscape,in private or institutional grounds,grounds,matched “grounds of”,,grounds of St. Brendan's Seminary in Killarney (KE066-099---)
I-KER-038,170,An Baile Riabhach | Ballymorereagh,Co. Kerry,Ireland,out in the landscape,in situ or at the find site,in_situ,matched “In situ”,,"In situ, in front of the oratory at Teampall Geal, secured within a metal fence and standing on a platform of concrete."
I-KER-039,171,Baile na Hunta | Ballynahunt,Co. Kerry,Ireland,out in the landscape,built into a structure,structure,matched “Attached to”,,"Attached to gable end of farmhouse at Ballynahunt (ITM: 461168, 605266)."
I-KER-040,172,Baile Uí Bhaoithín | Ballywiheen,Co. Kerry,Ireland,out in the landscape,in situ or at the find site,in_situ,matched “In situ”,,In situ. Lying on top of Cathair na gCat fort in two pieces.
I-KER-041,173,An Bhreac-chluain | Brackloon,Co. Kerry,Ireland,in an institution,museum or college,institution,repository,Músaem Chorca Dhuibhne,"Músaem Chorca Dhuibhne (52.166593, -10.405998)"
I-KER-042,174,Brandon Mountain,Co. Kerry,Ireland,not described,setting not described,undescribed,no observed statement in the edition,,
I-KER-043,175,Baile an Ghóilín | Burnham,Co. Kerry,Ireland,out in the landscape,in private or institutional grounds,grounds,matched “Coláiste”,,"Coláiste Íde (Dingle Peninsula). The stone was recorded for the Ogham in 3D project in 2017 by Kathleen Reen, a participant on the Corca Dhuibhne 3D project."
I-KER-044,176,An Com | Camp 1,Co. Kerry,Ireland,out in the landscape,in situ or at the find site,in_situ,matched “in situ”,,in situ (at the foot of the mountain called Caherconree | Cathair Con Raoi https://www.logainm.ie/en/1165657)
I-KER-045,177,An Com | Camp 2,Co. Kerry,Ireland,out in the landscape,in private or institutional grounds,grounds,matched “House”,,Beaufort House (beside woodland path)
I-KER-046,178,Com Dhíneol Thuaidh | Coumeenoole North,Co. Kerry,Ireland,out in the landscape,built into a structure,structure,matched “promontory fort”,,At or close to find site on Dún Mór promontory fort.
I-KER-047,179,Daingean Uí Chúis | Dingle,Co. Kerry,Ireland,not described,setting not described,undescribed,no observed statement in the edition,,
I-KER-048,180,Imleach Dhún Séann | Emlagh East,Co. Kerry,Ireland,out in the landscape,in situ or at the find site,in_situ,matched “In situ”,,"In situ (lying on plinth, washed by high tide)"
I-KER-049,181,Imleach an Daingin | Emlagh West,Co. Kerry,Ireland,in an institution,museum or college,institution,repository,Músaem Chorca Dhuibhne,"Músaem Chorca Dhuibhne (52.166593, -10.405998)"
I-KER-050,182,An Gleann Mór | Glanmore,Co. Kerry,Ireland,out in the landscape,built into a structure,structure,matched “lintel”,,in situ (on grass-grown ruins of the out-house for which it formerly acted as a door lintel)
I-KER-051,183,Gleann Fán | Glanfahan,Co. Kerry,Ireland,in an institution,museum or college,institution,repository,National Museum of Ireland,NMI
I-KER-052,184,Gort na gCuileannach | Gortnagullanagh,Co. Kerry,Ireland,in an institution,museum or college,institution,repository,National Museum of Ireland,NMI
I-KER-053,185,Inis Mhic Aoibhleáin | Inishvickillane,Co. Kerry,Ireland,in an institution,museum or college,institution,repository,Trinity College Dublin,Now on display in the library of Trinity College Dublin where it was examined and recorded in 3D in collaboration with the Discovery Programme in 2014 as part of the Ogham in 3D project.
I-KER-054,186,Cill Fhiontain | Kilfountan,Co. Kerry,Ireland,out in the landscape,in situ or at the find site,in_situ,matched “in situ”,,"The stone remains in situ, set loosely into the W side of a mound of quartz which merges with the collapse from the NE corner of the oratory (Cuppage 1986, no. 849). It was recorded using photogrammetry for the Ogham in 3D project in 2016 by Emmy Van Den Berg, a participant on the Corca Dhuibhne 3D project."
I-KER-055,187,Cill Maoilchéadair | Kilmalkedar,Co. Kerry,Ireland,"indoors, but visitable",inside a church,church,matched “ing through the graveyard to the churc”,,"In situ, on the N side of the pathway leading through the graveyard to the church. This stone was recorded in 3D in 2013 as part of the Ogham in 3D project in collaboration with the Discovery Programme."
I-KER-056,188,Cinn Aird | Kinard East 1,Co. Kerry,Ireland,out in the landscape,in a churchyard,churchyard,matched “graveyard”,,in situ (upright and half buried in graveyard)
I-KER-057,189,Cinn Aird | Kinard East 2,Co. Kerry,Ireland,out in the landscape,in a churchyard,churchyard,matched “graveyard”,,in situ (recumbant and beneath sods in graveyard)
I-KER-058,190,Log na gCapall | Lugnagappul 1,Co. Kerry,Ireland,out in the landscape,in situ or at the find site,in_situ,matched “in situ”,,in situ (most northerly of line of stones along perimiter of cairn)
I-KER-059,191,Log na gCapall | Lugnagappul 2,Co. Kerry,Ireland,out in the landscape,in situ or at the find site,in_situ,matched “in situ”,,in situ (middle stone of line of stones along perimiter of cairn)
I-KER-060,192,Martromán | Martramane,Co. Kerry,Ireland,in an institution,museum or college,institution,repository,National Museum of Ireland,NMI
I-KER-061,193,Mám an Óraigh | Maumanorig,Co. Kerry,Ireland,out in the landscape,in situ or at the find site,in_situ,matched “In situ”,,"In situ at Kilcolman (Cill na gColmán), near the SE edge of the enclosure. Recorded in 3D in collaboration with the Discovery Programme in 2013 as part of the Ogham in 3D project."
I-KER-062,194,An Ráth Dubh | Rathduff 1,Co. Kerry,Ireland,out in the landscape,in a churchyard,churchyard,matched “graveyard”,,in situ (upright against the W end of a modern tomb near the E side of the graveyard)
I-KER-063,194A,An Ráth Dubh | Rathduff 2,Co. Kerry,Ireland,out in the landscape,in a churchyard,churchyard,matched “graveyard”,,in situ (lying beside W end of a modern tomb in the W side of the graveyard)
I-KER-064,195,Ráth Málóid | Rathmalode 1,Co. Kerry,Ireland,in an institution,museum or college,institution,repository,National Museum of Ireland,Músaem Chorca Dhuibhne (on loan from National Museum of Ireland)
I-KER-065,196,Ráth Málóid | Rathmalode 2,Co. Kerry,Ireland,in an institution,museum or college,institution,repository,Músaem Chorca Dhuibhne,Músaem Chorca Dhuibhne
I-KER-066,197,Cúil Má Gort | Coolmagort 1,Co. Kerry,Ireland,out in the landscape,built into a structure,structure,matched “souterrain”,,Erected by the OPW in 1940 beside a public roadway near the site of the souterrain.
I-KER-067,198,Cúil Má Gort | Coolmagort 2,Co. Kerry,Ireland,out in the landscape,built into a structure,structure,matched “souterrain”,,Erected by the OPW in 1940 beside a public roadway near the site of the souterrain.
I-KER-068,199,Cúil Má Gort | Coolmagort 3,Co. Kerry,Ireland,out in the landscape,built into a structure,structure,matched “souterrain”,,Erected by the OPW in 1940 beside a public roadway near the site of the souterrain.
I-KER-069,200,Cúil Má Gort | Coolmagort 4,Co. Kerry,Ireland,out in the landscape,built into a structure,structure,matched “souterrain”,,Erected by the OPW in 1940 beside a public roadway near the site of the souterrain.
I-KER-070,201,Cúil Má Gort | Coolmagort 5,Co. Kerry,Ireland,out in the landscape,built into a structure,structure,matched “souterrain”,,Erected by the OPW in 1940 beside a public roadway near the site of the souterrain.
I-KER-071,202,Cúil Má Gort | Coolmagort 6,Co. Kerry,Ireland,out in the landscape,built into a structure,structure,matched “souterrain”,,Erected by the OPW in 1940 beside a public roadway near the site of the souterrain.
I-KER-072,203,Cúil Má Gort | Coolmagort 7,Co. Kerry,Ireland,out in the landscape,built into a structure,structure,matched “souterrain”,,Erected by the OPW in 1940 beside a public roadway near the site of the souterrain.
I-KER-073,204,An Currach Mór Thoir | Curraghmore East,Co. Kerry,Ireland,out in the landscape,in situ or at the find site,in_situ,matched “in situ”,,in situ
I-KER-074,205,"""Derrygarriv"" Doire Coinche | Derryquin 1",Co. Kerry,Ireland,in an institution,museum or college,institution,repository,National Museum of Ireland,NMI
I-KER-075,206,Cill Chuallachta Thoir | Kilcoolaght East 1,Co. Kerry,Ireland,out in the landscape,in a protective enclosure,enclosure,matched “modern enclosure”,,in situ (in a modern enclosure in an area of a field recorded as a burial ground)
I-KER-076,207,Cill Chuallachta Thoir | Kilcoolaght East 2,Co. Kerry,Ireland,out in the landscape,in a protective enclosure,enclosure,matched “modern enclosure”,,in situ (in a modern enclosure in an area of a field recorded as a burial ground)
I-KER-077,208,Cill Chuallachta Thoir | Kilcoolaght East 3,Co. Kerry,Ireland,not described,setting not described,undescribed,no observed statement in the edition,,
I-KER-078,209,Cill Chuallachta Thoir | Kilcoolaght East 4,Co. Kerry,Ireland,out in the landscape,in a protective enclosure,enclosure,matched “modern enclosure”,,In situ (in a modern enclosure in an area of a field recorded as a burial ground).
I-KER-079,210,Cill Chuallachta Thoir | Kilcoolaght East 5,Co. Kerry,Ireland,out in the landscape,in a protective enclosure,enclosure,matched “modern enclosure”,,in situ (in a modern enclosure in an area of a field recorded as a burial ground)
I-KER-080,211,Cill Chuallachta Thoir | Kilcoolaght East 6,Co. Kerry,Ireland,out in the landscape,in a protective enclosure,enclosure,matched “modern enclosure”,,in situ (in a modern enclosure in an area of a field recorded as a burial ground)
I-KER-081,212,Cill Chuallachta Thoir | Kilcoolaght East 7,Co. Kerry,Ireland,out in the landscape,in a protective enclosure,enclosure,matched “modern enclosure”,,in situ (in a modern enclosure in an area of a field recorded as a burial ground)
I-KER-082,213,Cill Chuallachta Thoir | Kilcoolaght East 8,Co. Kerry,Ireland,not described,setting not described,undescribed,no observed statement in the edition,,
I-KER-083,214,Cill Ghobnait |Kilgobnet,Co. Kerry,Ireland,not described,setting not described,undescribed,no observed statement in the edition,,
I-KER-084,214,Cill Ghobnait |Kilgobnet,Co. Kerry,Ireland,not described,setting not described,undescribed,no observed statement in the edition,,
I-KER-085,215,Bánchluain | Whitefield 1,Co. Kerry,Ireland,in an institution,museum or college,institution,repository,National Museum of Ireland,Kerry County Museum (on loan from National Mumeum of Ireland).
I-KER-086,216,Bánchluain | Whitefield 2,Co. Kerry,Ireland,in an institution,museum or college,institution,repository,National Museum of Ireland,NMI
I-KER-087,217,Bánchluain | Whitefield 3,Co. Kerry,Ireland,in an institution,museum or college,institution,repository,National Museum of Ireland,"NMI (53.340304, -6.255115)"
I-KER-088,218,Bánchluain | Whitefield 4,Co. Kerry,Ireland,in an institution,museum or college,institution,repository,National Museum of Ireland,"NMI (53.340304, -6.255115)"
I-KER-089,218A,Bánchluain | Whitefield 5,Co. Kerry,Ireland,not described,setting not described,undescribed,no observed statement in the edition,,
I-KER-090,219,Doire Ghearráin Theas | Derrygarrane South,Co. Kerry,Ireland,not described,setting not described,undescribed,no observed statement in the edition,,
I-KER-091,220,Doire Fhíonáin Beag |Darrynane Beg,Co. Kerry,Ireland,out in the landscape,in situ or at the find site,in_situ,matched “in situ”,,in situ (Re-erected on the shore close-by to the findspot on the strand)
I-KER-092,221,Drom Loiscthe | Dromlusk,Co. Kerry,Ireland,out in the landscape,in situ or at the find site,in_situ,matched “in situ”,,in situ (in bog)
I-KER-093,222,An Mhangarta | Mangerton,Co. Kerry,Ireland,out in the landscape,in situ or at the find site,in_situ,matched “In situ”,,"In situ at Adare Manor with four other ogham stones (I-KER-096, I-KER-113, I-KER-114 and I-KER-116) in a small grove of trees between the house and the golf club."
I-KER-094,223,"""Parknasilla"" Doire Coinche | Derryquin 2""",Co. Kerry,Ireland,in an institution,museum or college,institution,repository,National Museum of Ireland,"NMI (53.340304, -6.255115)"
I-KER-095,224,Drom an tSeabhaic | Dromatouk,Co. Kerry,Ireland,out in the landscape,in situ or at the find site,in_situ,matched “in situ”,,in situ
I-KER-096,225,"""""""Gortmaccree"""" (Gurteenmacree, later Gurteen, parish of Kilgarvan)""",Co. Kerry,Ireland,out in the landscape,in situ or at the find site,in_situ,matched “In situ”,,"In situ at Adare Manor with four other ogham stones (I-KER-093, I-KER-113, I-KER-114 and I-KER-116) in a small grove of trees between the house and the golf club."
I-KER-097,226,Inse na nEach | Inchinanagh,Co. Kerry,Ireland,out in the landscape,in situ or at the find site,in_situ,matched “in situ”,,in situ (prostrate)
I-KER-098,227,An Lománach | Lomanagh,Co. Kerry,Ireland,out in the landscape,in situ or at the find site,in_situ,matched “in situ”,,in situ
I-KER-099,228,Na Ceathrúna | Carhoona,Co. Kerry,Ireland,in an institution,museum or college,institution,repository,"Pitt-Rivers Museum, Oxford","Pitt-Rivers Museum, Oxford"
I-KER-100,229,Ceann Boirinn | Canburrin,Co. Kerry,Ireland,out in the landscape,in situ or at the find site,in_situ,matched “in situ”,,in situ
I-KER-101,230,Clochán Cárthainn | Cloghanecarhan,Co. Kerry,Ireland,out in the landscape,in situ or at the find site,in_situ,matched “in situ”,,"in situ (ies on two concrete mounts just outside the entrance at the E, close to findspot)"
I-KER-102,231,An Chúil Thoir | Cool East 1,Co. Kerry,Ireland,out in the landscape,in a churchyard,churchyard,matched “burial ground”,,in situ (standing in the SE quadrant of the burial ground)
I-KER-103,232,An Chúil Thoir | Cool East 2,Co. Kerry,Ireland,out in the landscape,in situ or at the find site,in_situ,matched “in situ”,,in situ (400m SW of Cool East 1)
I-KER-104,233,Drom Caor | Dromkeare,Co. Kerry,Ireland,out in the landscape,in a churchyard,churchyard,matched “burial ground”,,in situ (close to the NE limits of burial ground)
I-KER-105,234,Cill Choimhtheach | Kilkeehagh,Co. Kerry,Ireland,out in the landscape,in situ or at the find site,in_situ,matched “in situ”,,in situ
I-KER-106,235,Cill Ó gCróin | Killogrone,Co. Kerry,Ireland,out in the landscape,in a churchyard,churchyard,matched “burial ground”,,in situ (removed from the burial ground in the 1870s but later returned)
I-KER-107,236,Cill Urlaí | Killurly 1,Co. Kerry,Ireland,out in the landscape,in situ or at the find site,in_situ,matched “in a field”,,Lying prostrate in a field on the other side of the ditch from its original side and east of the road (Macalister). Taken from Ceallúnach or well (KE097-002----) c. 400m to W
I-KER-108,238,Leitir | Letter,Co. Kerry,Ireland,in an institution,museum or college,institution,repository,Kerry County Museum,KCM (Tralee)
I-KER-109,239,Leitir Thiar | Letter West,Co. Kerry,Ireland,out in the landscape,in a churchyard,churchyard,matched “burial ground”,,in situ (stands close to the SE corner of burial ground on oval platform)
I-KER-110,240,Tír Ó Maoil | Teeromoyle,Co. Kerry,Ireland,out in the landscape,in a churchyard,churchyard,matched “burial ground”,,in situ (in burial ground 3.5m NE of the cross-slab)
I-KER-111,241,Cill Bheanáin | Kilbonane,Co. Kerry,Ireland,out in the landscape,in a protective enclosure,enclosure,matched “Modern collection”,,Modern collection at Coolmagort
I-KER-112,242,Páirc an Mhóinéir | Parkavonear 1,Co. Kerry,Ireland,"indoors, but visitable",inside a church,church,matched “chancel”,,in situ (cemented to top of the S wall of the chancel of Aghadoe church)
I-KER-113,243,Gort na Cloiche Meánach | Rockfield Middle 1,Co. Kerry,Ireland,out in the landscape,in situ or at the find site,in_situ,matched “In situ”,,"In situ at Adare Manor with four other ogham stones (I-KER-093, I-KER-096, I-KER-114 and I-KER-116) in a small grove of trees between the house and the golf club."
I-KER-114,244,Gort na Cloiche Meánach | Rockfield Middle 2,Co. Kerry,Ireland,out in the landscape,in situ or at the find site,in_situ,matched “In situ”,,"In situ at Adare Manor with four other ogham stones (I-KER-093, I-KER-096, I-KER-113 and I-KER-116) in a small grove of trees between the house and the golf club."
I-KER-115,245,Gort na Cloiche Meánach | Rockfield Middle 3,Co. Kerry,Ireland,lost or unlocated,lost or unlocated,lost,matched “Lost”,,Lost
I-KER-116,246,Gort na Cloiche Meánach | Rockfield Middle 4,Co. Kerry,Ireland,out in the landscape,in situ or at the find site,in_situ,matched “In situ”,,"In situ at Adare Manor with four other ogham stones (I-KER-093, I-KER-096, I-KER-113 and I-KER-114) in a small grove of trees between the house and the golf club."
I-KER-117,246A,Aird Chánachta | Ardcanaght 1,Co. Kerry,Ireland,out in the landscape,in a protective enclosure,enclosure,matched “nearby modern enclosure”,,"Kept in a nearby modern enclosure with I-KER-118 and a boulder with rock art (52.169117, -9.725815)."
I-KER-118,246B,Aird Chánachta | Ardcanaght 2,Co. Kerry,Ireland,out in the landscape,in a protective enclosure,enclosure,matched “nearby modern enclosure”,,"Kept in a nearby modern enclosure with I-KER-117 and a boulder with rock art (52.169117, -9.725815)."
I-KER-119,247,Ard Uí Mhánaigh | Ardywanig,Co. Kerry,Ireland,not described,setting not described,undescribed,no observed statement in the edition,,
I-KER-120,248,Bán an Ghleanna | Bawnaglanna,Co. Kerry,Ireland,out in the landscape,in private or institutional grounds,grounds,matched “Brought by farmer to”,,"Brought by farmer to new premises at Tournanoulagh 52.166077 , -9.490352, where it was recorded (rediscovered) in 1986"
I-KER-121,249,An Bhreac-choill | Brackhill,Co. Kerry,Ireland,not described,setting not described,undescribed,no observed statement in the edition,,
I-KER-122,250,Corcaigh Bhuí | Corkaboy,Co. Kerry,Ireland,out in the landscape,in situ or at the find site,in_situ,matched “Pres loc”,,Pres loc: Keel KE046-031----
I-KER-123,251,An Chraig | Crag,Co. Kerry,Ireland,out in the landscape,in situ or at the find site,in_situ,matched “in situ”,,in situ
I-KER-124,252,An Garrán Darach | Garraundarragh ('Gurrane'),Co. Kerry,Ireland,in an institution,museum or college,institution,repository,National Museum of Ireland,"NMI (53.340304, -6.255115)"
I-KER-125,253,Cill Orglan | Killorglin I ('near'),Co. Kerry,Ireland,in an institution,museum or college,institution,repository,National Museum of Ireland,"NMI (53.340304, -6.255115)"
I-KER-126,254,Fearann na gCat | Churchtown,Co. Kerry,Ireland,in an institution,museum or college,institution,repository,National Museum of Ireland,NMI
I-KER-127,255,Tigh na hAille | Tinnahally 1,Co. Kerry,Ireland,in an institution,museum or college,institution,repository,National Museum of Ireland,In the collection of the National Museum of Ireland. Recorded in 3D in collaboration with the Discovery Programme in 2017 as part of the Ogham in 3D project.
I-KER-128,256,Tigh na hAille | Tinnahally 2,Co. Kerry,Ireland,in an institution,museum or college,institution,repository,National Museum of Ireland,In the collection of the National Museum of Ireland. Recorded in 3D in collaboration with the Discovery Programme in 2016 as part of the Ogham in 3D project.
I-KER-129,256A,Cluain na Lobhar | Cloonalour (Tralee),Co. Kerry,Ireland,not described,setting not described,undescribed,no observed statement in the edition,,
I-KER-130,1082,Baile Bhromáin | Ballybroman,Co. Kerry,Ireland,out in the landscape,in private or institutional grounds,grounds,matched “College”,,"Tralee Community College (Clash in 1992), now https://kerrycollege.ie/campus-locations/clash-road/"
I-KER-131,1083,Ráth Cionaoith | Rathkenny 1,Co. Kerry,Ireland,out in the landscape,built into a structure,structure,matched “lintel”,,"Acting as a lintel, centrally positioned over the entrance chamber of the souterrain"
I-KER-132,1084,Ráth Cionaoith | Rathkenny 2,Co. Kerry,Ireland,out in the landscape,built into a structure,structure,matched “lintel”,,"Acting as a lintel on the passage leading to the N chamber, to the right on entering the souterrain"
I-KER-133,1085,Ráth Cionaoith | Rathkenny 3,Co. Kerry,Ireland,out in the landscape,built into a structure,structure,matched “lintel”,,"Stolen from its position as internal lintel in the other chamber, to the left on entering the souterrain."
I-KER-134,,Ráth Cionaoith | Rathkenny 4,Co. Kerry,Ireland,out in the landscape,built into a structure,structure,matched “lintel”,,Acting as a lintel on the internal chamber side of the passage to the right (N chamber) - i.e. other side of passage from no. 2
I-KER-135,1086,Cill Ghuilbin Thoir | Kilgulbin East,Co. Kerry,Ireland,in an institution,museum or college,institution,repository,National Museum of Ireland,"On display at the National Museum of Ireland, Dublin."
I-KER-136,,Oileán an Teampaill | Church Island,Co. Kerry,Ireland,in an institution,museum or college,institution,repository,Cork Public Museum,"Cork Public Museum (51.896085, -8.494222)"
I-KER-137,,An Gaorthadh Theas | Gearha South,Co. Kerry,Ireland,in an institution,museum or college,institution,repository,Cork Public Museum,Cork Public Museum
I-KER-138,,Caol na bhFuarán | Brookhill,Co. Kerry,Ireland,in an institution,museum or college,institution,repository,National Museum of Ireland,Kerry County Museum (on loan from National Mumeum of Ireland).
I-KER-139,,Ráth Teas | Ratass,Co. Kerry,Ireland,"indoors, but visitable",inside a church,church,matched “in situ (inside church”,,in situ (inside church ruin)
I-KER-140,,Cnoc an Gharráin | Knockagarrane,Co. Kerry,Ireland,out in the landscape,in situ or at the find site,in_situ,matched “in situ”,,in situ (in garden close to where found)
I-KER-141,,Com an Lóndraigh | Coumlanders,Co. Kerry,Ireland,in an institution,museum or college,institution,repository,Músaem Chorca Dhuibhne,"Músaem Chorca Dhuibhne (West Kerry Museum 52.166593, -10.405998)"
I-KER-142,,Inse an Chomair | Inchincummer,Co. Kerry,Ireland,out in the landscape,in private or institutional grounds,grounds,matched “garden”,,front garden of private house
I-KER-143,,Trá Lí | Tralee,Co. Kerry,Ireland,in an institution,museum or college,institution,repository,Kerry County Museum,"Kerry County Museum (52.266743, -9.705975)"
I-KER-144,,Bun Binne | Bunbinnia,Co. Kerry,Ireland,out in the landscape,in situ or at the find site,in_situ,matched “near find spot”,,erected near find spot
I-KER-145,,Tiobraid Bheag | Tubrid Beg,Co. Kerry,Ireland,out in the landscape,in situ or at the find site,in_situ,matched “in situ”,,in situ
I-KER-146,,Ráth Ciaráin | Rathkieran,Co. Kerry,Ireland,out in the landscape,built into a structure,structure,matched “built into”,,"in situ (built into external face of the W gable of Killemlagh Church, traditionally associated with St Finan, as is a holy well located a short distance to W (KE096-007-----) (OSullivan/Sheehan/1996)"
I-KER-147,,An Gabhlán | Gowlane,Co. Kerry,Ireland,out in the landscape,in a churchyard,churchyard,matched “burial ground”,,in situ (in NW corner of children's burial ground within possible ecclesiastical enclosure (KE048-113001-))
I-KER-148,,An Cnoc Breac | Knockbrack,Co. Kerry,Ireland,out in the landscape,in situ or at the find site,in_situ,matched “in situ”,,in situ
I-KER-149,,Cill Mhaoile Theas | Kilmoyly South,Co. Kerry,Ireland,out in the landscape,in situ or at the find site,in_situ,matched “in situ”,,in situ
I-KER-150,,Formaoil |Fermoyle,Co. Kerry,Ireland,in an institution,museum or college,institution,repository,Kerry County Museum,"In Kerry County Museum, Tralee, Co. Kerry."
I-KER-151,,BAILE MÓR THIAR,Co. Kerry,Ireland,out in the landscape,in private or institutional grounds,grounds,matched “private possession”,,in private possession
I-KER-152,,Ballyvelly,Co. Kerry,Ireland,not described,setting not described,undescribed,no observed statement in the edition,,
I-KER-153,,Unknown (Dunraven Collection),Co. Kerry,Ireland,not described,setting not described,undescribed,no observed statement in the edition,,
I-KER-154,,An Chillín Liath | Killeenleagh,Co. Kerry,Ireland,out in the landscape,in situ or at the find site,in_situ,matched “in situ”,,"Recorded in situ by the Archaeological Survey of South Kerry (O'Sullivan and Sheehan 1996, no. 957)."
I-KER-L01,154A,Baile an Reannaigh | Ballinrannig 8?,Co. Kerry,Ireland,not described,setting not described,undescribed,no observed statement in the edition,,
I-KER-L02,,An Baile Íochtarach | Ballyeightragh,Co. Kerry,Ireland,not described,setting not described,undescribed,no observed statement in the edition,,
I-KER-L03,,Baile an Ghóilín | Burnham,Co. Kerry,Ireland,not described,setting not described,undescribed,no observed statement in the edition,,
I-KER-L04,,Coolnagoppoge,Co. Kerry,Ireland,not described,setting not described,undescribed,no observed statement in the edition,,
I-KER-L05,237,Cill Urlaí | Killurly 2,Co. Kerry,Ireland,not described,setting not described,undescribed,no observed statement in the edition,,
I-KER-L06,,An Lóthar | Loher,Co. Kerry,Ireland,not described,setting not described,undescribed,no observed statement in the edition,,
I-KER-L07,242A,Páirc an Mhóinéir | Parkavonear 2,Co. Kerry,Ireland,not described,setting not described,undescribed,no observed statement in the edition,,
I-KER-L08,,Gort na Cloiche Meánach | Rockfield Middle 5,Co. Kerry,Ireland,not described,setting not described,undescribed,no observed statement in the edition,,
I-KER-L09,,Gort na Cloiche Meánach | Rockfield Middle 6,Co. Kerry,Ireland,not described,setting not described,undescribed,no observed statement in the edition,,
I-KER-L10,,Ard Uí Mhánaigh | Ardywanig,Co. Kerry,Ireland,not described,setting not described,undescribed,no observed statement in the edition,,
I-KER-L11,,Castleconway,Co. Kerry,Ireland,not described,setting not described,undescribed,no observed statement in the edition,,
I-KER-X01,,Bushmount,Co. Kerry,Ireland,not described,setting not described,undescribed,no observed statement in the edition,,
I-KER-X02,,PÁIRC AN TEAMPAILL,Co. Kerry,Ireland,not described,setting not described,undescribed,no observed statement in the edition,,
I-KER-X03,,Clonsharagh,Co. Kerry,Ireland,not described,setting not described,undescribed,no observed statement in the edition,,
I-KER-X04,,Gortacurraun,Co. Kerry,Ireland,not described,setting not described,undescribed,no observed statement in the edition,,
I-KER-X05,,Vicarstown,Co. Kerry,Ireland,not described,setting not described,undescribed,no observed statement in the edition,,
I-KER-X06,,An Mhangarta | Mangerton,Co. Kerry,Ireland,out in the landscape,built into a structure,structure,matched “souterrain”,,in possible (sealed) souterrain (KE085-005001-) - local info?
I-KER-X07,,An Doirín | Derreen,Co. Kerry,Ireland,not described,setting not described,undescribed,no observed statement in the edition,,
I-KER-X08,,An Leathfhearann Theas | Laharan South 1,Co. Kerry,Ireland,not described,setting not described,undescribed,no observed statement in the edition,,
I-KER-X09,,An Leathfhearann Theas | Laharan South 2,Co. Kerry,Ireland,not described,setting not described,undescribed,no observed statement in the edition,,
I-KER-X10,,Cathair Néid |Cahernead,Co. Kerry,Ireland,out in the landscape,built into a structure,structure,matched “souterrain”,,in situ (sealed souterrain)
I-KID-001,19,Baile Choilbín | Colbinstown 1,Co. Kildare,Ireland,in an institution,museum or college,institution,repository,National Museum of Ireland,"On display in the Treasury of the National Museum of Ireland, Dublin. The stone was recorded in 3D (using an Artec Leo structured light scanner) in collaboration with the Discovery Programme in February 2022 as part of the OG(H)AM project."
I-KID-002,20,Baile Choilbín | Colbinstown 2,Co. Kildare,Ireland,in an institution,museum or college,institution,repository,National Museum of Ireland,"In the collection of the National Museum of Ireland, Dublin, where it was examined and recorded by the Ogham in 3D project in 2010, with assistance from the Irish Inscribed Stones Project (Moore Institute, Galway)."
I-KID-004,22,Baile Choilbín | Colbinstown 4,Co. Kildare,Ireland,out in the landscape,in situ or at the find site,in_situ,matched “in situ”,,"This ogham remains in situ, where it was examined and recorded using photogrammetry for the Ogham in 3D project in 2018."
I-KID-005,23,Baile Choilbín | Colbinstown 5,Co. Kildare,Ireland,out in the landscape,in a churchyard,churchyard,matched “graveyard”,,"Re-erected close to where it was found in the graveyard. This ogham remains in situ, where it was examined and recorded using photogrammetry for the Ogham in 3D project in 2018."
I-KID-007,25,Baile Choilbín | Colbinstown 7,Co. Kildare,Ireland,out in the landscape,in a churchyard,churchyard,matched “graveyard”,,"This ogham remains in situ, lying loose in the SSW of the graveyard, where it was examined and recorded using photogrammetry for the Ogham in 3D project in 2018."
I-KID-008,26,Domhnach Mór | Donaghmore,Co. Kildare,Ireland,in an institution,museum or college,institution,repository,National Museum of Ireland,"Now in the collection of the National Museum of Ireland, where it was examined and recorded, in collaboration with the Discovery Programme, for the Ogham in 3D project in 2016."
I-KIK-001,27,Baile Uí Spealáin | Ballyspellan,Co. Kilkenny,Ireland,in an institution,museum or college,institution,repository,National Museum of Ireland,"National Museum of Ireland, where it was examined and recorded by the OG(H)AM team in November 2023."
I-KIK-002,28,Clárach an Teampaill | Churchclara 1,Co. Kilkenny,Ireland,"indoors, but visitable",inside a church,church,matched “In situ in the East gable of the churc”,,"In situ in the East gable of the church, now partly concealed by a modern tombstone erected against the wall. In 2017 both ogham stones were recorded in 3d using photogrammetry and in June 2020 digitised here as an action of the County Kilkenny Heritage Plan Programme, funded by the Heritage Office of Kilkenny County Council and the Heritage Council."
I-KIK-003,,Clárach an Teampaill | Churchclara 2,Co. Kilkenny,Ireland,"indoors, but visitable",inside a church,church,matched “nave”,,In situ. Built into lower north wall of the nave.
I-KIK-006,31,An Feadán Uachtarach | Fiddaun Upper,Co. Kilkenny,Ireland,out in the landscape,in situ or at the find site,in_situ,matched “In situ”,,"In situ and protected by a small wooden fence. The stone was recorded in 3d (in collaboration with Digital Heritage Age) in 2020 as an action of the County Kilkenny Heritage Plan Programme, funded by the Heritage Office of Kilkenny County Council and the Heritage Council."
I-KIK-007,32,Gabhrán | Gowran,Co. Kilkenny,Ireland,"indoors, but visitable",inside a church,church,matched “chancel”,,On site in the rebuilt chancel.
I-KIK-008,34,An Liagán | Legan,Co. Kilkenny,Ireland,out in the landscape,in situ or at the find site,in_situ,matched “In situ”,,"In situ in front of Legan castle, where it was recorded in 3d (in collaboration with Digital Heritage Age) in June 2020 as an action of the County Kilkenny Heritage Plan Programme, funded by the Heritage Office of Kilkenny County Council and the Heritage Council."
I-KIK-009,35,An Tulaigh Thirim | Tullaherin 1,Co. Kilkenny,Ireland,"indoors, but visitable",inside a church,church,matched “nave”,,"On site at Tullaherin, immediately S of the S wall of the nave of the medieval church (KK024-062001-), towards the W end."
I-KIK-010,,An Tulaigh Thirim | Tullaherin 2,Co. Kilkenny,Ireland,"indoors, but visitable",inside a church,church,matched “nave”,,"On site at Tullaherin, erected close to the round tower in 1983. Situated immediately S of the S wall of the nave of the medieval church (KK024-062001-) at the W end."
I-KIK-011,36,Lamóg | Lamoge 1,Co. Kilkenny,Ireland,out in the landscape,in situ or at the find site,in_situ,matched “On site”,,"On site in the position in which it was discovered, although no longer upright. Both stones were recorded in 3d (in collaboration with Digital Heritage Age) in June 2020 as an action of the County Kilkenny Heritage Plan Programme, funded by the Heritage Office of Kilkenny County Council and the Heritage Council."
I-KIK-012,37,Lamóg | Lamoge 2,Co. Kilkenny,Ireland,out in the landscape,in a churchyard,churchyard,matched “graveyard”,,"On site in the position in which it was discovered, lying in the graveyard. Both stones were recorded in 3d (in collaboration with Digital Heritage Age) in June 2020 as an action of the County Kilkenny Heritage Plan Programme, funded by the Heritage Office of Kilkenny County Council and the Heritage Council."
I-KIK-013,38,Baile Mhuadáin | Ballyboodan,Co. Kilkenny,Ireland,out in the landscape,in a protective enclosure,enclosure,matched “own enclosure”,,"In its own enclosure, lying in a corner of a field by the side of the road."
I-KIK-014,,An tSeanchill |Shankill,Co. Kilkenny,Ireland,in an institution,museum or college,institution,repository,Rothe House Museum,"Now in the 'Old Library' at Rothe House Museum, Kilkenny. The stone was recorded in 3d by Gary Dempsey (Digital Heritage Age) and helpers during a workshop on photogrammetry in Rothe House in November 2018. Added to the O3D website in July 2020 as an action of the County Kilkenny Heritage Plan Programme, funded by the Heritage Office of Kilkenny County Council and the Heritage Council."
I-LDY-001,316,Dún Oilí Uachtarach | Dunalis Upper,Co. Derry | Londonderry,Northern Ireland,out in the landscape,built into a structure,structure,matched “souterrain”,,"In situ in the souterrain, where (thanks to permission and assistance from the Historic Environment Division, Department for Communities of Northern Ireland) it was examined and recorded by members of the OG(H)AM project in July 2022."
I-LOU-002,,Baile Bhalraic | Ballybarrack,Co. Louth,Ireland,in an institution,museum or college,institution,repository,National Museum of Ireland,"On display in Louth County Museum in Dundalk (on loan from the National Museum of Ireland), where it was examined and recorded in 3D using structured light scanning in 2017."
I-MAY-001,3,An tOileán | Island,Co. Mayo,Ireland,out in the landscape,built into a structure,structure,matched “Embedded in”,,"Embedded in the top of a barrow (MA093-038002-) crowning the NE end of a steep-sided ridge. Incremental tilting to the W has continued since its discovery in 1898, to the extent that the stone is now almost prostrate; the base remains embedded in the top of the NE perimeter of the barrow, with apex/top now tilted to a height of 0.43m above the surface of the shallow, central hollow of the barrow (Archaeological Survey of Ireland, Field Report 2017). Visited and 3D recorded as part of the Mayo Ogham project 2022, funded by The Heritage Council and Mayo County Council."
I-MAY-002,4,Cill Mhainín | Kilmannin,Co. Mayo,Ireland,in an institution,museum or college,institution,repository,National Museum of Ireland,National Museum of Ireland (seen and recorded in 3D using structured light scanning in August 2015)
I-MAY-003,5,An Roisín Thiar | Rusheens West,Co. Mayo,Ireland,out in the landscape,built into a structure,structure,matched “holy well”,,"Located in the NE corner of a field of rough, damp, rush-grown pasture, on a low rise, 2m to N of a holy well (MA073-013----). A church (MA073-014001-) and graveyard (MA073-014002-) are located c. 250m to SE, and there is a possible ecclesiastical enclosure (MA073-011001-), named Killerrikeen [Cill Ericín], c. 240m to W... The stone is set upright in a bed of concrete on top of a circular stone-built platform (diam. 3.2m; H 0.45m at N, 1m at S). The perimeter of the platform is defined by a roughly coursed wall of boulders and large, horizontally-laid stones, rising slightly proud of the flat top of the platform. The platform is built up on the S side to compensate for a gentle fall of ground on that side. The top and sides are largely obscured by sod and moss (Archaeological Survey of Ireland, Field Report 2017). 3D recorded for the OG(H)AM project and as part of the Kilmovee Heritage Trail project supported by Mayo County Council Heritage Office in 2021."
I-MAY-004,6,An Baile Beag | Ballybeg,Co. Mayo,Ireland,"indoors, but visitable",inside a church,church,matched “at Killtullagh church”,,"In situ on a broad level terrace on a ridge. To the south of the stone, the ridge slope falls steeply, giving extensive views south-east to west across a broad valley. On the far side of the valley to the south-south-west, the horizon is defined by a high ridge, Kiltullagh Hill, on the summit of which a standing stone is visible, and to the east of that Killtullagh church. Both the ogham stone and the standing stone are located close to the Mayo/Roscommon border (Archaeological Survey of Ireland, Field Report 2017). Visited and 3D recorded as part of the Mayo Ogham project 2022, funded by The Heritage Council and Mayo County Council."
I-MAY-005,7,Corr Odhar | Corrower,Co. Mayo,Ireland,out in the landscape,built into a structure,structure,matched “farmyard”,,"In situ, in a pasture field adjacent to a farmyard, located on a low rise in an undulating landscape of low rounded hills and ridges... Ground rises gently for c. 65m to S to an elevation topped by a cairn (MA040-105----). A rath (MA040-046----) is visible on a low hill c. 380m to NNE (Archaeological Survey of Ireland, Field Report 2017). 3D recorded as part of the Mayo Ogham project 2022, funded by The Heritage Council and Mayo County Council."
I-MAY-006,8,Dumhach Mhic Eoghain | Dooghmakeon,Co. Mayo,Ireland,out in the landscape,in situ or at the find site,in_situ,matched “dunes”,,"Located in marram-grass covered dunes 120m east of the north end of Sruhir Strand. Burials and a midden are located 100m to to the west (Archaeological Survey of Ireland, Field Report 2017). 3D recorded as part of the Mayo Ogham project 2022, funded by The Heritage Council and Mayo County Council."
I-MAY-007,9,Achadh Liag | Aghaleague,Co. Mayo,Ireland,out in the landscape,in situ or at the find site,in_situ,matched “In situ”,,"In situ in pasture, in damp, flat, low-lying ground on the west side of a stream valley. The north-flowing stream is located 40m to the east of the stone between the road and the stone (Archaeological Survey of Ireland, Field Report 2017). Visited and 3D recorded as part of the Mayo Ogham project 2022, funded by The Heritage Council and Mayo County Council."
I-MAY-008,10,Bréisteach | Breastagh,Co. Mayo,Ireland,out in the landscape,in private or institutional grounds,grounds,matched “Re-erected”,,Re-erected after discovery in its current position. Visited and 3d scanned as part of the Ogham in 3D project in August 2014.
I-MAY-009,,Mainistir na Croise | Cross Abbey,Co. Mayo,Ireland,out in the landscape,built into a structure,structure,matched “incorporated into”,,"The ogham stone is incorporated into the outer edge of the low E wall of the grave structure, at a distance of 1.1m from the N wall of the church. The base of the stone is flanked on the S, W and N sides by the grave wall; the E face is more or less flush with the external face of the grave wall (Archaeological Survey of Ireland, Field Report 2017). 3D recorded as part of the Mayo Ogham project 2022, funded by The Heritage Council and Mayo County Council."
I-MAY-010,,Cill na nGarbhán | Kilgarvan,Co. Mayo,Ireland,out in the landscape,in a churchyard,churchyard,matched “graveyard”,,"The pillar was observed (May 2022) lying flat on the ground orientated N-S in the graveyard of Kilgarvan. 3D recorded as part of the Mayo Ogham project, funded by The Heritage Council and Mayo County Council."
I-MAY-X02,,An Caol Thiar | Keel West,Co. Mayo,Ireland,in an institution,museum or college,institution,repository,National Museum of Ireland,It is now in the National Museum of Ireland.
I-MEA-001,40,Baile Phaghain | Painestown,Co. Meath,Ireland,in an institution,museum or college,institution,repository,National Museum of Ireland,Now in the National Museum of Ireland.
I-MEA-003,,Moynagh Lough,Co. Meath,Ireland,in an institution,museum or college,institution,repository,National Museum of Ireland,In the National Museum of Ireland where it was examined and recorded by the OG(H)AM team in November 2023.
I-MEA-004,,Sí an Bhrú | Newgrange,Co. Meath,Ireland,in an institution,museum or college,institution,repository,National Museum of Ireland,National Museum of Ireland (on display in the Treasury).
I-OFF-001,749,Cluain Mhic Nóis | Clonmacnoise,Co. Offaly,Ireland,"indoors, but visitable",visitor or heritage centre,visitor,matched “On display at”,,On display at the Visitors Centre Clonmacnoise.
I-OFF-002,,Baile na hInse | Ballynahinch (Ballinderry Crannóg),Co. Offaly,Ireland,in an institution,museum or college,institution,repository,National Museum of Ireland,National Museum of Ireland.
I-OFF-005,,An Liath Beag | Leabeg,Co. Offaly,Ireland,in an institution,museum or college,institution,repository,National Museum of Ireland,National Museum of Ireland
I-ROS-001,11,An Dromainn | Drummin 1,Co. Roscommon,Ireland,out in the landscape,in situ or at the find site,in_situ,matched “in situ”,,Still standing in situ.
I-ROS-002,,An Dromainn | Drummin 2,Co. Roscommon,Ireland,out in the landscape,built into a structure,structure,matched “rath”,,"The stone is now lying on the ground outside the rath at the SW. Accoding to the landowner, it had fallen from the bank some time ago. When visiting the site to scan the ogham stones in July 2014 this ogham stone was found lying on the ground outside the bank of the ringfort. The local OPW rolled the stone over at this time so that the inscription on the second angle could be recorded."
I-ROS-003,12,Ráth Cruachan | Rathcroghan 1,Co. Roscommon,Ireland,out in the landscape,built into a structure,structure,matched “lintel”,,In situ as a lintel at souterrain entrance to Oweynagat cave.
I-ROS-004,13,Ráth Cruachan | Rathcroghan 2,Co. Roscommon,Ireland,out in the landscape,built into a structure,structure,matched “lintel”,,In situ as a lintel to the right inside the entrance to the souterrain at Oweynagat cave.
I-TIP-X01,,Liath | Leigh,Co. Tipperary,Ireland,in an institution,museum or college,institution,repository,National Museum of Ireland,National Museum of Ireland.
I-TYR-001,317,Achadh Scríobach | Aghascrebagh,Co. Tyrone,Northern Ireland,out in the landscape,in situ or at the find site,in_situ,matched “In situ”,,"In situ, where it was examined and recorded by members of the OG(H)AM project in July 2022."
I-WAT-001,262,Suí Mochuda | Seemochuda,Co. Waterford,Ireland,in an institution,museum or college,institution,repository,University College Cork,"Now on permanent display in the Stone Corridor (‘Rúin na gCloch / Stories in Stone’ exhibition), University College Cork, where it was examined for the OG(H)AM project in May 2024. This is the only ogham stone in the collection not from Co. Cork."
I-WAT-002,263,Aird Mhór | Ardmore 1,Co. Waterford,Ireland,"indoors, but visitable",inside a church,church,matched “in a niche of the chancel of the ruine”,,Displayed in a niche of the chancel of the ruined cathedral at Ardmore opposite Ardmore 3 (I-WAT-004). Examined and recorded in 3D by the Discovery Programme in 2012 as part of the OGHAM in 3D project.
I-WAT-003,264,Aird Mhór | Ardmore 2,Co. Waterford,Ireland,in an institution,museum or college,institution,repository,National Museum of Ireland,National Museum of Ireland. Examined and 3d scanned by the Discovery Programme in August 2025 as part of the OG(H)AM project.
I-WAT-004,265,Aird Mhór | Ardmore 3,Co. Waterford,Ireland,"indoors, but visitable",inside a church,church,matched “in a corner of the chancel of the ruin”,,Standing in a corner of the chancel of the ruined cathedral opposite Ardmore 1 (I-WAT-004). Examined and recorded in 3D by the Discovery Programme in 2012 as part of the OGHAM in 3D project.
I-WAT-005,266,An Drom Mór | Dromore 1 (Cill Tíre),Co. Waterford,Ireland,out in the landscape,in situ or at the find site,in_situ,matched “in situ”,,Remains in situ. Examined and recorded in 3D by Discovery Programme in 2014 as part of the Ogham in 3D project.
I-WAT-006,267,An Drom Mór | Dromore 2 (Cill Tíre),Co. Waterford,Ireland,out in the landscape,in situ or at the find site,in_situ,matched “in situ”,,Remains in situ. Examined and recorded in 3D by Discovery Programme in 2014 as part of the Ogham in 3D project.
I-WAT-007,268,An Drom Mór | Dromore 3 (Cill Tíre),Co. Waterford,Ireland,in an institution,museum or college,institution,repository,National Museum of Ireland,In the National Museum of Ireland collection. Examined and recorded in 3D by Discovery Programme in January 2013 as part of the Ogham in 3D project.
I-WAT-008,269,Ceathrú an Teampaill | Mill and Churchquarter (Grange),Co. Waterford,Ireland,out in the landscape,in a churchyard,churchyard,matched “graveyard”,,"In situ, re-erected as a grave-marker inside the perimeter of the graveyard at the west end."
I-WAT-009,270,An tSráidbhaile Mór | Stradbally More 1,Co. Waterford,Ireland,out in the landscape,in a protective enclosure,enclosure,matched “small enclosure”,,Upright inside the small enclosure surrounding Toberkilleagh Well.
I-WAT-010,271,An tSráidbhaile Mór | Stradbally More 2,Co. Waterford,Ireland,out in the landscape,in a protective enclosure,enclosure,matched “small enclosure”,,Upright inside the small enclosure surrounding Toberkilleagh Well.
I-WAT-011,272,Drom Lócháin | Drumlohan 1,Co. Waterford,Ireland,out in the landscape,built into a structure,structure,matched “souterrain”,,Erected beside the souterrain on site at Drumlohan.
I-WAT-012,273,Drom Lócháin | Drumlohan 2,Co. Waterford,Ireland,out in the landscape,built into a structure,structure,matched “souterrain”,,Erected beside the souterrain on site at Drumlohan.
I-WAT-013,274,Drom Lócháin | Drumlohan 3,Co. Waterford,Ireland,out in the landscape,built into a structure,structure,matched “souterrain”,,Erected beside the souterrain on site at Drumlohan.
I-WAT-014,275,Drom Lócháin | Drumlohan 4,Co. Waterford,Ireland,out in the landscape,built into a structure,structure,matched “souterrain”,,Erected beside the souterrain on site at Drumlohan.
I-WAT-015,276,Drom Lócháin | Drumlohan 5,Co. Waterford,Ireland,out in the landscape,built into a structure,structure,matched “souterrain”,,Erected beside the souterrain on site at Drumlohan.
I-WAT-016,277,Drom Lócháin | Drumlohan 6,Co. Waterford,Ireland,out in the landscape,built into a structure,structure,matched “souterrain”,,Still within the souterrain on site at Drumlohan.
I-WAT-017,278,Drom Lócháin | Drumlohan 7,Co. Waterford,Ireland,out in the landscape,built into a structure,structure,matched “souterrain”,,Still within the souterrain on site at Drumlohan.
I-WAT-018,279,Drom Lócháin | Drumlohan 8,Co. Waterford,Ireland,out in the landscape,built into a structure,structure,matched “souterrain”,,Still within the souterrain on site at Drumlohan.
I-WAT-019,280,Drom Lócháin | Drumlohan 9,Co. Waterford,Ireland,out in the landscape,built into a structure,structure,matched “souterrain”,,Still within the souterrain on site at Drumlohan.
I-WAT-020,281,Drom Lócháin | Drumlohan 10,Co. Waterford,Ireland,out in the landscape,built into a structure,structure,matched “souterrain”,,Still within the souterrain on site at Drumlohan.
I-WAT-021,282,An Baile Beag | Fox’s Castle,Co. Waterford,Ireland,in an institution,museum or college,institution,repository,National Museum of Ireland,National Museum of Ireland (seen and recorded in 3D in May 2016).
I-WAT-024,285,An Chill Bheag | Kilbeg,Co. Waterford,Ireland,in an institution,museum or college,institution,repository,National Museum of Ireland,National Museum of Ireland (examined and 3D scanned in May 2011 as part of the Ogham in 3D project).
I-WAT-025,286,Cill Ghruabháin | Kilgrovan 1,Co. Waterford,Ireland,in an institution,museum or college,institution,repository,Mount Mellary Abbey Heritage Center,"Mount Mellary Abbey Heritage Centre (seen and photographed in Feb 2017). The five stones originally lay in a fenced off grove off trees at Melleray for over 40 years. In 1977 they were moved indoors and were erected in the foyer of the old secondary school, now the Heritage Centre."
I-WAT-030,,Cill Ghruabháin | Kilgrovan 6,Co. Waterford,Ireland,in an institution,museum or college,institution,repository,National Museum of Ireland,National Museum of Ireland (seen and recorded in 3D in Jan 2013).
I-WAT-031,,Cill Ghruabháin | Kilgrovan 7,Co. Waterford,Ireland,in an institution,museum or college,institution,repository,National Museum of Ireland,National Museum of Ireland (seen and recorded in 3D in Jan 2010).
I-WAT-033,292,An Cnoc Buí | Knockboy 1,Co. Waterford,Ireland,"indoors, but visitable",inside a church,church,matched “intel over the north window of the chu”,,Still acting as lintel over the north window of the church at Knockboy. The church and ogham stones were recorded in 3d by Simon Dowling as part of the Knockboy Conservation Project in 2016 (funded by the Heritage Council of Ireland and supported by Waterford County Council).
I-WAT-034,293,An Cnoc Buí | Knockboy 2,Co. Waterford,Ireland,"indoors, but visitable",inside a church,church,matched “intel over the south window of the chu”,,Still a lintel over the south window of the church at Knockboy. The church and ogham stones were recorded in 3d by Simon Dowling as part of the Knockboy Conservation Project in 2016 (funded by the Heritage Council of Ireland and supported by Waterford County Council).
I-WAT-035,294,An Cnoc Buí | Knockboy 3,Co. Waterford,Ireland,"indoors, but visitable",inside a church,church,matched “in place above the south window of the”,,Still in place above the south window of the church at Knockboy. The church and ogham stones were recorded in 3d by Simon Dowling as part of the Knockboy Conservation Project in 2016 (funded by the Heritage Council of Ireland and supported by Waterford County Council).
I-WAT-036,295,An Cnoc Buí | Knockboy 4,Co. Waterford,Ireland,"indoors, but visitable",inside a church,church,matched “inner south door of the church”,,Still in place above the inner south door of the church at Knockboy. The church and ogham stones were recorded in 3d by Simon Dowling as part of the Knockboy Conservation Project in 2016 (funded by the Heritage Council of Ireland and supported by Waterford County Council).
I-WAT-037,296,An Cnoc Buí | Knockboy 5,Co. Waterford,Ireland,"indoors, but visitable",inside a church,church,matched “indow in the west gable of the church”,,Still in place above the upper window in the west gable of the church at Knockboy. The church and ogham stones were recorded in 3d by Simon Dowling as part of the Knockboy Conservation Project in 2016 (funded by the Heritage Council of Ireland and supported by Waterford County Council).
I-WAT-038,297,An Cnoc Buí | Knockboy 6,Co. Waterford,Ireland,"indoors, but visitable",inside a church,church,matched “indow in the west gable of the church”,,Still in place above the lower window in the west gable of the church at Knockboy. The church and ogham stones were recorded in 3d by Simon Dowling as part of the Knockboy Conservation Project in 2016 (funded by the Heritage Council of Ireland and supported by Waterford County Council).
I-WAT-039,298,An Cnoc Buí | Knockboy 7,Co. Waterford,Ireland,"indoors, but visitable",inside a church,church,matched “in the ground in the NW corner of the ”,,The stone is currently upright in the ground in the NW corner of the church ruin. The church and ogham stones were recorded in 3d by Simon Dowling as part of the Knockboy Conservation Project in 2016 (funded by the Heritage Council of Ireland and supported by Waterford County Council).
I-WAT-040,299,An Cnoc Buí | Knockboy 8,Co. Waterford,Ireland,out in the landscape,built into a structure,structure,matched “bridge”,,"Redmond recorded and sketched the stone in 1885 (1885-6, 418-9) and a description with photograph appeared in Macalister's Studies in Irish Epigraphy in 1907 (213). The stone was reported lost by 1940 when Macalister (1945, 289) revisited Salterbridge."
I-WAT-041,,An Cnoc Buí | Knockboy 9,Co. Waterford,Ireland,in an institution,museum or college,institution,repository,National Museum of Ireland,"Currently in the National Museum of Ireland, Dublin."
I-WAT-042,300,An tOileán | Island,Co. Waterford,Ireland,out in the landscape,in situ or at the find site,in_situ,matched “in situ”,,"Remains in situ, lying just inside the perimeter close to the modern entrance with a small cross-carved stone (SMR ID: WA032-029004-) lying beside it. Examined and recorded in 3D by Discovery Programme in 2012 as part of the Ogham in 3D project."
I-WAT-048,307,Bearna na Gaoithe | Windgap,Co. Waterford,Ireland,out in the landscape,built into a structure,structure,matched “rath”,,In the north-west quadrant of the interior of the rath. Examined and photographed in September 2025 as part of the OG(H)AM project.
I-WAT-049,,Cnocán Machan | Knockmahon 1,Co. Waterford,Ireland,"indoors, but visitable",visitor or heritage centre,visitor,matched “Geopark”,,"On display with Knockmahon 2 (I-WAT-050) at Bunmahon Geopark, c.600m from Knockmahon promontory fort."
I-WAT-050,,Cnocán Machan | Knockmahon 2,Co. Waterford,Ireland,"indoors, but visitable",visitor or heritage centre,visitor,matched “Geopark”,,"On display with Knockmahon 1 (I-WAT-049) at Bunmahon Geopark, c.600m from Knockmahon promontory fort."
I-WEX-003,46,Geata an Phóirtéaraigh | Portersgate,Co. Wexford,Ireland,in an institution,museum or college,institution,repository,National Museum of Ireland,National Museum of Ireland (seen and recorded in 3D in Jan 2015).
I-WIC-001,47,Cáisleán tSíomoin | Castletimon,Co. Wicklow,Ireland,out in the landscape,in situ or at the find site,in_situ,matched “Still at the find”,,"Still at the find site, situated at the edge of the road on level ground overlooking the Potter's River valley."
I-WIC-002,48,Dún Ard | Donard,Co. Wicklow,Ireland,out in the landscape,in private or institutional grounds,grounds,matched “village green”,,"Located on the village green since 1995, having had three previous locations."
I-WIC-003,49,Bealach Conglais | Baltinglass,Co. Wicklow,Ireland,in an institution,museum or college,institution,repository,National Museum of Ireland,"National Museum of Ireland, Dublin, where both fragments were examined and 3D scanned in March 2011 as part of the Ogham in 3D project."
I-WIC-004,50,Buaile an Charraigín | Boleycarrigeen,Co. Wicklow,Ireland,out in the landscape,in situ or at the find site,in_situ,matched “In situ”,,In situ.
I-WIC-005,51,An Cnoicín | Knickeen,Co. Wicklow,Ireland,out in the landscape,in situ or at the find site,in_situ,matched “In situ”,,"In situ, on level ground in forestry. The area around the stone was recently cleared."
M-IOM-001,503,Ballaqueeney 1,,Isle of Man,in an institution,museum or college,institution,repository,Manx Museum,Now in the Manx Museum (Category: MM 1). Recorded by OG(H)AM team in June 2024.
M-IOM-002,504,Ballaqueeney 2,,Isle of Man,in an institution,museum or college,institution,repository,Manx Museum,Now in Manx Museum. Recorded by OG(H)AM project in June 2024.
M-IOM-003,501,Bimaken Friary 1,,Isle of Man,in an institution,museum or college,institution,repository,Manx Museum,Now in Manx Museum.
M-IOM-004,502,Bimaken Friary 2,,Isle of Man,in an institution,museum or college,institution,repository,Manx Museum,Now in Manx Museum.
M-IOM-005,,Kirk Michael,,Isle of Man,"indoors, but visitable",inside a church,church,matched “In the north transept of Kirk Michael ”,,In the north transept of Kirk Michael church (MM 130).
M-IOM-006,,Maghal | Maughold 2,,Isle of Man,"indoors, but visitable",inside a church,church,matched “House of Crosses”,,'House of Crosses' at Maughold (MM 145).
M-IOM-007,500,Knoc y Doonee,,Isle of Man,in an institution,museum or college,institution,repository,Manx Museum,Now in Manx Museum.
M-IOM-008,1068,Ballavarkish,,Isle of Man,"indoors, but visitable",inside a church,church,matched “In Bride church”,,In Bride church. Observed in June 2024 during visit by OG(H)AM team for 3D recording and RTI.
M-IOM-009,,Speke Farm Keeill Stone,,Isle of Man,in an institution,museum or college,institution,repository,Manx Museum,Now in Manx Museum.
S-ABD-001,,Newton,Aberdeenshire,Scotland,out in the landscape,in private or institutional grounds,grounds,matched “grounds of”,,Recorded on the grounds of Newton House on May 15th 2022.
S-ABD-002,,Logie Elphinstone,Aberdeenshire,Scotland,out in the landscape,in private or institutional grounds,grounds,matched “grounds of”,,"Recorded on the grounds of Logie Elphinstone House, to the west of the house at NJ 7033 2588, on May 18th 2022."
S-ABD-003,,Formaston,Aberdeenshire,Scotland,"indoors, but visitable",visitor or heritage centre,visitor,matched “Victory hall”,,Recorded in Aboyne Victory hall on August 8th 2023.
S-ABD-004,,Brandsbutt,Aberdeenshire,Scotland,out in the landscape,in a protective enclosure,enclosure,matched “small enclosure”,,Recorded in a small enclosure near the junction of Brankie Road and Gordon Terrace in the north-west area of Inverurie on May 19th 2022.
S-ABD-005,,Afforsk,Aberdeenshire,Scotland,out in the landscape,in situ or at the find site,in_situ,matched “in situ”,,Recorded in situ on a low hill in Bennachie Forest.
S-ABD-006,,Dyce,Aberdeenshire,Scotland,"indoors, but visitable",inside a church,church,matched “in St Fergus church”,,Recorded in St Fergus church on May 17th 2022.
S-ABD-007,,Chapel of Garioch,Aberdeenshire,Scotland,out in the landscape,in private or institutional grounds,grounds,matched “beside a minor road”,,Recorded beside a minor road at NJ 70378 24714 on May 19th 2022.
S-ANS-001,,St Vigeans,Angus,Scotland,in an institution,museum or college,institution,repository,St Vigeans Museum,Recorded in St Vigeans Museum (HES).
S-ANS-002,,Kirriemuir,Angus,Scotland,in an institution,museum or college,institution,repository,"Meffan Museum and Gallery, Forfar","Recorded in Meffan Museum and Gallery, Forfar on 10 June 2025 to 3D record the stone for OG(H)AM."
S-ANS-003,,Monifieth,Angus,Scotland,in an institution,museum or college,institution,repository,National Museums of Scotland,Recorded in National Museums Scotland.
S-ARL-001,506,Gigha 1,Argyll,Scotland,out in the landscape,in situ or at the find site,in_situ,matched “in situ”,,Visited and recorded in situ in 2022.
S-ARL-002,507,Poltalloch,Argyll and Bute,Scotland,in an institution,museum or college,institution,repository,National Museums of Scotland,The stone is part of the Poltalloch Collection on loan in the National Museums of Scotland and is currently on display in the Queen Street Antiquities Museum (HPO470). Visited and recorded on 6 May 2022.
S-ARL-003,,Dún Ad | Dunadd,Argyll,Scotland,out in the landscape,in situ or at the find site,in_situ,matched “in situ”,,"Forsyth (1996, 232) visited Dunadd in August 1995 in situ, by which time the facsimile had been in place for 18 years and there is no reason to believe that the carved surface, which is still completely intact, is significantly less clear than when it was first cast in 1978."
S-ARL-004,,Lochgoilhead,Argyll,Scotland,"indoors, but visitable",inside a church,church,matched “inside the Lochgoilhead parish church”,,The Lochgoilhead stone and inscription was examined and observed by Forsyth in November 1992 during its time in Edinburgh in the care of the Royal Commission on the Ancient and Historical Monuments of Scotland (RCAHMS) team. The stone was 3D recorded by the OG(H)AM team on 16 September 2022 inside the Lochgoilhead parish church in Lochgoilhead and Kilmory.
S-BUT-001,,Blackwaterfoot 1,Bute,Scotland,out in the landscape,in situ or at the find site,in_situ,matched “In situ”,,In situ.
S-BUT-002,,Inchmarnock 1,Bute,Scotland,in an institution,museum or college,institution,repository,Bute Museum,Currently on loan to the Bute Museum from the National Museum of Scotland (X.2012.27.265).
S-BUT-003,,Inchmarnock 2,Bute,Scotland,in an institution,museum or college,institution,repository,National Museum of Scotland,"Belongs to the National Museum of Scotland (X.2012.27.3), but is currently on loan to Bute Museum. Recorded by OG(H)AM on 18 July 2022."
S-BUT-004,,Inchmarnock 3,Bute,Scotland,in an institution,museum or college,institution,repository,National Museum of Scotland,Now in the National Museum of Scotland (X.HRE 690).
S-CAI-001,,Ackergill,Caithness,Scotland,in an institution,museum or college,institution,repository,National Museums of Scotland,Recorded in the National Museum of Scotland on June 16th 2022.
S-DGY-001,,Lochnaw,Dumfries and Galloway,Scotland,in an institution,museum or college,institution,repository,Dumfries Museum,Observed at the Dumfries Museum on 25th of June 2023.
S-FIF-001,,Scoonie,Fife,Scotland,in an institution,museum or college,institution,repository,National Museums of Scotland,Now in National Museums of Scotland.
S-INV-001,,Bac Mhic Connain,Inverness-shire,Scotland,in an institution,museum or college,institution,repository,National Museums of Scotland,Recorded in the National Museum of Scotland on May 6th 2022.
S-INV-002,,Bornais,Inverness-shire,Scotland,in an institution,museum or college,institution,repository,Museum nan Eilean in Steòrnabhagh | Stornoway,"Observed at the University of Cardiff. Now in the Museum nan Eilean in Steòrnabhagh (Stornoway), where the OG(H)AM team recorded it on 2025-06-19."
S-KCD-001,,Auquhollie,Kincardineshire,Scotland,out in the landscape,built into a structure,structure,matched “farmhouse”,,Recorded in situ on a hillside near Nether Auquhollie farmhouse on May 20th 2022.
S-KCD-002,,Fordoun,Kincardineshire,Scotland,"indoors, but visitable",inside a church,church,matched “in Auchenblae church”,,Recorded in Auchenblae church on May 16th 2022.
S-LKS-X01,,Bishop Loch,Lanarkshire,Scotland,in an institution,museum or college,institution,repository,National Museums of Scotland,Now in National Museums Scotland X.HT 102.
S-MOR-001,,Dyke,Moray,Scotland,out in the landscape,in private or institutional grounds,grounds,matched “Castle”,,Recorded on Brodie Castle grounds on May 24th 2023.
S-MOR-002,,Altyre,Moray,Scotland,out in the landscape,in private or institutional grounds,grounds,matched “House”,,"Recorded in Altyre House estate, NJ 0391 5537, on May 23rd 2023."
S-ORK-001,,Burrian,Orkney,Scotland,in an institution,museum or college,institution,repository,National Museums of Scotland,The stone was donated to the National Museum of Scotland (X.GB 1). It was recorded by OG(H)AM team on 30 November 2021.
S-ORK-002,,Gurness,Orkney,Scotland,in an institution,museum or college,institution,repository,National Museums of Scotland,Now in National Museums of Scotland (X. GAA 252).
S-ORK-003,,Birsay 1,Orkney,Scotland,in an institution,museum or college,institution,repository,National Museums of Scotland,Now in National Museums of Scotland (X.2015.27).
S-ORK-004,,Birsay 2,Orkney,Scotland,in an institution,museum or college,institution,repository,National Museums of Scotland,Now in the National Museums of Scotland (X.2015.23).
S-ORK-005,,Buckquoy,Orkney,Scotland,in an institution,museum or college,institution,repository,Orkney Museum,Now in Orkney Museum (1976.056.84).
S-ORK-006,,Birsay 3,Orkney,Scotland,in an institution,museum or college,institution,repository,National Museums of Scotland,Now in the National Museums of Scotland (X.2020.46).
S-ORK-007,,Birsay 4,Orkney,Scotland,in an institution,museum or college,institution,repository,National Museums of Scotland,"Now in the National Museums of Scotland (X.HB 595), and currently on loan to Orkney Museum (1982.143)."
S-ORK-008,,Pool 1,Orkney,Scotland,in an institution,museum or college,institution,repository,Orkney Museum,Now in Orkney Museum.
S-ORK-X01,,Pool 2,Orkney,Scotland,in an institution,museum or college,institution,repository,Orkney Museum,"Now in Orkney Museum (1997.033.03133), where it was seen and recorded in 3d (using photogrammetry) for the OG(H)AM project in May 2024."
S-PER-001,,Abernethy 1,Perthshire,Scotland,in an institution,museum or college,institution,repository,National Museums of Scotland,The fragment was observed and recorded by the OG(H)AM team on the 15th of June 2022 at National Museums Scotland.
S-PER-002,,Abernethy 2,Perthshire,Scotland,lost or unlocated,lost or unlocated,lost,matched “present location of this stone is not ”,,The present location of this stone is not known.
S-PER-003,,Inchyra,Perthshire,Scotland,in an institution,museum or college,institution,repository,Perth Museum,"Dr James Richardson re-examined the slab and recognized the third set of symbols, and three further lines of ogham (Forsyth 1996, 334). The slab was examined by Forsyth at the Perth Art Gallery and Museum."
S-PER-004,,Old Kilmadock,Perthshire,Scotland,in an institution,in conservation,conservation,matched “for conservation”,,"The cross slab was taken to Graciela Ainsworth Sculpture Conservation (GASC) for conservation. Prior to being lifted and conserved, the cross slab was 3D recorded by the OG(H)AM team on 20 March 2024. OG(H)AM re-recorded the cross slab in 3D in Graciela Ainsworth Sculpture Conservation's workshop."
S-PER-X01,,Duncroisk,Perthshire,Scotland,out in the landscape,in situ or at the find site,in_situ,matched “In situ”,,In situ. Visited and recorded by the OG(H)AM team in May 2025.
S-SEL-X01,,Selkirk,Selkirkshire,Scotland,in an institution,museum or college,institution,repository,"Live Borders Library HQ, Selkirk",Visited and recorded by the OG(H)AM team on 08 May 2024.
S-SHE-001,,Bressay,Shetland,Scotland,in an institution,museum or college,institution,repository,National Museums of Scotland,Now in the National Museums of Scotland. Recorded by OG(H)AM in November 2021 and supplementary photos in June 2022.
S-SHE-002,,Cunningsburgh 1,Shetland,Scotland,in an institution,museum or college,institution,repository,National Museums of Scotland,"Now in the National Museums of Scotland, where it was seen and recorded in 3d (using photogrammetry) for the OG(H)AM project in November 2024."
S-SHE-003,,Cunningsburgh 2,Shetland,Scotland,in an institution,museum or college,institution,repository,National Museums of Scotland,Now in the collection of the National Museums of Scotland. Currently on loan to Shetland museum.
S-SHE-004,,St Ninian's Isle 1,Shetland,Scotland,in an institution,museum or college,institution,repository,National Museums of Scotland,"Now in the National Museums of Scotland, where it was seen and recorded in 3d (using photogrammetry) for the OG(H)AM project in November 2024."
S-SHE-005,,St Ninian's Isle 2,Shetland,Scotland,lost or unlocated,lost or unlocated,lost,matched “is now lost”,National Museums of Scotland,The stone is now lost.
S-SHE-006,,St Ninian's Isle 3,Shetland,Scotland,lost or unlocated,lost or unlocated,lost,matched “is now lost”,National Museums of Scotland,The stone is now lost.
S-SHE-007,,Lunnasting,Shetland,Scotland,in an institution,museum or college,institution,repository,National Museums of Scotland,"Now in the National Museums of Scotland, where it was seen and recorded in 3d (using photogrammetry) for the OG(H)AM project in November 2021."
S-SHE-008,,Cunningsburgh 3,Shetland,Scotland,lost or unlocated,lost or unlocated,lost,matched “is now lost”,,"The stone is now lost. The last record of the stone was while it was in Clark's possession (Forsyth 1996, 206)."
S-SHE-009,,Cunningsburgh 4,Shetland,Scotland,in an institution,museum or college,institution,repository,National Museums of Scotland,"Now in the National Museums of Scotland, where it was seen and recorded in 3d (using photogrammetry) for the OG(H)AM project in June 2022."
S-SHE-010,,Whiteness,Shetland,Scotland,in an institution,museum or college,institution,repository,National Museums of Scotland,Now in the National Museums of Scotland.
S-SHE-011,,Bigton,Shetland,Scotland,in an institution,museum or college,institution,repository,Shetland Museum,Now in Shetland Museum. Inspected by Katherine Forsyth in 2008?
S-SUT-001,,Golspie,Sutherland,Scotland,in an institution,museum or college,institution,repository,Dunrobin Castle Museum,Recorded in Dunrobin Castle Museum on May 22nd 2023.
S-SUT-002,,Latheron,Sutherland,Scotland,in an institution,museum or college,institution,repository,National Museums of Scotland,Observed in the National Antiquities Scotland on June 17th 2022.
W-AGY-001,,Llanfaelog,Anglesey,Wales,out in the landscape,built into a structure,structure,matched “Set in ”,,"Set in the concrete in an outbuilding north of the farmhouse at Trecastell, Llanfaelog (Edwards 2013, 162)."
W-BRE-001,336,Llanddeti,Brecknockshire,Wales,out in the landscape,in private or institutional grounds,grounds,matched “re-erected”,,"Situated on open moorland at 455m above sea level, west of the track from Merthyr Tydfil to Talybont. The present location of the stone is high and may be the same as when it was originally described but there is a slight possibility that the stone has been moved down the hill and re-erected since it was first described (Redknap and Lewis 2007, 176)."
W-BRE-002,329,Crai | Llywel,Brecknockshire,Wales,lost or unlocated,lost or unlocated,lost,matched “is now lost”,,"The stone is now lost. The only details we have of the stone are from the note, letter and drawing by Edward Lhuyd in 1698 and the published account in 1910."
W-BRE-003,345,Ystradfellte,Brecknockshire,Wales,in an institution,museum or college,institution,repository,Cyfarthfa Museum,"Now in Cyfarthfa Museum, Merthyr Tydfil."
W-BRE-004,327,Crickhowell,Brecknockshire,Wales,in an institution,museum or college,institution,repository,Brecknock Museum,"Now in Brecknock Museum, Brecon."
W-BRE-005,342,Trallwng,Brecknockshire,Wales,"indoors, but visitable",inside a church,church,matched “inside the church”,,"The stone is inside the church, fixed to the north wall of the nave, to the right of the porch."
W-BRE-006,341,Pentre Poeth | Llywel,Brecknockshire,Wales,in an institution,museum or college,institution,repository,British Museum,"Now in The British Museum, London."
W-BRE-007,328,Defynnog,Brecknockshire,Wales,"indoors, but visitable",inside a church,church,matched “inside the porch of St Cynog's Church”,,Set against the west wall inside the porch of St Cynog's Church by the Ministry of Public Building and Works c. 1970.
W-BRE-008,,Aberhydfer | Llywel,Brecknockshire,Wales,"indoors, but visitable",inside a church,church,matched “nave”,,"The stone is now fixed against the west wall of the nave in St David's parish church, Llywel (NE of the findspot)."
W-BRE-X01,338,Bwlch,Brecknockshire,Wales,out in the landscape,in situ or at the find site,in_situ,matched “In situ”,,In situ.
W-BRE-X02,343,Ystradfellte,Brecknockshire,Wales,out in the landscape,in situ or at the find site,in_situ,matched “In situ”,,In situ.
W-BRE-X03,334,Llanfihangel Cwm Du,Brecknockshire,Wales,"indoors, but visitable",inside a church,church,matched “into a buttress on the south side of t”,,The stone was built into a buttress on the south side of the church in 1830.
W-CAE-001,380,Dolbenmaen 2,Caithness,Wales,out in the landscape,built into a structure,structure,matched “Set into ”,,Set into the stone wall on the south side of the farmyard west of the farmhouse (SH 4821 4553).
W-CAE-X01,398,Treflys,Caithness,Wales,"indoors, but visitable",inside a church,church,matched “In the church”,,"In the church, standing against the wall in the north-east corner of the chancel (SH 5346 3785)."
W-CGN-001,353,Llanwenog,Cardiganshire,Wales,in an institution,museum or college,institution,repository,National Museum Wales,Now in the National Museum Cardiff.
W-CGN-X01,349,Llandysul,Cardiganshire,Wales,"indoors, but visitable",inside a church,church,matched “Inside the church”,,"Inside the church, built into the north wall of the west tower (SN 4188 4068)."
W-CMN-001,372,Llangeler,Carmarthenshire,Wales,"indoors, but visitable",inside a church,church,matched “In Capel”,,"In Capel Mair, at the west end in a glass case."
W-CMN-002,378,Llanwinio,Carmarthenshire,Wales,in an institution,museum or college,institution,repository,"Carmarthen Museum, Abergwili","Now in the Carmarthen Museum, Abergwili (acc no A76.35.34)."
W-CMN-003,368,Llandawke,Carmarthenshire,Wales,"indoors, but visitable",inside a church,church,matched “Inside church”,,"Inside church, mounted horizontally against the east wall of the nave south of the chancel arch."
W-CMN-004,362,Eglwys Gymyn,Carmarthenshire,Wales,"indoors, but visitable",inside a church,church,matched “Inside the church”,,"Inside the church, in a wooden chest under the west window of the nave (SN 2308 1065)."
W-CMN-005,358,Castell Dwyran,Carmarthenshire,Wales,in an institution,museum or college,institution,repository,"Carmarthen Museum, Abergwili",Carmarthen Museum.
W-CMN-X01,364,Henllan Amgoed,Carmarthenshire,Wales,out in the landscape,built into a structure,structure,matched “farmhouse”,,Now situated northwest of the farmhouse.
W-CMN-X02,376,St Ishmaels,Carmarthenshire,Wales,in an institution,museum or college,institution,repository,Llansaint Chapel (All Saints' Church),"Built low down and horizontally into the external fabric of the south wall of the nave, below the east window."
W-DEN-001,399,Clocaenog,Denbighshire,Wales,in an institution,museum or college,institution,repository,National Museum Wales,National Museum Cardiff.
W-DEN-X01,401,Pentrefoelas,Denbighshire,Wales,out in the landscape,built into a structure,structure,matched “wall of”,,Mounted horizontally on the wall of the summer house at Voelas (SH 8503 5152).
W-GLA-001,409,Egylwys Nynnid | Margam,Glamorgan,Wales,in an institution,museum or college,institution,repository,Margam Stones Museum,Margam Stones Museum.
W-GLA-002,405,Loughor,Glamorgan,Wales,in an institution,museum or college,institution,repository,Swansea Museum,Swansea Museum.
W-GLA-X01,404,Gelli-Gaer,Glamorgan,Wales,in an institution,museum or college,institution,repository,National Museum Cardiff,National Museum Cardiff NMW (acc. No. 23.283).
W-GLA-X02,408,Margam,Glamorgan,Wales,in an institution,museum or college,institution,repository,Margam Stones Museum,Margam Stones Museum. There is a replica at the original site.
W-PEM-001,449,St Dogmaels,Pembrokeshire,Wales,"indoors, but visitable",inside a church,church,matched “In St Thomas's parish church”,,"In St Thomas's parish church (SN 1639 4589) standing against the west wall of the nave (Edwards 2007, 460)."
W-PEM-002,431,Clydai 3,Pembrokeshire,Wales,"indoors, but visitable",inside a church,church,matched “Inside the church”,,"Inside the church, clamped to the west wall of the south aisle."
W-PEM-003,433,Llandeilo 2,Pembrokeshire,Wales,"indoors, but visitable",inside a church,church,matched “In St Mary's church”,,"In St Mary's church, Maenclochog, set against the south wall at the west end."
W-PEM-004,428,Cilgerran,Pembrokeshire,Wales,"indoors, but visitable",inside a church,church,matched “ing in the churchyard south of the chu”,,Standing in the churchyard south of the church.
W-PEM-005,430,Clydai 2,Pembrokeshire,Wales,"indoors, but visitable",inside a church,church,matched “Inside the church”,,"Inside the church, set against the west wall of the south aisle."
W-PEM-006,426,Bridell,Pembrokeshire,Wales,"indoors, but visitable",inside a church,church,"matched “ing in the churchyard, south of the ch”",,"Standing in the churchyard, south of the church and possibly in situ (Edwards 2007, 290)."
W-PEM-007,427,Caldy Island,Pembrokeshire,Wales,"indoors, but visitable",inside a church,church,matched “In the Old Priory Church”,,"In the Old Priory Church (St Illtyd) set in a slab against the south wall fo the nave, towards the east end."
W-PEM-008,445,Nevern 2,Pembrokeshire,Wales,"indoors, but visitable",inside a church,church,matched “nave”,,Standing in the churchyard near the south wall of the nave east of the porch.
W-PEM-009,450,St Dogwells,Pembrokeshire,Wales,"indoors, but visitable",inside a church,church,matched “At St Dogwell's Church”,,"At St Dogwell's Church, standing in the churchyard against the west boundary wall."
W-PEM-010,456,Steynton,Pembrokeshire,Wales,"indoors, but visitable",inside a church,church,matched “Inside the church”,,"Inside the church, standing against the west face of the most westerly pillar in the north arcade of the nave."
W-PEM-011,423,Brawdy 2,Pembrokeshire,Wales,"indoors, but visitable",inside a church,church,matched “In St David's Church”,,"In St David's Church, Brawdy, lying on the west side of the porch."
W-PEM-012,422,Brawdy 3,Pembrokeshire,Wales,"indoors, but visitable",inside a church,church,matched “In St David's Church”,,"In St David's Church, Brawdy lying on the east side of the porch."
W-PEM-013,432,Jordanston,Pembrokeshire,Wales,out in the landscape,in private or institutional grounds,grounds,matched “garden”,,In the garden north-east of Llangwarren House.
W-PEM-014,446,Nevern 1,Pembrokeshire,Wales,in an institution,museum or college,institution,repository,St. Brynach's Church,"Inside the church in the Henllys (south) Chapel, built into the sill of the east window in the south wall."
W-PEM-015,439,Llanfyrnach 2,Pembrokeshire,Wales,"indoors, but visitable",inside a church,church,matched “ing in the yard of Glandŵr Baptist Cha”,,"Standing in the yard of Glandŵr Baptist Chapel, north-west of the entrance."
W-PEM-016,442,Mathry,Pembrokeshire,Wales,"indoors, but visitable",inside a church,church,matched “ing in the church”,,"Standing in the church porch, set into the floor."
W-PEM-X01,402,Spittal,Pembrokeshire,Wales,"indoors, but visitable",inside a church,church,matched “In the porch of St Mary's church”,,In the porch of St Mary's church.
W-PEM-X02,429,Clydai 1,Pembrokeshire,Wales,"indoors, but visitable",inside a church,church,matched “Inside the church”,,"Inside the church, standing against the west wall of the south aisle."
