{
 "type": "FeatureCollection",
 "name": "OG(H)AM findspots",
 "features": [
  {
   "type": "Feature",
   "id": "E-CON-001",
   "geometry": {
    "type": "Point",
    "coordinates": [
     -4.675453,
     50.640058
    ]
   },
   "properties": {
    "id": "E-CON-001",
    "title": "Worthyvale",
    "ciic": "470",
    "cisp": "WVALE/1",
    "tm": "168506",
    "parish": "Forrabury and Minster",
    "county": "Cornwall",
    "country": "England",
    "cispUrl": "https://www.ucl.ac.uk/archaeology/cisp/database/stone/wvale_1.html"
   }
  },
  {
   "type": "Feature",
   "id": "E-CON-002",
   "geometry": {
    "type": "Point",
    "coordinates": [
     -4.437475,
     50.600492
    ]
   },
   "properties": {
    "id": "E-CON-002",
    "title": "Lannwenek | Lewannick 1",
    "ciic": "466",
    "cisp": "LWNCK/1",
    "tm": "172292",
    "parish": "Lewannick",
    "county": "Cornwall",
    "country": "England",
    "cispUrl": "https://www.ucl.ac.uk/archaeology/cisp/database/stone/lwnck_1.html"
   }
  },
  {
   "type": "Feature",
   "id": "E-CON-003",
   "geometry": {
    "type": "Point",
    "coordinates": [
     -4.437476,
     50.600492
    ]
   },
   "properties": {
    "id": "E-CON-003",
    "title": "Lannwenek | Lewannick 2",
    "ciic": "467",
    "cisp": "LWNCK/2",
    "tm": "172763",
    "parish": "Lewannick",
    "county": "Cornwall",
    "country": "England",
    "cispUrl": "https://www.ucl.ac.uk/archaeology/cisp/database/stone/lwnck_2.html"
   }
  },
  {
   "type": "Feature",
   "id": "E-CON-004",
   "geometry": {
    "type": "Point",
    "coordinates": [
     -4.794633,
     50.558014
    ]
   },
   "properties": {
    "id": "E-CON-004",
    "title": "Lanndohow | St Kew",
    "ciic": "484",
    "cisp": "STKEW/1",
    "tm": "172385",
    "parish": "St Kew",
    "county": "Cornwall",
    "country": "England",
    "cispUrl": "https://www.ucl.ac.uk/archaeology/cisp/database/stone/stkew_1.html"
   }
  },
  {
   "type": "Feature",
   "id": "E-CON-005",
   "geometry": {
    "type": "Point",
    "coordinates": [
     -5.545833,
     50.088333
    ]
   },
   "properties": {
    "id": "E-CON-005",
    "title": "Pennwydh | Penwith",
    "ciic": "-",
    "cisp": "x",
    "parish": "Penzance | Penwith",
    "county": "Cornwall",
    "country": "England",
    "repo": "Royal Cornwall Museum"
   }
  },
  {
   "type": "Feature",
   "id": "E-CON-X01",
   "geometry": {
    "type": "Point",
    "coordinates": [
     -4.445619,
     50.594025
    ]
   },
   "properties": {
    "id": "E-CON-X01",
    "title": "Lewannick 3",
    "cisp": "LWNCC/1",
    "parish": "Lewannick",
    "county": "Cornwall",
    "country": "England",
    "cispUrl": "https://www.ucl.ac.uk/archaeology/cisp/database/stone/lwncc_1.html"
   }
  },
  {
   "type": "Feature",
   "id": "E-CON-X02",
   "geometry": {
    "type": "Point",
    "coordinates": [
     -4.705275,
     50.489336
    ]
   },
   "properties": {
    "id": "E-CON-X02",
    "title": "Lancarffe",
    "ciic": "457",
    "cisp": "LCARF/1",
    "tm": "173851",
    "parish": "Helland",
    "county": "Cornwall",
    "country": "England",
    "cispUrl": "https://www.ucl.ac.uk/archaeology/cisp/database/stone/lcarf_1.html"
   }
  },
  {
   "type": "Feature",
   "id": "E-CON-X03",
   "geometry": {
    "type": "Point",
    "coordinates": [
     -5.016133,
     50.255903
    ]
   },
   "properties": {
    "id": "E-CON-X03",
    "title": "St Clement",
    "ciic": "473",
    "cisp": "SCLEM/1",
    "tm": "168498",
    "parish": "St Clement",
    "county": "Cornwall",
    "country": "England",
    "cispUrl": "https://www.ucl.ac.uk/archaeology/cisp/database/stone/sclem_1.html"
   }
  },
  {
   "type": "Feature",
   "id": "E-CON-X04",
   "geometry": {
    "type": "Point",
    "coordinates": [
     -4.841989,
     50.582325
    ]
   },
   "properties": {
    "id": "E-CON-X04",
    "title": "St Endellion",
    "ciic": "478",
    "cisp": "SENDL/1",
    "tm": "168504",
    "parish": "St Endellion",
    "county": "Cornwall",
    "country": "England",
    "cispUrl": "https://www.ucl.ac.uk/archaeology/cisp/database/stone/sendl_1.html"
   }
  },
  {
   "type": "Feature",
   "id": "E-DEV-001",
   "geometry": {
    "type": "Point",
    "coordinates": [
     -3.955761,
     50.400019
    ]
   },
   "properties": {
    "id": "E-DEV-001",
    "title": "Fardel",
    "ciic": "489",
    "cisp": "FARDL/1",
    "tm": "168513",
    "parish": "Cornwood",
    "county": "Devon",
    "country": "England",
    "repo": "British Museum",
    "cispUrl": "https://www.ucl.ac.uk/archaeology/cisp/database/stone/fardl_1.html"
   }
  },
  {
   "type": "Feature",
   "id": "E-DEV-002",
   "geometry": {
    "type": "Point",
    "coordinates": [
     -4.130694,
     50.503978
    ]
   },
   "properties": {
    "id": "E-DEV-002",
    "title": "Roborough Down",
    "ciic": "488",
    "cisp": "TVST3/1",
    "tm": "173860",
    "parish": "Buckland Monachorum",
    "county": "Devon",
    "country": "England",
    "cispUrl": "https://www.ucl.ac.uk/archaeology/cisp/database/stone/tvst3_1.html"
   }
  },
  {
   "type": "Feature",
   "id": "E-DEV-X01",
   "geometry": {
    "type": "Point",
    "coordinates": [
     -3.810378,
     51.199733
    ]
   },
   "properties": {
    "id": "E-DEV-X01",
    "title": "Brendon",
    "parish": "Brendon",
    "county": "Devon",
    "country": "England"
   }
  },
  {
   "type": "Feature",
   "id": "E-HAM-001",
   "geometry": {
    "type": "Point",
    "coordinates": [
     -1.019333,
     51.357914
    ]
   },
   "properties": {
    "id": "E-HAM-001",
    "title": "Silchester",
    "ciic": "496",
    "cisp": "SILCH/1",
    "tm": "172377",
    "parish": "Silchester Roman Town",
    "county": "Hampshire",
    "country": "England",
    "repo": "Reading Museum",
    "cispUrl": "https://www.ucl.ac.uk/archaeology/cisp/database/stone/silch_1.html"
   }
  },
  {
   "type": "Feature",
   "id": "E-NFK-001",
   "geometry": {
    "type": "Point",
    "coordinates": [
     0.581231,
     52.477039
    ]
   },
   "properties": {
    "id": "E-NFK-001",
    "title": "Weeting-with-Broomhill",
    "parish": "Weeting-with-Broomhill",
    "county": "Norfolk",
    "country": "England",
    "repo": "Norwich Castle Museum"
   }
  },
  {
   "type": "Feature",
   "id": "E-STS-001",
   "geometry": {
    "type": "Point",
    "coordinates": [
     -1.8678,
     52.8983
    ]
   },
   "properties": {
    "id": "E-STS-001",
    "title": "Uttoxeter",
    "parish": "Uttoxeter",
    "county": "Staffordshire",
    "country": "England"
   }
  },
  {
   "type": "Feature",
   "id": "E-WAR-001",
   "geometry": {
    "type": "Point",
    "coordinates": [
     -1.457633,
     52.398772
    ]
   },
   "properties": {
    "id": "E-WAR-001",
    "title": "Coventry",
    "parish": "Binley and Willenhall",
    "county": "Warwickshire",
    "country": "England",
    "repo": "Herbert Art Gallery and Museum"
   }
  },
  {
   "type": "Feature",
   "id": "E-WRY-001",
   "geometry": {
    "type": "Point",
    "coordinates": [
     -1.530225,
     53.989228
    ]
   },
   "properties": {
    "id": "E-WRY-001",
    "title": "Vale of York brooch fragment",
    "parish": "Harrogate",
    "county": "West Riding of Yorkshire",
    "country": "England",
    "repo": "British Museum"
   }
  },
  {
   "type": "Feature",
   "id": "I-ANT-001",
   "geometry": {
    "type": "Point",
    "coordinates": [
     -6.1961,
     54.8045
    ]
   },
   "properties": {
    "id": "I-ANT-001",
    "title": "Carn Coim | Carncome 1",
    "ciic": "309",
    "cisp": "CRCOM/1",
    "townland": "Carncome",
    "county": "Co. Antrim",
    "country": "Northern Ireland",
    "vern": "Carn Coim (ga)",
    "cispUrl": "https://www.ucl.ac.uk/archaeology/cisp/database/stone/crcom_1.html",
    "logainm": "https://www.logainm.ie/ga/61366"
   }
  },
  {
   "type": "Feature",
   "id": "I-ANT-002",
   "geometry": {
    "type": "Point",
    "coordinates": [
     -6.1961,
     54.8045
    ]
   },
   "properties": {
    "id": "I-ANT-002",
    "title": "Carn Coim | Carncome 2",
    "ciic": "310",
    "cisp": "CRCOM/2",
    "townland": "Carncome",
    "county": "Co. Antrim",
    "country": "Northern Ireland",
    "vern": "Carn Coim (ga)",
    "repo": "National Museum of Ireland",
    "cispUrl": "https://www.ucl.ac.uk/archaeology/cisp/database/stone/crcom_2.html",
    "logainm": "https://www.logainm.ie/ga/61366"
   }
  },
  {
   "type": "Feature",
   "id": "I-ANT-003",
   "geometry": {
    "type": "Point",
    "coordinates": [
     -6.288513,
     54.617977
    ]
   },
   "properties": {
    "id": "I-ANT-003",
    "title": "Gartree",
    "townland": "Gartree (?)",
    "county": "Co. Antrim",
    "country": "Northern Ireland",
    "vern": "Gort Rí (ga)"
   }
  },
  {
   "type": "Feature",
   "id": "I-ARM-001",
   "geometry": {
    "type": "Point",
    "coordinates": [
     -6.651108,
     54.302925
    ]
   },
   "properties": {
    "id": "I-ARM-001",
    "title": "Droim Conmhaoil | Drumconwell",
    "ciic": "311",
    "cisp": "DRCOM/1",
    "townland": "Drumconwell",
    "county": "Co. Armagh",
    "country": "Northern Ireland",
    "vern": "Droim Conmhaoil (ga)",
    "repo": "Armagh Robinson library (No 5 Vicars’ Hill Museum)",
    "cispUrl": "https://www.ucl.ac.uk/archaeology/cisp/database/stone/drcom_1.html",
    "logainm": "https://www.logainm.ie/en/56262"
   }
  },
  {
   "type": "Feature",
   "id": "I-CAR-001",
   "geometry": {
    "type": "Point",
    "coordinates": [
     -6.57009,
     52.827268
    ]
   },
   "properties": {
    "id": "I-CAR-001",
    "title": "Cluain Mhór | Clonmore",
    "ciic": "15",
    "cisp": "CLMOR/1",
    "smr": "CW009-028021-",
    "townland": "Glebe",
    "county": "Co. Carlow",
    "country": "Ireland",
    "vern": "Cluain Mhór (ga)",
    "logainm": "https://www.logainm.ie/en/3008"
   }
  },
  {
   "type": "Feature",
   "id": "I-CAR-002",
   "geometry": {
    "type": "Point",
    "coordinates": [
     -6.682746,
     52.884113
    ]
   },
   "properties": {
    "id": "I-CAR-002",
    "title": "Tobar Phádraig | Patrickswell",
    "cisp": "PTWEL/1",
    "smr": "CW004-011----",
    "townland": "Patrickswell",
    "county": "Co. Carlow",
    "country": "Ireland",
    "vern": "Tobar Phádraig (ga)",
    "logainm": "https://www.logainm.ie/en/3089"
   }
  },
  {
   "type": "Feature",
   "id": "I-CAR-003",
   "geometry": {
    "type": "Point",
    "coordinates": [
     -6.720159,
     52.784879
    ]
   },
   "properties": {
    "id": "I-CAR-003",
    "title": "An Ráth Ghlas | Rathglass",
    "ciic": "16",
    "cisp": "RGLAS/1",
    "smr": "CW013-018001-",
    "townland": "Rathglass",
    "county": "Co. Carlow",
    "country": "Ireland",
    "vern": "An Ráth Ghlas (ga)",
    "logainm": "https://www.logainm.ie/en/3546"
   }
  },
  {
   "type": "Feature",
   "id": "I-CAR-004",
   "geometry": {
    "type": "Point",
    "coordinates": [
     -6.72916,
     52.84355
    ]
   },
   "properties": {
    "id": "I-CAR-004",
    "title": "Tuca Mín | Tuckamine",
    "ciic": "17",
    "cisp": "TMINE/1",
    "tm": "172719",
    "smr": "CW003-023----",
    "townland": "Tuckamine",
    "county": "Co. Carlow",
    "country": "Ireland",
    "vern": "Tuca Mín (ga)",
    "repo": "National Museum of Ireland",
    "cispUrl": "https://www.ucl.ac.uk/archaeology/cisp/database/stone/TMINE/1.html",
    "logainm": "https://www.logainm.ie/en/23480"
   }
  },
  {
   "type": "Feature",
   "id": "I-CLA-003",
   "geometry": {
    "type": "Point",
    "coordinates": [
     -8.978509,
     52.840588
    ]
   },
   "properties": {
    "id": "I-CLA-003",
    "title": "Inis | Ennis bead",
    "ciic": "53",
    "county": "Co. Clare",
    "country": "Ireland",
    "vern": "Inis (ga)",
    "repo": "British Museum",
    "logainm": "https://www.logainm.ie/en/6104"
   }
  },
  {
   "type": "Feature",
   "id": "I-CLA-004",
   "geometry": {
    "type": "Point",
    "coordinates": [
     -8.439168,
     52.806278
    ]
   },
   "properties": {
    "id": "I-CLA-004",
    "title": "Cill Dalua | Killaloe",
    "ciic": "54",
    "cisp": "KLLOE/1",
    "smr": "CL045-033010-",
    "townland": "Shantraud",
    "county": "Co. Clare",
    "country": "Ireland",
    "vern": "An tSeantsráid (ga) | Cill Dalua (ga)",
    "cispUrl": "https://www.ucl.ac.uk/archaeology/cisp/database/stone/klloe_1.html",
    "logainm": "https://www.logainm.ie/en/56262"
   }
  },
  {
   "type": "Feature",
   "id": "I-CLA-005",
   "geometry": {
    "type": "Point",
    "coordinates": [
     -9.517808,
     52.615481
    ]
   },
   "properties": {
    "id": "I-CLA-005",
    "title": "Inis Cathaigh | Scattery Island",
    "cisp": "SCATT/2",
    "smr": "CL067-024016-",
    "townland": "Scattery Island",
    "county": "Co. Clare",
    "country": "Ireland",
    "vern": "Inis Cathaigh (ga)",
    "cispUrl": "https://www.ucl.ac.uk/archaeology/cisp/database/stone/SCATT/2.html",
    "logainm": "https://www.logainm.ie/en/7214"
   }
  },
  {
   "type": "Feature",
   "id": "I-COR-001",
   "geometry": {
    "type": "Point",
    "coordinates": [
     -9.30337,
     51.72827
    ]
   },
   "properties": {
    "id": "I-COR-001",
    "title": "An Com Liath Thoir | Coomleagh East",
    "ciic": "55",
    "cisp": "COOME/1",
    "tm": "172523",
    "smr": "CO106-064----",
    "townland": "Coomleagh East",
    "county": "Co. Cork",
    "country": "Ireland",
    "vern": "An Com Liath Thoir (ga)",
    "cispUrl": "https://www.ucl.ac.uk/archaeology/cisp/database/stone/coome_1.html",
    "logainm": "https://www.logainm.ie/en/8558"
   }
  },
  {
   "type": "Feature",
   "id": "I-COR-002",
   "geometry": {
    "type": "Point",
    "coordinates": [
     -8.597752,
     52.072146
    ]
   },
   "properties": {
    "id": "I-COR-002",
    "title": "Ráth an Tóiteáin | Burnfort",
    "ciic": "56",
    "cisp": "BURNF/1",
    "tm": "172484",
    "smr": "CO042-052003-",
    "townland": "Burnfort",
    "county": "Co. Cork",
    "country": "Ireland",
    "vern": "Ráth an Tóiteáin (ga)",
    "cispUrl": "https://www.ucl.ac.uk/archaeology/cisp/database/stone/burnf_1.html",
    "logainm": "https://www.logainm.ie/ga/11662"
   }
  },
  {
   "type": "Feature",
   "id": "I-COR-003",
   "geometry": {
    "type": "Point",
    "coordinates": [
     -8.606835,
     52.077602
    ]
   },
   "properties": {
    "id": "I-COR-003",
    "title": "Plácas | Greenhill 1",
    "ciic": "57",
    "cisp": "GRENL/1",
    "tm": "172586",
    "smr": "CO042-049002-",
    "townland": "Greenhill",
    "county": "Co. Cork",
    "country": "Ireland",
    "vern": "Plácas (ga)",
    "cispUrl": "https://www.ucl.ac.uk/archaeology/cisp/database/stone/grenl_1.html",
    "logainm": "https://www.logainm.ie/ga/11670"
   }
  },
  {
   "type": "Feature",
   "id": "I-COR-004",
   "geometry": {
    "type": "Point",
    "coordinates": [
     -8.606918,
     52.078072
    ]
   },
   "properties": {
    "id": "I-COR-004",
    "title": "Plácas | Greenhill 2",
    "ciic": "58",
    "cisp": "GRENL/2",
    "tm": "172799",
    "smr": "CO042-049001-",
    "townland": "Greenhill",
    "county": "Co. Cork",
    "country": "Ireland",
    "vern": "Plácas (ga)",
    "cispUrl": "https://www.ucl.ac.uk/archaeology/cisp/database/stone/grenl_2.html",
    "logainm": "https://www.logainm.ie/ga/11670"
   }
  },
  {
   "type": "Feature",
   "id": "I-COR-005",
   "geometry": {
    "type": "Point",
    "coordinates": [
     -8.433359,
     52.000015
    ]
   },
   "properties": {
    "id": "I-COR-005",
    "title": "Baile na bPórtach | Ballynabortagh 1",
    "ciic": "59",
    "cisp": "BABOR/1",
    "tm": "172464",
    "smr": "CO052-039001-",
    "townland": "Ballynabortagh",
    "county": "Co. Cork",
    "country": "Ireland",
    "vern": "Baile na bPórtach (ga)",
    "cispUrl": "https://www.ucl.ac.uk/archaeology/cisp/database/stone/babor_1.html",
    "logainm": "https://www.logainm.ie/ga/9511"
   }
  },
  {
   "type": "Feature",
   "id": "I-COR-006",
   "geometry": {
    "type": "Point",
    "coordinates": [
     -8.43333,
     51.999763
    ]
   },
   "properties": {
    "id": "I-COR-006",
    "title": "Baile na bPórtach | Ballynabortagh 2",
    "ciic": "60",
    "cisp": "BABOR/2",
    "smr": "CO052-053----",
    "townland": "Ballynabortagh",
    "county": "Co. Cork",
    "country": "Ireland",
    "vern": "Baile na bPórtach (ga)",
    "cispUrl": "https://www.ucl.ac.uk/archaeology/cisp/database/stone/babor_2.html",
    "logainm": "https://www.logainm.ie/ga/9511"
   }
  },
  {
   "type": "Feature",
   "id": "I-COR-007",
   "geometry": {
    "type": "Point",
    "coordinates": [
     -8.433859,
     51.999912
    ]
   },
   "properties": {
    "id": "I-COR-007",
    "title": "Baile na bPórtach | Ballynabortagh 3",
    "smr": "CO052-061002-",
    "townland": "Ballynabortagh",
    "county": "Co. Cork",
    "country": "Ireland",
    "vern": "Baile na bPórtach (ga)",
    "logainm": "https://www.logainm.ie/ga/9511"
   }
  },
  {
   "type": "Feature",
   "id": "I-COR-008",
   "geometry": {
    "type": "Point",
    "coordinates": [
     -8.433859,
     51.999912
    ]
   },
   "properties": {
    "id": "I-COR-008",
    "title": "Baile na bPórtach | Ballynabortagh 4",
    "smr": "CO052-061003-",
    "townland": "Ballynabortagh",
    "county": "Co. Cork",
    "country": "Ireland",
    "vern": "Baile na bPórtach (ga)",
    "logainm": "https://www.logainm.ie/ga/9511"
   }
  },
  {
   "type": "Feature",
   "id": "I-COR-009",
   "geometry": {
    "type": "Point",
    "coordinates": [
     -8.358,
     52.004
    ]
   },
   "properties": {
    "id": "I-COR-009",
    "title": "Oileán an Easpaig | Bishop’s Island",
    "ciic": "61",
    "cisp": "BIISL/1",
    "smr": "CO053-072----",
    "townland": "Bishop’s Island",
    "county": "Co. Cork",
    "country": "Ireland",
    "vern": "Oileán an Easpaig (ga)",
    "repo": "University College Cork",
    "cispUrl": "https://www.ucl.ac.uk/archaeology/cisp/database/stone/biisl_1.html",
    "logainm": "https://www.logainm.ie/ga/10395",
    "vague": true,
    "vagueWhy": "cert=\"low\""
   }
  },
  {
   "type": "Feature",
   "id": "I-COR-010",
   "geometry": {
    "type": "Point",
    "coordinates": [
     -8.457148,
     51.980163
    ]
   },
   "properties": {
    "id": "I-COR-010",
    "title": "Dún Bolg | Dunbulloge",
    "ciic": "62",
    "cisp": "DNBUL/1",
    "smr": "CO063-026----",
    "townland": "Dunbulloge",
    "county": "Co. Cork",
    "country": "Ireland",
    "vern": "Dún Bolg (ga)",
    "cispUrl": "https://www.ucl.ac.uk/archaeology/cisp/database/stone/dnbul_1.html",
    "logainm": "https://www.logainm.ie/ga/9514"
   }
  },
  {
   "type": "Feature",
   "id": "I-COR-011",
   "geometry": {
    "type": "Point",
    "coordinates": [
     -8.179727,
     51.969371
    ]
   },
   "properties": {
    "id": "I-COR-011",
    "title": "Gleann an Mhuilinn | Glenawillin 1",
    "ciic": "63",
    "cisp": "GLEWI/1",
    "smr": "CO065-098----",
    "townland": "Glenawillin",
    "county": "Co. Cork",
    "country": "Ireland",
    "vern": "Gleann an Mhuilinn (ga)",
    "repo": "University College Cork",
    "cispUrl": "https://www.ucl.ac.uk/archaeology/cisp/database/stone/glewi_1.html",
    "logainm": "https://www.logainm.ie/ga/12562"
   }
  },
  {
   "type": "Feature",
   "id": "I-COR-012",
   "geometry": {
    "type": "Point",
    "coordinates": [
     -8.179727,
     51.969371
    ]
   },
   "properties": {
    "id": "I-COR-012",
    "title": "Gleann an Mhuilinn | Glenawillin 2",
    "ciic": "64",
    "cisp": "GLEWI/2",
    "smr": "CO065-033----",
    "townland": "Glenawillin",
    "county": "Co. Cork",
    "country": "Ireland",
    "vern": "Gleann an Mhuilinn (ga)",
    "cispUrl": "https://www.ucl.ac.uk/archaeology/cisp/database/stone/glewi_2.html",
    "logainm": "https://www.logainm.ie/ga/12562"
   }
  },
  {
   "type": "Feature",
   "id": "I-COR-013",
   "geometry": {
    "type": "Point",
    "coordinates": [
     -8.2519,
     52.0089
    ]
   },
   "properties": {
    "id": "I-COR-013",
    "title": "Ráth Ghobáin | Rathcobane",
    "ciic": "65",
    "cisp": "RACOB/1",
    "smr": "CO054-067----",
    "townland": "Rathcobane",
    "county": "Co. Cork",
    "country": "Ireland",
    "vern": "Ráth Ghobáin (ga)",
    "cispUrl": "https://www.ucl.ac.uk/archaeology/cisp/database/stone/racob_1.html",
    "logainm": "https://www.logainm.ie/ga/12537"
   }
  },
  {
   "type": "Feature",
   "id": "I-COR-014",
   "geometry": {
    "type": "Point",
    "coordinates": [
     -9.944582,
     51.712874
    ]
   },
   "properties": {
    "id": "I-COR-014",
    "title": "Fánchoill agus Na Coillte | Faunkill and the Woods",
    "ciic": "66",
    "cisp": "FKWOO/1",
    "smr": "CO102-013----",
    "townland": "Faunkill and the Woods",
    "county": "Co. Cork",
    "country": "Ireland",
    "vern": "Fánchoill agus Na Coillte (ga)",
    "cispUrl": "https://www.ucl.ac.uk/archaeology/cisp/database/stone/fkwoo_1.html",
    "logainm": "https://www.logainm.ie/ga/8780"
   }
  },
  {
   "type": "Feature",
   "id": "I-COR-015",
   "geometry": {
    "type": "Point",
    "coordinates": [
     -9.978493,
     51.634283
    ]
   },
   "properties": {
    "id": "I-COR-015",
    "title": "Gamhair | Gour",
    "ciic": "67",
    "cisp": "GOUR/1",
    "smr": "CO127-006----",
    "townland": "Gour",
    "county": "Co. Cork",
    "country": "Ireland",
    "vern": "Gamhair (ga)",
    "cispUrl": "https://www.ucl.ac.uk/archaeology/cisp/database/stone/gour_1.html",
    "logainm": "https://www.logainm.ie/ga/8815"
   }
  },
  {
   "type": "Feature",
   "id": "I-COR-016",
   "geometry": {
    "type": "Point",
    "coordinates": [
     -9.71055,
     51.708247
    ]
   },
   "properties": {
    "id": "I-COR-016",
    "title": "Chill Cháscann | Kilcaskan",
    "ciic": "68",
    "cisp": "KLCAS/1",
    "smr": "SMR ID: CO103-003003-",
    "townland": "Kilcaskan",
    "county": "Co. Cork",
    "country": "Ireland",
    "vern": "Chill Cháscann (ga)",
    "cispUrl": "https://www.ucl.ac.uk/archaeology/cisp/database/stone/klcas_1.html",
    "logainm": "https://www.logainm.ie/en/8679"
   }
  },
  {
   "type": "Feature",
   "id": "I-COR-017",
   "geometry": {
    "type": "Point",
    "coordinates": [
     -8.84702,
     51.681206
    ]
   },
   "properties": {
    "id": "I-COR-017",
    "title": "Achadh Loiscthe | Ahalisky 1",
    "ciic": "69",
    "cisp": "AHLIS/1",
    "smr": "CO122-049003-",
    "townland": "Ahalisky",
    "county": "Co. Cork",
    "country": "Ireland",
    "vern": "Achadh Loiscthe (ga)",
    "repo": "National Museum of Ireland",
    "cispUrl": "https://www.ucl.ac.uk/archaeology/cisp/database/stone/ahlis_1.html",
    "logainm": "https://www.logainm.ie/ga/9071"
   }
  },
  {
   "type": "Feature",
   "id": "I-COR-018",
   "geometry": {
    "type": "Point",
    "coordinates": [
     -8.84702,
     51.681206
    ]
   },
   "properties": {
    "id": "I-COR-018",
    "title": "Achadh Loiscthe | Ahalisky 2",
    "ciic": "70",
    "cisp": "AHLIS/2",
    "smr": "CO122-049004-",
    "townland": "Ahalisky",
    "county": "Co. Cork",
    "country": "Ireland",
    "vern": "Achadh Loiscthe (ga)",
    "repo": "National Museum of Ireland",
    "cispUrl": "https://www.ucl.ac.uk/archaeology/cisp/database/stone/ahlis_2.html",
    "logainm": "https://www.logainm.ie/ga/9071"
   }
  },
  {
   "type": "Feature",
   "id": "I-COR-019",
   "geometry": {
    "type": "Point",
    "coordinates": [
     -8.84702,
     51.681206
    ]
   },
   "properties": {
    "id": "I-COR-019",
    "title": "Achadh Loiscthe | Ahalisky 3",
    "ciic": "71",
    "cisp": "AHLIS/3",
    "smr": "CO122-049005-",
    "townland": "Ahalisky",
    "county": "Co. Cork",
    "country": "Ireland",
    "vern": "Achadh Loiscthe (ga)",
    "repo": "National Museum of Ireland",
    "cispUrl": "https://www.ucl.ac.uk/archaeology/cisp/database/stone/ahlis_3.html",
    "logainm": "https://www.logainm.ie/ga/9071"
   }
  },
  {
   "type": "Feature",
   "id": "I-COR-020",
   "geometry": {
    "type": "Point",
    "coordinates": [
     -9.09023,
     51.77003
    ]
   },
   "properties": {
    "id": "I-COR-020",
    "title": "Alltach | Aultagh",
    "ciic": "72",
    "cisp": "AUTAG/1",
    "smr": "CO094-073----",
    "townland": "Aultagh",
    "county": "Co. Cork",
    "country": "Ireland",
    "vern": "Alltach (ga)",
    "cispUrl": "https://www.ucl.ac.uk/archaeology/cisp/database/stone/autag_1.html",
    "logainm": "https://www.logainm.ie/ga/9686",
    "vague": true,
    "vagueWhy": "cert=\"low\""
   }
  },
  {
   "type": "Feature",
   "id": "I-COR-021",
   "geometry": {
    "type": "Point",
    "coordinates": [
     -8.962643,
     51.690842
    ]
   },
   "properties": {
    "id": "I-COR-021",
    "title": "Ceathrú Bhaldair | Carhoovauler 1",
    "ciic": "73",
    "cisp": "CARHA/1",
    "smr": "CO122-001003-",
    "townland": "Carhoovauler",
    "county": "Co. Cork",
    "country": "Ireland",
    "vern": "Ceathrú Bhaldair (ga)",
    "cispUrl": "https://www.ucl.ac.uk/archaeology/cisp/database/stone/carha_1.html",
    "logainm": "https://www.logainm.ie/ga/9111"
   }
  },
  {
   "type": "Feature",
   "id": "I-COR-022",
   "geometry": {
    "type": "Point",
    "coordinates": [
     -8.962643,
     51.690842
    ]
   },
   "properties": {
    "id": "I-COR-022",
    "title": "Ceathrú Bhaldair | Carhoovauler 2",
    "ciic": "74",
    "cisp": "CARHA/2",
    "smr": "CO122-001004-",
    "townland": "Carhoovauler",
    "county": "Co. Cork",
    "country": "Ireland",
    "vern": "Ceathrú Bhaldair (ga)",
    "cispUrl": "https://www.ucl.ac.uk/archaeology/cisp/database/stone/carha_2.html",
    "logainm": "https://www.logainm.ie/ga/9111"
   }
  },
  {
   "type": "Feature",
   "id": "I-COR-023",
   "geometry": {
    "type": "Point",
    "coordinates": [
     -8.962643,
     51.690842
    ]
   },
   "properties": {
    "id": "I-COR-023",
    "title": "Ceathrú Bhaldair | Carhoovauler 3",
    "cisp": "CARHA/3",
    "smr": "CO122-001005-",
    "townland": "Carhoovauler",
    "county": "Co. Cork",
    "country": "Ireland",
    "vern": "Ceathrú Bhaldair (ga)",
    "cispUrl": "https://www.ucl.ac.uk/archaeology/cisp/database/stone/carha_3.html",
    "logainm": "https://www.logainm.ie/ga/9111"
   }
  },
  {
   "type": "Feature",
   "id": "I-COR-024",
   "geometry": {
    "type": "Point",
    "coordinates": [
     -9.177449,
     51.759532
    ]
   },
   "properties": {
    "id": "I-COR-024",
    "title": "Caoinráth | Keenrath",
    "ciic": "75",
    "cisp": "KEENH/1",
    "smr": "CO093-063----",
    "townland": "Keenrath",
    "county": "Co. Cork",
    "country": "Ireland",
    "vern": "Caoinráth (ga)",
    "cispUrl": "https://www.ucl.ac.uk/archaeology/cisp/database/stone/keenh_1.html",
    "logainm": "https://www.logainm.ie/ga/9881"
   }
  },
  {
   "type": "Feature",
   "id": "I-COR-025",
   "geometry": {
    "type": "Point",
    "coordinates": [
     -8.885746,
     51.644724
    ]
   },
   "properties": {
    "id": "I-COR-025",
    "title": "Teampall Brianaid Thuaidh | Templebryan North",
    "ciic": "76",
    "cisp": "TEMAN/1",
    "smr": "CO122-075004-",
    "townland": "Templebryan North",
    "county": "Co. Cork",
    "country": "Ireland",
    "vern": "Teampall Brianaid Thuaidh (ga)",
    "cispUrl": "https://www.ucl.ac.uk/archaeology/cisp/database/stone/teman_1.html",
    "logainm": "https://www.logainm.ie/ga/8996"
   }
  },
  {
   "type": "Feature",
   "id": "I-COR-026",
   "geometry": {
    "type": "Point",
    "coordinates": [
     -9.008003,
     51.578654
    ]
   },
   "properties": {
    "id": "I-COR-026",
    "title": "An Bhuirgéiseach | Burgatia",
    "ciic": "77",
    "cisp": "BURGA/1",
    "smr": "CO143-100----",
    "townland": "Burgatia",
    "county": "Co. Cork",
    "country": "Ireland",
    "vern": "An Bhuirgéiseach (ga)",
    "cispUrl": "https://www.ucl.ac.uk/archaeology/cisp/database/stone/burga_1.html",
    "logainm": "https://www.logainm.ie/ga/9138"
   }
  },
  {
   "type": "Feature",
   "id": "I-COR-027",
   "geometry": {
    "type": "Point",
    "coordinates": [
     -8.815681,
     51.952526
    ]
   },
   "properties": {
    "id": "I-COR-027",
    "title": "Cúil an Fhéich | Coolineagh 3",
    "townland": "Coolineagh",
    "county": "Co. Cork",
    "country": "Ireland",
    "repo": "Pitt-Rivers Museum, Oxford",
    "logainm": "https://www.logainm.ie/ga/11342"
   }
  },
  {
   "type": "Feature",
   "id": "I-COR-028",
   "geometry": {
    "type": "Point",
    "coordinates": [
     -8.07234,
     51.96797
    ]
   },
   "properties": {
    "id": "I-COR-028",
    "title": "Gleann an Phúca | Glenaphuca 1",
    "ciic": "79",
    "cisp": "RTHCA/1",
    "smr": "CO066-009----",
    "townland": "Glenaphuca",
    "county": "Co. Cork",
    "country": "Ireland",
    "vern": "Gleann an Phúca (ga)",
    "repo": "National Museum of Ireland",
    "cispUrl": "https://www.ucl.ac.uk/archaeology/cisp/database/stone/rthca_1.html",
    "logainm": "https://www.logainm.ie/ga/12339"
   }
  },
  {
   "type": "Feature",
   "id": "I-COR-029",
   "geometry": {
    "type": "Point",
    "coordinates": [
     -8.072345,
     51.967973
    ]
   },
   "properties": {
    "id": "I-COR-029",
    "title": "Gleann an Phúca | Glenaphuca 2",
    "ciic": "80",
    "cisp": "RTHCA/2",
    "smr": "CO066-053----",
    "townland": "Glenaphuca",
    "county": "Co. Cork",
    "country": "Ireland",
    "vern": "Gleann an Phúca (ga)",
    "repo": "National Museum of Ireland",
    "cispUrl": "https://www.ucl.ac.uk/archaeology/cisp/database/stone/rthca_2.html",
    "logainm": "https://www.logainm.ie/en/12340"
   }
  },
  {
   "type": "Feature",
   "id": "I-COR-030",
   "geometry": {
    "type": "Point",
    "coordinates": [
     -8.765479,
     51.816848
    ]
   },
   "properties": {
    "id": "I-COR-030",
    "title": "An Garrán | Garranes",
    "ciic": "81",
    "cisp": "GARES/1",
    "smr": "CO084-090003-",
    "townland": "Garranes",
    "county": "Co. Cork",
    "country": "Ireland",
    "vern": "An Garrán (ga)",
    "repo": "University College Cork",
    "cispUrl": "https://www.ucl.ac.uk/archaeology/cisp/database/stone/gares_1.html",
    "logainm": "https://www.logainm.ie/ga/8299"
   }
  },
  {
   "type": "Feature",
   "id": "I-COR-031",
   "geometry": {
    "type": "Point",
    "coordinates": [
     -8.08237,
     52.03462
    ]
   },
   "properties": {
    "id": "I-COR-031",
    "title": "Baile an Chamhaicigh Thuaidh | Ballyknock North 1",
    "ciic": "82",
    "cisp": "BAKNK/1",
    "smr": "CO055-007002-",
    "townland": "Ballyknock North",
    "county": "Co. Cork",
    "country": "Ireland",
    "vern": "Baile an Chamhaicigh Thuaidh (ga)",
    "cispUrl": "https://www.ucl.ac.uk/archaeology/cisp/database/stone/baknk_1.html",
    "logainm": "https://www.logainm.ie/ga/9971"
   }
  },
  {
   "type": "Feature",
   "id": "I-COR-032",
   "geometry": {
    "type": "Point",
    "coordinates": [
     -8.08237,
     52.03462
    ]
   },
   "properties": {
    "id": "I-COR-032",
    "title": "Baile an Chamhaicigh Thuaidh | Ballyknock North 2",
    "ciic": "83",
    "cisp": "BAKNK/2",
    "smr": "CO055-007005-",
    "townland": "Ballyknock North",
    "county": "Co. Cork",
    "country": "Ireland",
    "vern": "Baile an Chamhaicigh Thuaidh (ga)",
    "repo": "University College Cork",
    "cispUrl": "https://www.ucl.ac.uk/archaeology/cisp/database/stone/baknk_2.html",
    "logainm": "https://www.logainm.ie/ga/9971"
   }
  },
  {
   "type": "Feature",
   "id": "I-COR-033",
   "geometry": {
    "type": "Point",
    "coordinates": [
     -8.08237,
     52.03462
    ]
   },
   "properties": {
    "id": "I-COR-033",
    "title": "Baile an Chamhaicigh Thuaidh | Ballyknock North 3",
    "ciic": "84",
    "cisp": "BAKNK/3",
    "smr": "CO055-007006-",
    "townland": "Ballyknock North",
    "county": "Co. Cork",
    "country": "Ireland",
    "vern": "Baile an Chamhaicigh Thuaidh (ga)",
    "cispUrl": "https://www.ucl.ac.uk/archaeology/cisp/database/stone/baknk_3.html",
    "logainm": "https://www.logainm.ie/ga/9971"
   }
  },
  {
   "type": "Feature",
   "id": "I-COR-034",
   "geometry": {
    "type": "Point",
    "coordinates": [
     -8.08237,
     52.03462
    ]
   },
   "properties": {
    "id": "I-COR-034",
    "title": "Baile an Chamhaicigh Thuaidh | Ballyknock North 4",
    "ciic": "85",
    "cisp": "BAKNK/4",
    "smr": "CO055-007007-",
    "townland": "Ballyknock North",
    "county": "Co. Cork",
    "country": "Ireland",
    "vern": "Baile an Chamhaicigh Thuaidh (ga)",
    "repo": "University College Cork",
    "cispUrl": "https://www.ucl.ac.uk/archaeology/cisp/database/stone/baknk_4.html",
    "logainm": "https://www.logainm.ie/ga/9971"
   }
  },
  {
   "type": "Feature",
   "id": "I-COR-035",
   "geometry": {
    "type": "Point",
    "coordinates": [
     -8.08237,
     52.03462
    ]
   },
   "properties": {
    "id": "I-COR-035",
    "title": "Baile an Chamhaicigh Thuaidh | Ballyknock North 5",
    "ciic": "86",
    "cisp": "BAKNK/5",
    "tm": "173055",
    "smr": "CO055-007008-",
    "townland": "Ballyknock North",
    "county": "Co. Cork",
    "country": "Ireland",
    "vern": "Baile an Chamhaicigh Thuaidh (ga)",
    "repo": "University College Cork",
    "cispUrl": "https://www.ucl.ac.uk/archaeology/cisp/database/stone/baknk_5.html",
    "logainm": "https://www.logainm.ie/ga/9971"
   }
  },
  {
   "type": "Feature",
   "id": "I-COR-036",
   "geometry": {
    "type": "Point",
    "coordinates": [
     -8.08237,
     52.03462
    ]
   },
   "properties": {
    "id": "I-COR-036",
    "title": "Baile an Chamhaicigh Thuaidh | Ballyknock North 6",
    "ciic": "87",
    "cisp": "BAKNK/6",
    "tm": "173056",
    "smr": "CO055-007009-",
    "townland": "Ballyknock North",
    "county": "Co. Cork",
    "country": "Ireland",
    "vern": "Baile an Chamhaicigh Thuaidh (ga)",
    "repo": "University College Cork",
    "cispUrl": "https://www.ucl.ac.uk/archaeology/cisp/database/stone/baknk_6.html",
    "logainm": "https://www.logainm.ie/ga/9971"
   }
  },
  {
   "type": "Feature",
   "id": "I-COR-037",
   "geometry": {
    "type": "Point",
    "coordinates": [
     -8.08237,
     52.03462
    ]
   },
   "properties": {
    "id": "I-COR-037",
    "title": "Baile an Chamhaicigh Thuaidh | Ballyknock North 7",
    "ciic": "88",
    "cisp": "BAKNK/7",
    "tm": "173057",
    "smr": "CO055-007010-",
    "townland": "Ballyknock North",
    "county": "Co. Cork",
    "country": "Ireland",
    "vern": "Baile an Chamhaicigh Thuaidh (ga)",
    "repo": "University College Cork",
    "cispUrl": "https://www.ucl.ac.uk/archaeology/cisp/database/stone/baknk_7.html",
    "logainm": "https://www.logainm.ie/ga/9971"
   }
  },
  {
   "type": "Feature",
   "id": "I-COR-038",
   "geometry": {
    "type": "Point",
    "coordinates": [
     -8.08237,
     52.03462
    ]
   },
   "properties": {
    "id": "I-COR-038",
    "title": "Baile an Chamhaicigh Thuaidh | Ballyknock North 8",
    "ciic": "89",
    "cisp": "BAKNK/8",
    "smr": "CO055-007011-",
    "townland": "Ballyknock North",
    "county": "Co. Cork",
    "country": "Ireland",
    "vern": "Baile an Chamhaicigh Thuaidh (ga)",
    "repo": "University College Cork",
    "cispUrl": "https://www.ucl.ac.uk/archaeology/cisp/database/stone/baknk_8.html",
    "logainm": "https://www.logainm.ie/ga/9971"
   }
  },
  {
   "type": "Feature",
   "id": "I-COR-039",
   "geometry": {
    "type": "Point",
    "coordinates": [
     -8.08237,
     52.03462
    ]
   },
   "properties": {
    "id": "I-COR-039",
    "title": "Baile an Chamhaicigh Thuaidh | Ballyknock North 9",
    "ciic": "90",
    "cisp": "BAKNK/9",
    "smr": "CO055-007012-",
    "townland": "Ballyknock North",
    "county": "Co. Cork",
    "country": "Ireland",
    "vern": "Baile an Chamhaicigh Thuaidh (ga)",
    "repo": "University College Cork",
    "cispUrl": "https://www.ucl.ac.uk/archaeology/cisp/database/stone/baknk_9.html",
    "logainm": "https://www.logainm.ie/ga/9971"
   }
  },
  {
   "type": "Feature",
   "id": "I-COR-040",
   "geometry": {
    "type": "Point",
    "coordinates": [
     -8.08237,
     52.03462
    ]
   },
   "properties": {
    "id": "I-COR-040",
    "title": "Baile an Chamhaicigh Thuaidh | Ballyknock North 10",
    "ciic": "91",
    "cisp": "BAKNK/10",
    "smr": "CO055-007013-",
    "townland": "Ballyknock North",
    "county": "Co. Cork",
    "country": "Ireland",
    "vern": "Baile an Chamhaicigh Thuaidh (ga)",
    "cispUrl": "https://www.ucl.ac.uk/archaeology/cisp/database/stone/baknk_10.html",
    "logainm": "https://www.logainm.ie/ga/9971"
   }
  },
  {
   "type": "Feature",
   "id": "I-COR-041",
   "geometry": {
    "type": "Point",
    "coordinates": [
     -8.08237,
     52.03462
    ]
   },
   "properties": {
    "id": "I-COR-041",
    "title": "Baile an Chamhaicigh Thuaidh | Ballyknock North 11",
    "ciic": "92",
    "cisp": "BAKNK/11",
    "smr": "CO055-007014-",
    "townland": "Ballyknock North",
    "county": "Co. Cork",
    "country": "Ireland",
    "vern": "Baile an Chamhaicigh Thuaidh (ga)",
    "repo": "University College Cork",
    "cispUrl": "https://www.ucl.ac.uk/archaeology/cisp/database/stone/baknk_11.html",
    "logainm": "https://www.logainm.ie/ga/9971"
   }
  },
  {
   "type": "Feature",
   "id": "I-COR-042",
   "geometry": {
    "type": "Point",
    "coordinates": [
     -8.08237,
     52.03462
    ]
   },
   "properties": {
    "id": "I-COR-042",
    "title": "Baile an Chamhaicigh Thuaidh | Ballyknock North 12",
    "ciic": "93",
    "cisp": "BAKNK/12",
    "smr": "CO055-007015-",
    "townland": "Ballyknock North",
    "county": "Co. Cork",
    "country": "Ireland",
    "vern": "Baile an Chamhaicigh Thuaidh (ga)",
    "repo": "University College Cork",
    "cispUrl": "https://www.ucl.ac.uk/archaeology/cisp/database/stone/baknk_12.html",
    "logainm": "https://www.logainm.ie/ga/9971"
   }
  },
  {
   "type": "Feature",
   "id": "I-COR-043",
   "geometry": {
    "type": "Point",
    "coordinates": [
     -8.08237,
     52.03462
    ]
   },
   "properties": {
    "id": "I-COR-043",
    "title": "Baile an Chamhaicigh Thuaidh | Ballyknock North 13",
    "ciic": "94",
    "cisp": "BAKNK/13",
    "smr": "CO055-007016-",
    "townland": "Ballyknock North",
    "county": "Co. Cork",
    "country": "Ireland",
    "vern": "Baile an Chamhaicigh Thuaidh (ga)",
    "repo": "University College Cork",
    "cispUrl": "https://www.ucl.ac.uk/archaeology/cisp/database/stone/baknk_13.html",
    "logainm": "https://www.logainm.ie/ga/9971"
   }
  },
  {
   "type": "Feature",
   "id": "I-COR-044",
   "geometry": {
    "type": "Point",
    "coordinates": [
     -8.08237,
     52.03462
    ]
   },
   "properties": {
    "id": "I-COR-044",
    "title": "Baile an Chamhaicigh Thuaidh | Ballyknock North 14",
    "ciic": "95",
    "cisp": "BAKNK/14",
    "smr": "CO055-007017-",
    "townland": "Ballyknock North",
    "county": "Co. Cork",
    "country": "Ireland",
    "vern": "Baile an Chamhaicigh Thuaidh (ga)",
    "repo": "University College Cork",
    "cispUrl": "https://www.ucl.ac.uk/archaeology/cisp/database/stone/baknk_14.html",
    "logainm": "https://www.logainm.ie/ga/9971"
   }
  },
  {
   "type": "Feature",
   "id": "I-COR-045",
   "geometry": {
    "type": "Point",
    "coordinates": [
     -8.08237,
     52.03462
    ]
   },
   "properties": {
    "id": "I-COR-045",
    "title": "Baile an Chamhaicigh Thuaidh | Ballyknock North 15",
    "ciic": "96",
    "cisp": "BAKNK/15",
    "smr": "CO055-007018-",
    "townland": "Ballyknock North",
    "county": "Co. Cork",
    "country": "Ireland",
    "vern": "Baile an Chamhaicigh Thuaidh (ga)",
    "repo": "University College Cork",
    "cispUrl": "https://www.ucl.ac.uk/archaeology/cisp/database/stone/baknk_15.html",
    "logainm": "https://www.logainm.ie/ga/9971"
   }
  },
  {
   "type": "Feature",
   "id": "I-COR-046",
   "geometry": {
    "type": "Point",
    "coordinates": [
     -8.609832,
     51.831516
    ]
   },
   "properties": {
    "id": "I-COR-046",
    "title": "Baile Sheanc | Ballyhank 1",
    "ciic": "97",
    "cisp": "BAHAN/1",
    "smr": "CO085-067003-",
    "townland": "Ballyhank",
    "county": "Co. Cork",
    "country": "Ireland",
    "vern": "Baile Sheanc (ga)",
    "repo": "National Museum of Ireland",
    "cispUrl": "https://www.ucl.ac.uk/archaeology/cisp/database/stone/bahan_1.html",
    "logainm": "https://www.logainm.ie/ga/9212"
   }
  },
  {
   "type": "Feature",
   "id": "I-COR-047",
   "geometry": {
    "type": "Point",
    "coordinates": [
     -8.609832,
     51.831516
    ]
   },
   "properties": {
    "id": "I-COR-047",
    "title": "Baile Sheanc | Ballyhank 2",
    "ciic": "98",
    "cisp": "BAHAN/2",
    "tm": "172921",
    "smr": "CO085-067004-",
    "townland": "Ballyhank",
    "county": "Co. Cork",
    "country": "Ireland",
    "vern": "Baile Sheanc (ga)",
    "repo": "National Museum of Ireland",
    "cispUrl": "https://www.ucl.ac.uk/archaeology/cisp/database/stone/bahan_2.html",
    "logainm": "https://www.logainm.ie/ga/9212"
   }
  },
  {
   "type": "Feature",
   "id": "I-COR-048",
   "geometry": {
    "type": "Point",
    "coordinates": [
     -8.609832,
     51.831516
    ]
   },
   "properties": {
    "id": "I-COR-048",
    "title": "Baile Sheanc | Ballyhank 3",
    "ciic": "99",
    "cisp": "BAHAN/3",
    "smr": "CO085-067005-",
    "townland": "Ballyhank",
    "county": "Co. Cork",
    "country": "Ireland",
    "vern": "Baile Sheanc (ga)",
    "repo": "National Museum of Ireland",
    "cispUrl": "https://www.ucl.ac.uk/archaeology/cisp/database/stone/bahan_3.html",
    "logainm": "https://www.logainm.ie/ga/9212"
   }
  },
  {
   "type": "Feature",
   "id": "I-COR-049",
   "geometry": {
    "type": "Point",
    "coordinates": [
     -8.609832,
     51.831516
    ]
   },
   "properties": {
    "id": "I-COR-049",
    "title": "Baile Sheanc | Ballyhank 4",
    "ciic": "100",
    "cisp": "BAHAN/4",
    "smr": "CO085-067006-",
    "townland": "Ballyhank",
    "county": "Co. Cork",
    "country": "Ireland",
    "vern": "Baile Sheanc (ga)",
    "repo": "National Museum of Ireland",
    "cispUrl": "https://www.ucl.ac.uk/archaeology/cisp/database/stone/bahan_4.html",
    "logainm": "https://www.logainm.ie/ga/9212"
   }
  },
  {
   "type": "Feature",
   "id": "I-COR-050",
   "geometry": {
    "type": "Point",
    "coordinates": [
     -8.609832,
     51.831516
    ]
   },
   "properties": {
    "id": "I-COR-050",
    "title": "Baile Sheanc | Ballyhank 5",
    "ciic": "101",
    "cisp": "BAHAN/5",
    "smr": "CO085-067007-",
    "townland": "Ballyhank",
    "county": "Co. Cork",
    "country": "Ireland",
    "vern": "Baile Sheanc (ga)",
    "repo": "National Museum of Ireland",
    "cispUrl": "https://www.ucl.ac.uk/archaeology/cisp/database/stone/bahan_5.html",
    "logainm": "https://www.logainm.ie/ga/9212"
   }
  },
  {
   "type": "Feature",
   "id": "I-COR-051",
   "geometry": {
    "type": "Point",
    "coordinates": [
     -8.609832,
     51.831516
    ]
   },
   "properties": {
    "id": "I-COR-051",
    "title": "Baile Sheanc | Ballyhank 6",
    "ciic": "102",
    "cisp": "BAHAN/6",
    "smr": "CO085-067008-",
    "townland": "Ballyhank",
    "county": "Co. Cork",
    "country": "Ireland",
    "vern": "Baile Sheanc (ga)",
    "repo": "National Museum of Ireland",
    "cispUrl": "https://www.ucl.ac.uk/archaeology/cisp/database/stone/bahan_6.html",
    "logainm": "https://www.logainm.ie/ga/9212"
   }
  },
  {
   "type": "Feature",
   "id": "I-COR-052",
   "geometry": {
    "type": "Point",
    "coordinates": [
     -8.813893,
     51.999993
    ]
   },
   "properties": {
    "id": "I-COR-052",
    "title": "Barr an Chárthainn | Barrahaurin",
    "ciic": "103",
    "cisp": "BARHA/1",
    "smr": "CO050-045003-",
    "townland": "Barrahaurin",
    "county": "Co. Cork",
    "country": "Ireland",
    "vern": "Barr an Chárthainn (ga)",
    "repo": "University College Cork",
    "cispUrl": "https://www.ucl.ac.uk/archaeology/cisp/database/stone/barha_1.html",
    "logainm": "https://www.logainm.ie/ga/11454"
   }
  },
  {
   "type": "Feature",
   "id": "I-COR-053",
   "geometry": {
    "type": "Point",
    "coordinates": [
     -8.815354,
     51.952236
    ]
   },
   "properties": {
    "id": "I-COR-053",
    "title": "Cúil an Fhéich | Coolineagh 1",
    "ciic": "104",
    "cisp": "COOGH/1",
    "smr": "CO061-080005-",
    "townland": "Coolineagh",
    "county": "Co. Cork",
    "country": "Ireland",
    "vern": "Cúil an Fhéich (ga)",
    "cispUrl": "https://www.ucl.ac.uk/archaeology/cisp/database/stone/coogh_1.html",
    "logainm": "https://www.logainm.ie/ga/11342"
   }
  },
  {
   "type": "Feature",
   "id": "I-COR-054",
   "geometry": {
    "type": "Point",
    "coordinates": [
     -8.81568,
     51.95252
    ]
   },
   "properties": {
    "id": "I-COR-054",
    "title": "Cúil an Fhéich | Coolineagh 2",
    "ciic": "105",
    "cisp": "COOGH/2",
    "smr": "CO061-080007-",
    "townland": "Coolineagh",
    "county": "Co. Cork",
    "country": "Ireland",
    "vern": "Cúil an Fhéich (ga)",
    "repo": "University College Cork",
    "cispUrl": "https://www.ucl.ac.uk/archaeology/cisp/database/stone/coogh_2.html",
    "logainm": "https://www.logainm.ie/ga/11342"
   }
  },
  {
   "type": "Feature",
   "id": "I-COR-055",
   "geometry": {
    "type": "Point",
    "coordinates": [
     -8.88666,
     51.9387
    ]
   },
   "properties": {
    "id": "I-COR-055",
    "title": "Duílis | Deelish",
    "ciic": "106",
    "cisp": "DEELI/1",
    "smr": "CO060-172----",
    "townland": "Deelish",
    "county": "Co. Cork",
    "country": "Ireland",
    "vern": "Duílis (ga)",
    "repo": "British Museum",
    "cispUrl": "https://www.ucl.ac.uk/archaeology/cisp/database/stone/deeli_1.html",
    "logainm": "https://www.logainm.ie/ga/11434"
   }
  },
  {
   "type": "Feature",
   "id": "I-COR-056",
   "geometry": {
    "type": "Point",
    "coordinates": [
     -8.8671,
     51.9907
    ]
   },
   "properties": {
    "id": "I-COR-056",
    "title": "Gleann na gCloch Thuaidh | Glenaglogh",
    "ciic": "107",
    "cisp": "GLLOG/1",
    "smr": "CO060-190----",
    "townland": "Glenaglogh North",
    "county": "Co. Cork",
    "country": "Ireland",
    "vern": "Gleann na gCloch Thuaidh (ga)",
    "repo": "University College Cork",
    "cispUrl": "https://www.ucl.ac.uk/archaeology/cisp/database/stone/gllog_1.html",
    "logainm": "https://www.logainm.ie/en/11549"
   }
  },
  {
   "type": "Feature",
   "id": "I-COR-057",
   "geometry": {
    "type": "Point",
    "coordinates": [
     -8.797595,
     51.981435
    ]
   },
   "properties": {
    "id": "I-COR-057",
    "title": "Cill Chuilinn Theas | Kilcullen South",
    "ciic": "108",
    "cisp": "KILTH/1",
    "smr": "CO061-187----",
    "townland": "Kilcullen South",
    "county": "Co. Cork",
    "country": "Ireland",
    "vern": "Cill Chuilinn Theas (ga)",
    "cispUrl": "https://www.ucl.ac.uk/archaeology/cisp/database/stone/kilth_1.html",
    "logainm": "https://www.logainm.ie/ga/11458"
   }
  },
  {
   "type": "Feature",
   "id": "I-COR-058",
   "geometry": {
    "type": "Point",
    "coordinates": [
     -8.79807,
     51.99226
    ]
   },
   "properties": {
    "id": "I-COR-058",
    "title": "Cill Martan Íochtarach | Kilmartin Lower",
    "ciic": "109",
    "cisp": "KLWER/1",
    "smr": "CO050-062003-",
    "townland": "Kilmartin Lower",
    "county": "Co. Cork",
    "country": "Ireland",
    "vern": "Cill Martan Íochtarach (ga)",
    "cispUrl": "https://www.ucl.ac.uk/archaeology/cisp/database/stone/klwer_1.html",
    "logainm": "https://www.logainm.ie/ga/11460"
   }
  },
  {
   "type": "Feature",
   "id": "I-COR-059",
   "geometry": {
    "type": "Point",
    "coordinates": [
     -8.84582,
     51.96999
    ]
   },
   "properties": {
    "id": "I-COR-059",
    "title": "An Cnoc Ramhar | Knockrour 1",
    "ciic": "110",
    "cisp": "KNOUR/1",
    "smr": "CO060-187----",
    "townland": "Knockrour/Oughtihery",
    "county": "Co. Cork",
    "country": "Ireland",
    "vern": "An Cnoc Ramhar (ga)",
    "cispUrl": "https://www.ucl.ac.uk/archaeology/cisp/database/stone/knour_1.html",
    "logainm": "https://www.logainm.ie/ga/11552"
   }
  },
  {
   "type": "Feature",
   "id": "I-COR-060",
   "geometry": {
    "type": "Point",
    "coordinates": [
     -8.845821,
     51.969997
    ]
   },
   "properties": {
    "id": "I-COR-060",
    "title": "An Cnoc Ramhar | Knockrour 2",
    "ciic": "111",
    "cisp": "KNOUR/2",
    "smr": "CO060-185----",
    "townland": "Knockrour/Oughtihery",
    "county": "Co. Cork",
    "country": "Ireland",
    "vern": "An Cnoc Ramhar (ga)",
    "cispUrl": "https://www.ucl.ac.uk/archaeology/cisp/database/stone/knour_2.html",
    "logainm": "https://www.logainm.ie/ga/11552"
   }
  },
  {
   "type": "Feature",
   "id": "I-COR-061",
   "geometry": {
    "type": "Point",
    "coordinates": [
     -8.84582,
     51.96999
    ]
   },
   "properties": {
    "id": "I-COR-061",
    "title": "An Cnoc Ramhar | Knockrour 3",
    "smr": "CO060-188----",
    "townland": "Knockrour/Oughtihery",
    "county": "Co. Cork",
    "country": "Ireland",
    "vern": "An Cnoc Ramhar (ga)",
    "repo": "Pitt-Rivers Museum, Oxford",
    "logainm": "https://www.logainm.ie/ga/11552"
   }
  },
  {
   "type": "Feature",
   "id": "I-COR-062",
   "geometry": {
    "type": "Point",
    "coordinates": [
     -8.796211,
     51.872673
    ]
   },
   "properties": {
    "id": "I-COR-062",
    "title": "Cnoc Seanmhaí | Knockshanawee 1",
    "ciic": "112",
    "cisp": "KNWEE/1",
    "smr": "CO072-078003-",
    "townland": "Knockshanawee",
    "county": "Co. Cork",
    "country": "Ireland",
    "vern": "Cnoc Seanmhaí (ga)",
    "repo": "University College Cork",
    "cispUrl": "https://www.ucl.ac.uk/archaeology/cisp/database/stone/knwee_1.html",
    "logainm": "https://www.logainm.ie/en/8237"
   }
  },
  {
   "type": "Feature",
   "id": "I-COR-063",
   "geometry": {
    "type": "Point",
    "coordinates": [
     -8.796211,
     51.872673
    ]
   },
   "properties": {
    "id": "I-COR-063",
    "title": "Cnoc Seanmhaí | Knockshanawee 2",
    "ciic": "113",
    "cisp": "KNWEE/2",
    "smr": "CO072-078004-",
    "townland": "Knockshanawee",
    "county": "Co. Cork",
    "country": "Ireland",
    "vern": "Cnoc Seanmhaí (ga)",
    "repo": "University College Cork",
    "cispUrl": "https://www.ucl.ac.uk/archaeology/cisp/database/stone/knwee_2.html",
    "logainm": "https://www.logainm.ie/en/8237"
   }
  },
  {
   "type": "Feature",
   "id": "I-COR-064",
   "geometry": {
    "type": "Point",
    "coordinates": [
     -8.796211,
     51.872673
    ]
   },
   "properties": {
    "id": "I-COR-064",
    "title": "Cnoc Seanmhaí | Knockshanawee 3",
    "ciic": "114",
    "cisp": "KNWEE/3",
    "smr": "CO072-078005-",
    "townland": "Knockshanawee",
    "county": "Co. Cork",
    "country": "Ireland",
    "vern": "Cnoc Seanmhaí (ga)",
    "repo": "University College Cork",
    "cispUrl": "https://www.ucl.ac.uk/archaeology/cisp/database/stone/knwee_3.html",
    "logainm": "https://www.logainm.ie/en/8237"
   }
  },
  {
   "type": "Feature",
   "id": "I-COR-065",
   "geometry": {
    "type": "Point",
    "coordinates": [
     -8.796211,
     51.872673
    ]
   },
   "properties": {
    "id": "I-COR-065",
    "title": "Cnoc Seanmhaí | Knockshanawee 4",
    "ciic": "115",
    "cisp": "KNWEE/4",
    "smr": "CO072-078006-",
    "townland": "Knockshanawee",
    "county": "Co. Cork",
    "country": "Ireland",
    "vern": "Cnoc Seanmhaí (ga)",
    "repo": "University College Cork",
    "cispUrl": "https://www.ucl.ac.uk/archaeology/cisp/database/stone/knwee_4.html",
    "logainm": "https://www.logainm.ie/en/8237"
   }
  },
  {
   "type": "Feature",
   "id": "I-COR-066",
   "geometry": {
    "type": "Point",
    "coordinates": [
     -8.796211,
     51.872673
    ]
   },
   "properties": {
    "id": "I-COR-066",
    "title": "Cnoc Seanmhaí | Knockshanawee 5",
    "ciic": "116",
    "cisp": "KNWEE/5",
    "smr": "CO072-078007-",
    "townland": "Knockshanawee",
    "county": "Co. Cork",
    "country": "Ireland",
    "vern": "Cnoc Seanmhaí (ga)",
    "repo": "University College Cork",
    "cispUrl": "https://www.ucl.ac.uk/archaeology/cisp/database/stone/knwee_5.html",
    "logainm": "https://www.logainm.ie/en/8237"
   }
  },
  {
   "type": "Feature",
   "id": "I-COR-067",
   "geometry": {
    "type": "Point",
    "coordinates": [
     -8.796211,
     51.872673
    ]
   },
   "properties": {
    "id": "I-COR-067",
    "title": "Cnoc Seanmhaí | Knockshanawee 6",
    "ciic": "117",
    "cisp": "KNWEE/6",
    "smr": "CO072-078008-",
    "townland": "Knockshanawee",
    "county": "Co. Cork",
    "country": "Ireland",
    "vern": "Cnoc Seanmhaí (ga)",
    "repo": "University College Cork",
    "cispUrl": "https://www.ucl.ac.uk/archaeology/cisp/database/stone/knwee_6.html",
    "logainm": "https://www.logainm.ie/en/8237"
   }
  },
  {
   "type": "Feature",
   "id": "I-COR-068",
   "geometry": {
    "type": "Point",
    "coordinates": [
     -8.25959,
     51.90476
    ]
   },
   "properties": {
    "id": "I-COR-068",
    "title": "Caisleán Chúirt an Bharraigh | Barryscourt Castle",
    "smr": "SMR ID: CO075-018001-",
    "townland": "Barryscourt",
    "county": "Co. Cork",
    "country": "Ireland",
    "vern": "Cúirt an Bharraigh (ga)",
    "logainm": "https://www.logainm.ie/ga/12183"
   }
  },
  {
   "type": "Feature",
   "id": "I-COR-069",
   "geometry": {
    "type": "Point",
    "coordinates": [
     -8.787796,
     51.976513
    ]
   },
   "properties": {
    "id": "I-COR-069",
    "title": "Móin an tSagairt | Monataggart 1",
    "ciic": "118",
    "cisp": "MONAT/1",
    "smr": "SMR ID: CO061-022002-",
    "townland": "Monataggart",
    "county": "Co. Cork",
    "country": "Ireland",
    "vern": "Móin an tSagairt (ga)",
    "repo": "National Museum of Ireland",
    "cispUrl": "https://www.ucl.ac.uk/archaeology/cisp/database/stone/monat_1.html",
    "logainm": "https://www.logainm.ie/ga/11463"
   }
  },
  {
   "type": "Feature",
   "id": "I-COR-070",
   "geometry": {
    "type": "Point",
    "coordinates": [
     -8.787796,
     51.976513
    ]
   },
   "properties": {
    "id": "I-COR-070",
    "title": "Móin an tSagairt | Monataggart 2",
    "ciic": "119",
    "cisp": "MONAT/2",
    "smr": "SMR ID: CO061-022003-",
    "townland": "Monataggart",
    "county": "Co. Cork",
    "country": "Ireland",
    "vern": "Móin an tSagairt (ga)",
    "repo": "National Museum of Ireland",
    "cispUrl": "https://www.ucl.ac.uk/archaeology/cisp/database/stone/monat_2.html",
    "logainm": "https://www.logainm.ie/ga/11463"
   }
  },
  {
   "type": "Feature",
   "id": "I-COR-071",
   "geometry": {
    "type": "Point",
    "coordinates": [
     -8.787796,
     51.976513
    ]
   },
   "properties": {
    "id": "I-COR-071",
    "title": "Móin an tSagairt | Monataggart 3",
    "ciic": "120",
    "cisp": "MONAT/3",
    "smr": "SMR ID: CO061-022004-",
    "townland": "Monataggart",
    "county": "Co. Cork",
    "country": "Ireland",
    "vern": "Móin an tSagairt (ga)",
    "repo": "National Museum of Ireland",
    "cispUrl": "https://www.ucl.ac.uk/archaeology/cisp/database/stone/monat_3.html",
    "logainm": "https://www.logainm.ie/ga/11463"
   }
  },
  {
   "type": "Feature",
   "id": "I-COR-072",
   "geometry": {
    "type": "Point",
    "coordinates": [
     -8.787796,
     51.976513
    ]
   },
   "properties": {
    "id": "I-COR-072",
    "title": "Móin an tSagairt | Monataggart 4",
    "ciic": "121",
    "cisp": "MONAT/4",
    "smr": "SMR ID: CO061-022005-",
    "townland": "Monataggart",
    "county": "Co. Cork",
    "country": "Ireland",
    "vern": "Móin an tSagairt (ga)",
    "cispUrl": "https://www.ucl.ac.uk/archaeology/cisp/database/stone/monat_4.html",
    "logainm": "https://www.logainm.ie/ga/11463"
   }
  },
  {
   "type": "Feature",
   "id": "I-COR-073",
   "geometry": {
    "type": "Point",
    "coordinates": [
     -8.81211,
     51.957629
    ]
   },
   "properties": {
    "id": "I-COR-073",
    "title": "Cnoc idir Dhá Abhainn | Mountrivers 1",
    "ciic": "122",
    "cisp": "MNTRI/1",
    "smr": "SMR ID: CO061-079003-",
    "townland": "Mountrivers",
    "county": "Co. Cork",
    "country": "Ireland",
    "vern": "Cnoc idir Dhá Abhainn (ga)",
    "cispUrl": "https://www.ucl.ac.uk/archaeology/cisp/database/stone/mntri_1.html",
    "logainm": "https://www.logainm.ie/ga/11553"
   }
  },
  {
   "type": "Feature",
   "id": "I-COR-074",
   "geometry": {
    "type": "Point",
    "coordinates": [
     -8.81211,
     51.957629
    ]
   },
   "properties": {
    "id": "I-COR-074",
    "title": "Cnoc idir Dhá Abhainn | Mountrivers 2",
    "ciic": "123",
    "cisp": "MNTRI/2",
    "smr": "SMR ID: CO061-079004-",
    "townland": "Mountrivers",
    "county": "Co. Cork",
    "country": "Ireland",
    "vern": "Cnoc idir Dhá Abhainn (ga)",
    "repo": "British Museum",
    "cispUrl": "https://www.ucl.ac.uk/archaeology/cisp/database/stone/mntri_2.html",
    "logainm": "https://www.logainm.ie/ga/11553"
   }
  },
  {
   "type": "Feature",
   "id": "I-COR-076",
   "geometry": {
    "type": "Point",
    "coordinates": [
     -8.788478,
     51.88324
    ]
   },
   "properties": {
    "id": "I-COR-076",
    "title": "An Rú Mór | Rooves More 1",
    "ciic": "124",
    "cisp": "ROVMO/1",
    "smr": "SMR ID: CO072-070003-",
    "townland": "Rooves More",
    "county": "Co. Cork",
    "country": "Ireland",
    "vern": "An Rú Mór (ga)",
    "repo": "British Museum",
    "cispUrl": "https://www.ucl.ac.uk/archaeology/cisp/database/stone/rovmo_1.html",
    "logainm": "https://www.logainm.ie/ga/11243"
   }
  },
  {
   "type": "Feature",
   "id": "I-COR-077",
   "geometry": {
    "type": "Point",
    "coordinates": [
     -8.788478,
     51.88324
    ]
   },
   "properties": {
    "id": "I-COR-077",
    "title": "An Rú Mór | Rooves More 2",
    "ciic": "125",
    "cisp": "ROVMO/2",
    "smr": "SMR ID: CO072-070004-",
    "townland": "Rooves More",
    "county": "Co. Cork",
    "country": "Ireland",
    "vern": "An Rú Mór (ga)",
    "repo": "British Museum",
    "cispUrl": "https://www.ucl.ac.uk/archaeology/cisp/database/stone/rovmo_2.html",
    "logainm": "https://www.logainm.ie/ga/11243"
   }
  },
  {
   "type": "Feature",
   "id": "I-COR-078",
   "geometry": {
    "type": "Point",
    "coordinates": [
     -8.788478,
     51.88324
    ]
   },
   "properties": {
    "id": "I-COR-078",
    "title": "An Rú Mór | Rooves More 3",
    "ciic": "126",
    "cisp": "ROVMO/3",
    "smr": "CO072-070002-",
    "townland": "Rooves More",
    "county": "Co. Cork",
    "country": "Ireland",
    "vern": "An Rú Mór (ga)",
    "repo": "British Museum",
    "cispUrl": "https://www.ucl.ac.uk/archaeology/cisp/database/stone/rovmo_3.html",
    "logainm": "https://www.logainm.ie/ga/11243"
   }
  },
  {
   "type": "Feature",
   "id": "I-COR-079",
   "geometry": {
    "type": "Point",
    "coordinates": [
     -8.758,
     51.947
    ]
   },
   "properties": {
    "id": "I-COR-079",
    "title": "An Tulaigh Mhór | Tullig More",
    "ciic": "127",
    "cisp": "TLGMO/1",
    "smr": "CO061-182----",
    "townland": "Tullig More",
    "county": "Co. Cork",
    "country": "Ireland",
    "vern": "An Tulaigh Mhór (ga)",
    "repo": "University College Cork",
    "cispUrl": "https://www.ucl.ac.uk/archaeology/cisp/database/stone/tlgmo_1.html",
    "logainm": "https://www.logainm.ie/ga/11538"
   }
  },
  {
   "type": "Feature",
   "id": "I-COR-080",
   "geometry": {
    "type": "Point",
    "coordinates": [
     -8.909,
     52.015
    ]
   },
   "properties": {
    "id": "I-COR-080",
    "title": "Carraig an Ghiolla | Carrigagulla",
    "ciic": "128",
    "cisp": "CRGUL/1",
    "smr": "CO049-052----",
    "townland": "Carrigagulla",
    "county": "Co. Cork",
    "country": "Ireland",
    "vern": "Carraig an Ghiolla (ga)",
    "repo": "University College Cork",
    "cispUrl": "https://www.ucl.ac.uk/archaeology/cisp/database/stone/crgul_1.html",
    "logainm": "https://www.logainm.ie/ga/11451"
   }
  },
  {
   "type": "Feature",
   "id": "I-COR-081",
   "geometry": {
    "type": "Point",
    "coordinates": [
     -9.02702,
     51.83908
    ]
   },
   "properties": {
    "id": "I-COR-081",
    "title": "An Chúil Dorcha | Cooldorragha",
    "ciic": "129",
    "cisp": "COOLH/1",
    "smr": "SMR ID: CO082-045002-",
    "townland": "Cooldorragha",
    "county": "Co. Cork",
    "country": "Ireland",
    "vern": "An Chúil Dorcha (ga)",
    "cispUrl": "https://www.ucl.ac.uk/archaeology/cisp/database/stone/coolh_1.html",
    "logainm": "https://www.logainm.ie/ga/9939"
   }
  },
  {
   "type": "Feature",
   "id": "I-COR-082",
   "geometry": {
    "type": "Point",
    "coordinates": [
     -8.935787,
     52.06919
    ]
   },
   "properties": {
    "id": "I-COR-082",
    "title": "Crionna Lua | Crinnaloo",
    "ciic": "130",
    "cisp": "CRNLO/1",
    "smr": "SMR ID: CO040-053002-",
    "townland": "Crinnaloo",
    "county": "Co. Cork",
    "country": "Ireland",
    "vern": "Crionna Lua (ga)",
    "cispUrl": "https://www.ucl.ac.uk/archaeology/cisp/database/stone/crnlo_1.html",
    "logainm": "https://www.logainm.ie/ga/1372141"
   }
  },
  {
   "type": "Feature",
   "id": "I-COR-083",
   "geometry": {
    "type": "Point",
    "coordinates": [
     -9.15294,
     51.93525
    ]
   },
   "properties": {
    "id": "I-COR-083",
    "title": "An tSeanchluain | Shanacloon 1",
    "ciic": "131",
    "cisp": "GLEBE/1",
    "smr": "SMR ID: CO058-039001-",
    "townland": "Shanacloon",
    "county": "Co. Cork",
    "country": "Ireland",
    "vern": "An tSeanchluain (ga)",
    "cispUrl": "https://www.ucl.ac.uk/archaeology/cisp/database/stone/glebe_1.html",
    "logainm": "https://www.logainm.ie/ga/11382"
   }
  },
  {
   "type": "Feature",
   "id": "I-COR-084",
   "geometry": {
    "type": "Point",
    "coordinates": [
     -9.15294,
     51.93525
    ]
   },
   "properties": {
    "id": "I-COR-084",
    "title": "An tSeanchluain | Shanacloon 2",
    "ciic": "132",
    "cisp": "GLEBE/2",
    "smr": "SMR ID: CO058-039006-",
    "townland": "Shanacloon",
    "county": "Co. Cork",
    "country": "Ireland",
    "vern": "An tSeanchluain (ga)",
    "cispUrl": "https://www.ucl.ac.uk/archaeology/cisp/database/stone/glebe_2.html",
    "logainm": "https://www.logainm.ie/ga/11382"
   }
  },
  {
   "type": "Feature",
   "id": "I-COR-085",
   "geometry": {
    "type": "Point",
    "coordinates": [
     -9.15294,
     51.93525
    ]
   },
   "properties": {
    "id": "I-COR-085",
    "title": "An tSeanchluain | Shanacloon 3",
    "ciic": "133",
    "cisp": "GLEBE/3",
    "smr": "SMR ID: CO058-039005-",
    "townland": "Shanacloon",
    "county": "Co. Cork",
    "country": "Ireland",
    "vern": "An tSeanchluain (ga)",
    "cispUrl": "https://www.ucl.ac.uk/archaeology/cisp/database/stone/glebe_3.html",
    "logainm": "https://www.logainm.ie/ga/11382"
   }
  },
  {
   "type": "Feature",
   "id": "I-COR-086",
   "geometry": {
    "type": "Point",
    "coordinates": [
     -9.2355,
     51.83004
    ]
   },
   "properties": {
    "id": "I-COR-086",
    "title": "Caolmhagh Mór | Kealvaugh More",
    "ciic": "134",
    "cisp": "KLVMO/1",
    "smr": "SMR ID: CO081-018----",
    "townland": "Kealvaugh More",
    "county": "Co. Cork",
    "country": "Ireland",
    "vern": "Caolmhagh Mór (ga)",
    "cispUrl": "https://www.ucl.ac.uk/archaeology/cisp/database/stone/klvmo_1.html",
    "logainm": "https://www.logainm.ie/ga/9754"
   }
  },
  {
   "type": "Feature",
   "id": "I-COR-088",
   "geometry": {
    "type": "Point",
    "coordinates": [
     -9.111685,
     51.715236
    ]
   },
   "properties": {
    "id": "I-COR-088",
    "title": "Bun an Chnoic | Underhill 1",
    "smr": "SMR ID: CO107-060----",
    "townland": "Underhill",
    "county": "Co. Cork",
    "country": "Ireland",
    "vern": "Bun an Chnoic (ga)",
    "repo": "National Museum of Ireland",
    "logainm": "https://www.logainm.ie/ga/9871"
   }
  },
  {
   "type": "Feature",
   "id": "I-COR-089",
   "geometry": {
    "type": "Point",
    "coordinates": [
     -9.111685,
     51.715236
    ]
   },
   "properties": {
    "id": "I-COR-089",
    "title": "Bun an Chnoic | Underhill 2",
    "smr": "SMR ID: CO107-059----",
    "townland": "Underhill",
    "county": "Co. Cork",
    "country": "Ireland",
    "vern": "Bun an Chnoic (ga)",
    "repo": "National Museum of Ireland",
    "logainm": "https://www.logainm.ie/ga/9871"
   }
  },
  {
   "type": "Feature",
   "id": "I-COR-090",
   "geometry": {
    "type": "Point",
    "coordinates": [
     -9.111685,
     51.715236
    ]
   },
   "properties": {
    "id": "I-COR-090",
    "title": "Bun an Chnoic | Underhill 3",
    "smr": "SMR ID: CO107-058----",
    "townland": "Underhill",
    "county": "Co. Cork",
    "country": "Ireland",
    "vern": "Bun an Chnoic (ga)",
    "repo": "National Museum of Ireland",
    "logainm": "https://www.logainm.ie/ga/9871"
   }
  },
  {
   "type": "Feature",
   "id": "I-COR-091",
   "geometry": {
    "type": "Point",
    "coordinates": [
     -9.045799,
     52.052268
    ]
   },
   "properties": {
    "id": "I-COR-091",
    "title": "Lios Catháin | Liscahane 1",
    "cisp": "LHANE/1",
    "smr": "SMR ID: CO039-062004-",
    "townland": "Liscahane",
    "county": "Co. Cork",
    "country": "Ireland",
    "vern": "Lios Catháin (ga)",
    "repo": "Millstreet Museum",
    "cispUrl": "https://www.ucl.ac.uk/archaeology/cisp/database/stone/lhane_1.html",
    "logainm": "https://www.logainm.ie/ga/12681"
   }
  },
  {
   "type": "Feature",
   "id": "I-COR-092",
   "geometry": {
    "type": "Point",
    "coordinates": [
     -9.045799,
     52.052268
    ]
   },
   "properties": {
    "id": "I-COR-092",
    "title": "Lios Catháin | Liscahane 2",
    "cisp": "LHANE/2",
    "smr": "SMR ID: CO039-062005-",
    "townland": "Liscahane",
    "county": "Co. Cork",
    "country": "Ireland",
    "vern": "Lios Catháin (ga)",
    "repo": "Millstreet Museum",
    "cispUrl": "https://www.ucl.ac.uk/archaeology/cisp/database/stone/lhane_2.html",
    "logainm": "https://www.logainm.ie/ga/12681"
   }
  },
  {
   "type": "Feature",
   "id": "I-COR-093",
   "geometry": {
    "type": "Point",
    "coordinates": [
     -8.699242,
     51.978115
    ]
   },
   "properties": {
    "id": "I-COR-093",
    "title": "Bun Coille | Bunkilla",
    "smr": "SMR ID: CO061-074----",
    "townland": "Bunkilla",
    "county": "Co. Cork",
    "country": "Ireland",
    "vern": "Bun Coille (ga)",
    "repo": "National Museum of Ireland",
    "logainm": "https://www.logainm.ie/ga/11387"
   }
  },
  {
   "type": "Feature",
   "id": "I-COR-094",
   "geometry": {
    "type": "Point",
    "coordinates": [
     -8.741727,
     51.995929
    ]
   },
   "properties": {
    "id": "I-COR-094",
    "title": "An Leaca Bhán | Lackabane",
    "smr": "SMR ID: CO050-100003-",
    "townland": "Lackabane",
    "county": "Co. Cork",
    "country": "Ireland",
    "vern": "An Leaca Bhán (ga)",
    "logainm": "https://www.logainm.ie/ga/11395"
   }
  },
  {
   "type": "Feature",
   "id": "I-COR-095",
   "geometry": {
    "type": "Point",
    "coordinates": [
     -9.9272,
     51.7112
    ]
   },
   "properties": {
    "id": "I-COR-095",
    "title": "Na Barraí | Barrees",
    "smr": "SMR ID: CO102-037----",
    "townland": "Barrees",
    "county": "Co. Cork",
    "country": "Ireland",
    "vern": "Na Barraí (ga)",
    "logainm": "https://www.logainm.ie/ga/8767"
   }
  },
  {
   "type": "Feature",
   "id": "I-COR-096",
   "geometry": {
    "type": "Point",
    "coordinates": [
     -8.709778,
     51.681223
    ]
   },
   "properties": {
    "id": "I-COR-096",
    "title": "Gort na hEorna | Kilbrittain/Barleyfield",
    "smr": "SMR ID: CO123-081----",
    "townland": "Barleyfield",
    "county": "Co. Cork",
    "country": "Ireland",
    "vern": "Gort na hEorna (ga)",
    "logainm": "https://www.logainm.ie/ga/8271"
   }
  },
  {
   "type": "Feature",
   "id": "I-COR-097",
   "geometry": {
    "type": "Point",
    "coordinates": [
     -9.132629,
     51.79361
    ]
   },
   "properties": {
    "id": "I-COR-097",
    "title": "Crosdoire | Crushterra",
    "smr": "SMR ID: CO093-049----",
    "townland": "Crushterra",
    "county": "Co. Cork",
    "country": "Ireland",
    "vern": "Crosdoire (ga)",
    "logainm": "https://www.logainm.ie/ga/9827"
   }
  },
  {
   "type": "Feature",
   "id": "I-COR-L11",
   "geometry": {
    "type": "Point",
    "coordinates": [
     -8.53428,
     51.955391
    ]
   },
   "properties": {
    "id": "I-COR-L11",
    "title": "Cúil Eoghain | Coolowen",
    "ciic": "78",
    "cisp": "COOLN/1",
    "smr": "CO063-101----",
    "townland": "Coolowen",
    "county": "Co. Cork",
    "country": "Ireland",
    "vern": "Cúil Eoghain (ga)",
    "logainm": "https://www.logainm.ie/ga/9671"
   }
  },
  {
   "type": "Feature",
   "id": "I-COR-L13",
   "geometry": {
    "type": "Point",
    "coordinates": [
     -8.762792,
     51.99341
    ]
   },
   "properties": {
    "id": "I-COR-L13",
    "title": "Cnoc Uí Ruairc | Knockyrourke",
    "smr": "SMR ID: CO050-155----",
    "townland": "Knockyrourke",
    "county": "Co. Cork",
    "country": "Ireland",
    "vern": "Cnoc Uí Ruairc (ga)",
    "logainm": "https://www.logainm.ie/ga/11394"
   }
  },
  {
   "type": "Feature",
   "id": "I-DON-001",
   "geometry": {
    "type": "Point",
    "coordinates": [
     -7.56019,
     54.800162
    ]
   },
   "properties": {
    "id": "I-DON-001",
    "title": "An Machaire Riabhach | Magherareagh",
    "smr": "DG079-020----",
    "townland": "Magherareagh",
    "county": "Co. Donegal",
    "country": "Ireland",
    "vern": "An Machaire Riabhach (ga)",
    "logainm": "https://www.logainm.ie/en/16139"
   }
  },
  {
   "type": "Feature",
   "id": "I-FER-001",
   "geometry": {
    "type": "Point",
    "coordinates": [
     -7.5217,
     54.3594
    ]
   },
   "properties": {
    "id": "I-FER-001",
    "title": "Mullach an Chnoic | Topped Mountain",
    "ciic": "315",
    "cisp": "TMOUN/1",
    "townland": "Topped Mountain (also Toppid Mountain)",
    "county": "Co. Fermanagh",
    "country": "Northern Ireland",
    "vern": "Mullach an Chnoic (ga)",
    "repo": "Ulster Museum, Belfast",
    "cispUrl": "https://www.ucl.ac.uk/archaeology/cisp/database/stone/TMOUN/1.html",
    "logainm": "https://www.logainm.ie/en/121032"
   }
  },
  {
   "type": "Feature",
   "id": "I-FER-L01",
   "geometry": {
    "type": "Point",
    "coordinates": [
     -7.7184727,
     54.524002
    ]
   },
   "properties": {
    "id": "I-FER-L01",
    "title": "Drumnarullagh",
    "townland": "Drumnarullagh",
    "county": "Co. Fermanagh",
    "country": "Northern Ireland"
   }
  },
  {
   "type": "Feature",
   "id": "I-FER-X01",
   "geometry": {
    "type": "Point",
    "coordinates": [
     -7.56255,
     54.38069
    ]
   },
   "properties": {
    "id": "I-FER-X01",
    "title": "Ballydoolagh",
    "townland": "Ballydoolaghh",
    "county": "Co. Fermanagh",
    "country": "Northern Ireland",
    "vern": "Baile Dúlocha (ga)",
    "repo": "National Museum of Ireland",
    "logainm": "https://www.logainm.ie/en/61181"
   }
  },
  {
   "type": "Feature",
   "id": "I-KER-001",
   "geometry": {
    "type": "Point",
    "coordinates": [
     -9.78406,
     52.32876
    ]
   },
   "properties": {
    "id": "I-KER-001",
    "title": "Ard Fhearta | Ardfert 1",
    "ciic": "136",
    "cisp": "ARDFE/1",
    "tm": "www.trismegistos.org/text/172439",
    "smr": "KE020-046029-",
    "townland": "Ardfert",
    "county": "Co. Kerry",
    "country": "Ireland",
    "vern": "Ard Fhearta (ga)",
    "cispUrl": "https://www.ucl.ac.uk/archaeology/cisp/database/stone/ARDFE/1.html",
    "logainm": "https://www.logainm.ie/en/1411932"
   }
  },
  {
   "type": "Feature",
   "id": "I-KER-002",
   "geometry": {
    "type": "Point",
    "coordinates": [
     -9.782728,
     52.328817
    ]
   },
   "properties": {
    "id": "I-KER-002",
    "title": "Ard Fhearta | Ardfert 2",
    "smr": "KE020-046030-",
    "townland": "Ardfert",
    "county": "Co. Kerry",
    "country": "Ireland",
    "vern": "Ard Fhearta (ga)",
    "cispUrl": "https://www.ucl.ac.uk/archaeology/cisp/database/stone/.html",
    "logainm": "https://www.logainm.ie/en/1411932"
   }
  },
  {
   "type": "Feature",
   "id": "I-KER-003",
   "geometry": {
    "type": "Point",
    "coordinates": [
     -9.38419,
     52.3715
    ]
   },
   "properties": {
    "id": "I-KER-003",
    "title": "An Deirc | Derk",
    "smr": "KE017-022----",
    "townland": "Derk",
    "county": "Co. Kerry",
    "country": "Ireland",
    "vern": "An Deirc (ga)",
    "repo": "National Museum of Ireland",
    "cispUrl": "https://www.ucl.ac.uk/archaeology/cisp/database/stone/.html",
    "logainm": "https://www.logainm.ie/en/24130"
   }
  },
  {
   "type": "Feature",
   "id": "I-KER-004",
   "geometry": {
    "type": "Point",
    "coordinates": [
     -9.726907,
     52.365209
    ]
   },
   "properties": {
    "id": "I-KER-004",
    "title": "Clochán Ruairc | Fortwilliam",
    "ciic": "137",
    "cisp": "FORTW/1",
    "tm": "www.trismegistos.org/text/172566",
    "smr": "KE021-138----",
    "townland": "Fortwilliam",
    "county": "Co. Kerry",
    "country": "Ireland",
    "vern": "Clochán Ruairc (ga)",
    "repo": "Trinity College Dublin",
    "cispUrl": "https://www.ucl.ac.uk/archaeology/cisp/database/stone/FORTW/1.html",
    "logainm": "https://www.logainm.ie/en/24261"
   }
  },
  {
   "type": "Feature",
   "id": "I-KER-005",
   "geometry": {
    "type": "Point",
    "coordinates": [
     -10.173865,
     52.131899
    ]
   },
   "properties": {
    "id": "I-KER-005",
    "title": "Áth an Charbaill | Aghacarrible 1",
    "ciic": "138",
    "cisp": "AGHIB/1",
    "tm": "www.trismegistos.org/text/172431",
    "smr": "KE054-006004-",
    "townland": "Aghacarrible",
    "county": "Co. Kerry",
    "country": "Ireland",
    "vern": "Áth an Charbaill (ga)",
    "cispUrl": "https://www.ucl.ac.uk/archaeology/cisp/database/stone/AGHIB/1.html",
    "logainm": "https://www.logainm.ie/en/22713"
   }
  },
  {
   "type": "Feature",
   "id": "I-KER-006",
   "geometry": {
    "type": "Point",
    "coordinates": [
     -10.173865,
     52.131899
    ]
   },
   "properties": {
    "id": "I-KER-006",
    "title": "Áth an Charbaill | Aghacarrible 2",
    "ciic": "139",
    "cisp": "AGHIB/2",
    "tm": "www.trismegistos.org/text/172834",
    "smr": "KE054-006002-",
    "townland": "Aghacarrible",
    "county": "Co. Kerry",
    "country": "Ireland",
    "vern": "Áth an Charbaill (ga)",
    "cispUrl": "https://www.ucl.ac.uk/archaeology/cisp/database/stone/AGHIB/2.html",
    "logainm": "https://www.logainm.ie/en/22713"
   }
  },
  {
   "type": "Feature",
   "id": "I-KER-007",
   "geometry": {
    "type": "Point",
    "coordinates": [
     -10.173865,
     52.131899
    ]
   },
   "properties": {
    "id": "I-KER-007",
    "title": "Áth an Charbaill | Aghacarrible 3",
    "ciic": "140",
    "cisp": "AGHIB/3",
    "tm": "www.trismegistos.org/text/172861",
    "smr": "KE054-006005-",
    "townland": "Aghacarrible",
    "county": "Co. Kerry",
    "country": "Ireland",
    "vern": "Áth an Charbaill (ga)",
    "cispUrl": "https://www.ucl.ac.uk/archaeology/cisp/database/stone/AGHIB/3.html",
    "logainm": "https://www.logainm.ie/en/22713"
   }
  },
  {
   "type": "Feature",
   "id": "I-KER-008",
   "geometry": {
    "type": "Point",
    "coordinates": [
     -10.13772,
     52.13606
    ]
   },
   "properties": {
    "id": "I-KER-008",
    "title": "An Eaglais | Aglish 1",
    "ciic": "141",
    "cisp": "AGLIS/1",
    "tm": "www.trismegistos.org/text/172434",
    "smr": "KE054-032003-",
    "townland": "Aglish",
    "county": "Co. Kerry",
    "country": "Ireland",
    "vern": "An Eaglais (ga)",
    "repo": "National Museum of Ireland",
    "cispUrl": "https://www.ucl.ac.uk/archaeology/cisp/database/stone/AGLIS/1.html",
    "logainm": "https://www.logainm.ie/en/22749"
   }
  },
  {
   "type": "Feature",
   "id": "I-KER-009",
   "geometry": {
    "type": "Point",
    "coordinates": [
     -10.13764,
     52.13607
    ]
   },
   "properties": {
    "id": "I-KER-009",
    "title": "An Eaglais | Aglish 2",
    "ciic": "142",
    "cisp": "AGLIS/2",
    "tm": "www.trismegistos.org/text/172779",
    "smr": "KE054-032004-",
    "townland": "Aglish",
    "county": "Co. Kerry",
    "country": "Ireland",
    "vern": "An Eaglais (ga)",
    "cispUrl": "https://www.ucl.ac.uk/archaeology/cisp/database/stone/AGLIS/2.html",
    "logainm": "https://www.logainm.ie/en/22749"
   }
  },
  {
   "type": "Feature",
   "id": "I-KER-010",
   "geometry": {
    "type": "Point",
    "coordinates": [
     -10.05993,
     52.1601
    ]
   },
   "properties": {
    "id": "I-KER-010",
    "title": "Áth na gCeap | Annagap",
    "ciic": "143",
    "cisp": "ANGAP/1",
    "tm": "www.trismegistos.org/text/172436",
    "smr": "KE044-065003-",
    "townland": "Annagap",
    "county": "Co. Kerry",
    "country": "Ireland",
    "vern": "Áth na gCeap (ga)",
    "repo": "Cork Public Museum",
    "cispUrl": "https://www.ucl.ac.uk/archaeology/cisp/database/stone/ANGAP/1.html",
    "logainm": "https://www.logainm.ie/en/22479"
   }
  },
  {
   "type": "Feature",
   "id": "I-KER-011",
   "geometry": {
    "type": "Point",
    "coordinates": [
     -10.0516,
     52.1468
    ]
   },
   "properties": {
    "id": "I-KER-011",
    "title": "Ard Draighneáin | Ardrinane",
    "ciic": "144",
    "cisp": "ARDNE/1",
    "tm": "www.trismegistos.org/text/173394",
    "smr": "KE044-126----",
    "townland": "Ardrinane",
    "county": "Co. Kerry",
    "country": "Ireland",
    "vern": "Ard Draighneáin (ga)",
    "cispUrl": "https://www.ucl.ac.uk/archaeology/cisp/database/stone/ARDNE/1.html",
    "logainm": "https://www.logainm.ie/en/22455"
   }
  },
  {
   "type": "Feature",
   "id": "I-KER-012",
   "geometry": {
    "type": "Point",
    "coordinates": [
     -10.248991,
     52.257799
    ]
   },
   "properties": {
    "id": "I-KER-012",
    "title": "Airghleann | Arraglen",
    "ciic": "145",
    "cisp": "ARRAG/1",
    "tm": "www.trismegistos.org/text/172441",
    "smr": "KE025-002001-",
    "townland": "Arraglen",
    "county": "Co. Kerry",
    "country": "Ireland",
    "vern": "Airghleann (ga)",
    "cispUrl": "https://www.ucl.ac.uk/archaeology/cisp/database/stone/ARRAG/1.html",
    "logainm": "https://www.logainm.ie/en/22488"
   }
  },
  {
   "type": "Feature",
   "id": "I-KER-013",
   "geometry": {
    "type": "Point",
    "coordinates": [
     -10.3909,
     52.1639
    ]
   },
   "properties": {
    "id": "I-KER-013",
    "title": "An Riasc | Reask (Ballineanig)",
    "ciic": "146",
    "cisp": "BLNIG/1",
    "tm": "www.trismegistos.org/text/860655",
    "smr": "KE042-151----",
    "townland": "Reask",
    "county": "Co. Kerry",
    "country": "Ireland",
    "vern": "An Riasc (ga)",
    "repo": "National Museum of Ireland",
    "cispUrl": "https://www.ucl.ac.uk/archaeology/cisp/database/stone/BLNIG/1.html",
    "logainm": "https://www.logainm.ie/en/22747"
   }
  },
  {
   "type": "Feature",
   "id": "I-KER-014",
   "geometry": {
    "type": "Point",
    "coordinates": [
     -10.20474,
     52.140119
    ]
   },
   "properties": {
    "id": "I-KER-014",
    "title": "Baile an Ístínigh | Ballineesteenig",
    "ciic": "147",
    "cisp": "BALEE/1",
    "tm": "www.trismegistos.org/text/172445",
    "smr": "KE043-248----",
    "townland": "Ballineesteenig",
    "county": "Co. Kerry",
    "country": "Ireland",
    "vern": "Baile an Ístínigh (ga)",
    "cispUrl": "https://www.ucl.ac.uk/archaeology/cisp/database/stone/BALEE/1.html",
    "logainm": "https://www.logainm.ie/en/22707"
   }
  },
  {
   "type": "Feature",
   "id": "I-KER-015",
   "geometry": {
    "type": "Point",
    "coordinates": [
     -10.3879,
     52.1788
    ]
   },
   "properties": {
    "id": "I-KER-015",
    "title": "Baile an Reannaigh | Ballinrannig 1",
    "ciic": "148",
    "cisp": "BALIG/1",
    "tm": "www.trismegistos.org/text/172447",
    "smr": "KE042-057007-",
    "townland": "Ballinrannig",
    "county": "Co. Kerry",
    "country": "Ireland",
    "vern": "Baile an Reannaigh (ga)",
    "cispUrl": "https://www.ucl.ac.uk/archaeology/cisp/database/stone/BALIG/1.html",
    "logainm": "https://www.logainm.ie/en/22741"
   }
  },
  {
   "type": "Feature",
   "id": "I-KER-016",
   "geometry": {
    "type": "Point",
    "coordinates": [
     -10.3879,
     52.1788
    ]
   },
   "properties": {
    "id": "I-KER-016",
    "title": "Baile an Reannaigh | Ballinrannig 2",
    "ciic": "149",
    "cisp": "BALIG/2",
    "tm": "www.trismegistos.org/text/172963",
    "smr": "KE042-057006-",
    "townland": "Ballinrannig",
    "county": "Co. Kerry",
    "country": "Ireland",
    "vern": "Baile an Reannaigh (ga)",
    "cispUrl": "https://www.ucl.ac.uk/archaeology/cisp/database/stone/BALIG/2.html",
    "logainm": "https://www.logainm.ie/en/22741"
   }
  },
  {
   "type": "Feature",
   "id": "I-KER-017",
   "geometry": {
    "type": "Point",
    "coordinates": [
     -10.3879,
     52.1788
    ]
   },
   "properties": {
    "id": "I-KER-017",
    "title": "Baile an Reannaigh | Ballinrannig 3",
    "ciic": "150",
    "cisp": "BALIG/3",
    "tm": "www.trismegistos.org/text/172968",
    "smr": "KE042-057008-",
    "townland": "Ballinrannig",
    "county": "Co. Kerry",
    "country": "Ireland",
    "vern": "Baile an Reannaigh (ga)",
    "cispUrl": "https://www.ucl.ac.uk/archaeology/cisp/database/stone/BALIG/3.html",
    "logainm": "https://www.logainm.ie/en/22741"
   }
  },
  {
   "type": "Feature",
   "id": "I-KER-018",
   "geometry": {
    "type": "Point",
    "coordinates": [
     -10.3879,
     52.1788
    ]
   },
   "properties": {
    "id": "I-KER-018",
    "title": "Baile an Reannaigh | Ballinrannig 4",
    "ciic": "151",
    "cisp": "BALIG/4",
    "tm": "www.trismegistos.org/text/172973",
    "smr": "KE042-057009-",
    "townland": "Ballinrannig",
    "county": "Co. Kerry",
    "country": "Ireland",
    "vern": "Baile an Reannaigh (ga)",
    "cispUrl": "https://www.ucl.ac.uk/archaeology/cisp/database/stone/BALIG/4.html",
    "logainm": "https://www.logainm.ie/en/22741"
   }
  },
  {
   "type": "Feature",
   "id": "I-KER-019",
   "geometry": {
    "type": "Point",
    "coordinates": [
     -10.3879,
     52.1788
    ]
   },
   "properties": {
    "id": "I-KER-019",
    "title": "Baile an Reannaigh | Ballinrannig 5",
    "ciic": "152",
    "cisp": "BALIG/5",
    "tm": "www.trismegistos.org/text/172978",
    "smr": "KE042-057010-",
    "townland": "Ballinrannig (>)",
    "county": "Co. Kerry",
    "country": "Ireland",
    "vern": "Baile an Reannaigh (ga)",
    "cispUrl": "https://www.ucl.ac.uk/archaeology/cisp/database/stone/BALIG/5.html",
    "logainm": "https://www.logainm.ie/en/22741"
   }
  },
  {
   "type": "Feature",
   "id": "I-KER-020",
   "geometry": {
    "type": "Point",
    "coordinates": [
     -10.3879,
     52.1788
    ]
   },
   "properties": {
    "id": "I-KER-020",
    "title": "Baile an Reannaigh | Ballinrannig 6",
    "ciic": "153",
    "cisp": "BALIG/6",
    "tm": "www.trismegistos.org/text/172983",
    "smr": "KE042-057011-",
    "townland": "Ballinrannig",
    "county": "Co. Kerry",
    "country": "Ireland",
    "vern": "Baile an Reannaigh (ga)",
    "cispUrl": "https://www.ucl.ac.uk/archaeology/cisp/database/stone/BALIG/6.html",
    "logainm": "https:/www.logainm.ie/en/22741"
   }
  },
  {
   "type": "Feature",
   "id": "I-KER-021",
   "geometry": {
    "type": "Point",
    "coordinates": [
     -10.3879,
     52.1788
    ]
   },
   "properties": {
    "id": "I-KER-021",
    "title": "Baile an Reannaigh | Ballinrannig 7",
    "ciic": "154",
    "cisp": "BALIG/7",
    "tm": "www.trismegistos.org/text/172988",
    "smr": "KE042-057003-",
    "townland": "Ballinrannig",
    "county": "Co. Kerry",
    "country": "Ireland",
    "vern": "Baile an Reannaigh (ga)",
    "cispUrl": "https://www.ucl.ac.uk/archaeology/cisp/database/stone/BALIG/7.html",
    "logainm": "https://www.logainm.ie/en/22741"
   }
  },
  {
   "type": "Feature",
   "id": "I-KER-022",
   "geometry": {
    "type": "Point",
    "coordinates": [
     -10.24318,
     52.12778
    ]
   },
   "properties": {
    "id": "I-KER-022",
    "title": "Baile an tSagairt | Ballintaggart 1",
    "ciic": "155",
    "cisp": "BLTAG/1",
    "tm": "www.trismegistos.org/text/172448",
    "smr": "KE053-033005-",
    "townland": "Ballintaggart",
    "county": "Co. Kerry",
    "country": "Ireland",
    "vern": "Baile an tSagairt (ga)",
    "cispUrl": "https://www.ucl.ac.uk/archaeology/cisp/database/stone/BLTAG/1.html",
    "logainm": "https://www.logainm.ie/en/22634"
   }
  },
  {
   "type": "Feature",
   "id": "I-KER-023",
   "geometry": {
    "type": "Point",
    "coordinates": [
     -10.24318,
     52.12778
    ]
   },
   "properties": {
    "id": "I-KER-023",
    "title": "Baile an tSagairt | Ballintaggart 2",
    "ciic": "156",
    "cisp": "BLTAG/2",
    "tm": "www.trismegistos.org/text/172998",
    "smr": "KE053-033006-",
    "townland": "Ballintaggart",
    "county": "Co. Kerry",
    "country": "Ireland",
    "vern": "Baile an tSagairt (ga)",
    "cispUrl": "https://www.ucl.ac.uk/archaeology/cisp/database/stone/BLTAG/2.html",
    "logainm": "https://www.logainm.ie/en/22634"
   }
  },
  {
   "type": "Feature",
   "id": "I-KER-024",
   "geometry": {
    "type": "Point",
    "coordinates": [
     -10.24318,
     52.12778
    ]
   },
   "properties": {
    "id": "I-KER-024",
    "title": "Baile an tSagairt | Ballintaggart 3",
    "ciic": "157",
    "cisp": "BLTAG/3",
    "tm": "www.trismegistos.org/text/172999",
    "smr": "KE053-033007-",
    "townland": "Ballintaggart",
    "county": "Co. Kerry",
    "country": "Ireland",
    "vern": "Baile an tSagairt (ga)",
    "cispUrl": "https://www.ucl.ac.uk/archaeology/cisp/database/stone/BLTAG/3.html",
    "logainm": "https://www.logainm.ie/en/22634"
   }
  },
  {
   "type": "Feature",
   "id": "I-KER-025",
   "geometry": {
    "type": "Point",
    "coordinates": [
     -10.24318,
     52.12778
    ]
   },
   "properties": {
    "id": "I-KER-025",
    "title": "Baile an tSagairt | Ballintaggart 4",
    "ciic": "158",
    "cisp": "BLTAG/4",
    "tm": "www.trismegistos.org/text/173000",
    "smr": "KE053-033008-",
    "townland": "Ballintaggart",
    "county": "Co. Kerry",
    "country": "Ireland",
    "vern": "Baile an tSagairt (ga)",
    "cispUrl": "https://www.ucl.ac.uk/archaeology/cisp/database/stone/BLTAG/4.html",
    "logainm": "https://www.logainm.ie/en/22634"
   }
  },
  {
   "type": "Feature",
   "id": "I-KER-026",
   "geometry": {
    "type": "Point",
    "coordinates": [
     -10.24318,
     52.12778
    ]
   },
   "properties": {
    "id": "I-KER-026",
    "title": "Baile an tSagairt | Ballintaggart 5",
    "ciic": "159",
    "cisp": "BLTAG/5",
    "tm": "www.trismegistos.org/text/173001",
    "smr": "KE053-033009-",
    "townland": "Ballintaggart",
    "county": "Co. Kerry",
    "country": "Ireland",
    "vern": "Baile an tSagairt (ga)",
    "cispUrl": "https://www.ucl.ac.uk/archaeology/cisp/database/stone/BLTAG/5.html",
    "logainm": "https://www.logainm.ie/en/22634"
   }
  },
  {
   "type": "Feature",
   "id": "I-KER-027",
   "geometry": {
    "type": "Point",
    "coordinates": [
     -10.24318,
     52.12778
    ]
   },
   "properties": {
    "id": "I-KER-027",
    "title": "Baile an tSagairt | Ballintaggart 6",
    "ciic": "160",
    "cisp": "BLTAG/6",
    "tm": "www.trismegistos.org/text/173002",
    "smr": "KE053-033010-",
    "townland": "Ballintaggart",
    "county": "Co. Kerry",
    "country": "Ireland",
    "vern": "Baile an tSagairt (ga)",
    "cispUrl": "https://www.ucl.ac.uk/archaeology/cisp/database/stone/BLTAG/6.html",
    "logainm": "https://www.logainm.ie/en/22634"
   }
  },
  {
   "type": "Feature",
   "id": "I-KER-028",
   "geometry": {
    "type": "Point",
    "coordinates": [
     -10.24318,
     52.12778
    ]
   },
   "properties": {
    "id": "I-KER-028",
    "title": "Baile an tSagairt | Ballintaggart 7",
    "ciic": "161",
    "cisp": "BLTAG/7",
    "tm": "www.trismegistos.org/text/173003",
    "smr": "KE053-033011-",
    "townland": "Ballintaggart",
    "county": "Co. Kerry",
    "country": "Ireland",
    "vern": "Baile an tSagairt (ga)",
    "cispUrl": "https://www.ucl.ac.uk/archaeology/cisp/database/stone/BLTAG/7.html",
    "logainm": "https://www.logainm.ie/en/22634"
   }
  },
  {
   "type": "Feature",
   "id": "I-KER-029",
   "geometry": {
    "type": "Point",
    "coordinates": [
     -10.24318,
     52.12778
    ]
   },
   "properties": {
    "id": "I-KER-029",
    "title": "Baile an tSagairt | Ballintaggart 8",
    "ciic": "162",
    "cisp": "BLTAG/8",
    "tm": "www.trismegistos.org/text/173004",
    "smr": "KE053-033012-",
    "townland": "Ballintaggart",
    "county": "Co. Kerry",
    "country": "Ireland",
    "vern": "Baile an tSagairt (ga)",
    "cispUrl": "https://www.ucl.ac.uk/archaeology/cisp/database/stone/BLTAG/8.html",
    "logainm": "https://www.logainm.ie/en/22634"
   }
  },
  {
   "type": "Feature",
   "id": "I-KER-030",
   "geometry": {
    "type": "Point",
    "coordinates": [
     -10.24318,
     52.12778
    ]
   },
   "properties": {
    "id": "I-KER-030",
    "title": "Baile an tSagairt | Ballintaggart 9",
    "ciic": "163",
    "cisp": "BLTAG/9",
    "tm": "www.trismegistos.org/text/173005",
    "smr": "KE053-033013-",
    "townland": "Ballintaggart",
    "county": "Co. Kerry",
    "country": "Ireland",
    "vern": "Baile an tSagairt (ga)",
    "cispUrl": "https://www.ucl.ac.uk/archaeology/cisp/database/stone/BLTAG/9.html",
    "logainm": "https://www.logainm.ie/en/22634"
   }
  },
  {
   "type": "Feature",
   "id": "I-KER-031",
   "geometry": {
    "type": "Point",
    "coordinates": [
     -10.243184,
     52.127784
    ]
   },
   "properties": {
    "id": "I-KER-031",
    "title": "Baile an tSagairt | Ballintaggart 10",
    "smr": "KE053-033014-",
    "townland": "Ballintaggart",
    "county": "Co. Kerry",
    "country": "Ireland",
    "cispUrl": "https://www.ucl.ac.uk/archaeology/cisp/database/stone/.html"
   }
  },
  {
   "type": "Feature",
   "id": "I-KER-032",
   "geometry": {
    "type": "Point",
    "coordinates": [
     -10.029438,
     52.154518
    ]
   },
   "properties": {
    "id": "I-KER-032",
    "title": "Baile an Tearmainn | Ballintermon 1",
    "ciic": "164",
    "cisp": "BLTER/1",
    "tm": "www.trismegistos.org/text/172450",
    "smr": "KE045-062----",
    "townland": "Ballintermon",
    "county": "Co. Kerry",
    "country": "Ireland",
    "cispUrl": "https://www.ucl.ac.uk/archaeology/cisp/database/stone/BLTER/1.html"
   }
  },
  {
   "type": "Feature",
   "id": "I-KER-033",
   "geometry": {
    "type": "Point",
    "coordinates": [
     -10.039355,
     52.161414
    ]
   },
   "properties": {
    "id": "I-KER-033",
    "title": "Baile an Tearmainn | Ballintermon 2",
    "ciic": "165",
    "cisp": "BLTE2/1",
    "tm": "www.trismegistos.org/text/172449",
    "smr": "KE045-052----",
    "townland": "Ballintermon",
    "county": "Co. Kerry",
    "country": "Ireland",
    "vern": "Baile an Tearmainn (ga)",
    "repo": "Cork Public Museum",
    "cispUrl": "https://www.ucl.ac.uk/archaeology/cisp/database/stone/BLTE2/1.html",
    "logainm": "https://www.logainm.ie/en/22456"
   }
  },
  {
   "type": "Feature",
   "id": "I-KER-034",
   "geometry": {
    "type": "Point",
    "coordinates": [
     -10.028213,
     52.168473
    ]
   },
   "properties": {
    "id": "I-KER-034",
    "title": "Baile an Bhóthair | Ballinvoher",
    "ciic": "166",
    "cisp": "BLHER/1",
    "tm": "www.trismegistos.org/text/172452",
    "smr": "KE045-105----",
    "townland": "Rathduff? Ballyandreen?",
    "county": "Co. Kerry",
    "country": "Ireland",
    "repo": "National Museum of Ireland",
    "cispUrl": "https://www.ucl.ac.uk/archaeology/cisp/database/stone/BLHER/1.html",
    "vague": true,
    "vagueWhy": "possible orig loc"
   }
  },
  {
   "type": "Feature",
   "id": "I-KER-035",
   "geometry": {
    "type": "Point",
    "coordinates": [
     -10.0357,
     52.1672
    ]
   },
   "properties": {
    "id": "I-KER-035",
    "title": "Baile Aindrín | Ballyandreen 1",
    "ciic": "167",
    "cisp": "BDREN/1",
    "tm": "www.trismegistos.org/text/172454",
    "smr": "KE045-107----",
    "townland": "Ballyandreen",
    "county": "Co. Kerry",
    "country": "Ireland",
    "cispUrl": "https://www.ucl.ac.uk/archaeology/cisp/database/stone/BDREN/1.html"
   }
  },
  {
   "type": "Feature",
   "id": "I-KER-036",
   "geometry": {
    "type": "Point",
    "coordinates": [
     -10.03821,
     52.165199
    ]
   },
   "properties": {
    "id": "I-KER-036",
    "title": "Baile Aindrín | Ballyandreen 2",
    "ciic": "168",
    "cisp": "BDRE2/1",
    "tm": "www.trismegistos.org/text/172455",
    "smr": "KE045-049----",
    "townland": "Ballyandreen",
    "county": "Co. Kerry",
    "country": "Ireland",
    "cispUrl": "https://www.ucl.ac.uk/archaeology/cisp/database/stone/BDRE2/1.html"
   }
  },
  {
   "type": "Feature",
   "id": "I-KER-037",
   "geometry": {
    "type": "Point",
    "coordinates": [
     -10.320792,
     52.161721
    ]
   },
   "properties": {
    "id": "I-KER-037",
    "title": "An Baile Íochtarach | Ballyeightragh",
    "ciic": "169",
    "cisp": "BRAGH/2",
    "tm": "www.trismegistos.org/text/172782",
    "smr": "KE043-250----",
    "townland": "Ballyeightragh",
    "county": "Co. Kerry",
    "country": "Ireland",
    "cispUrl": "https://www.ucl.ac.uk/archaeology/cisp/database/stone/BRAGH/2.html"
   }
  },
  {
   "type": "Feature",
   "id": "I-KER-038",
   "geometry": {
    "type": "Point",
    "coordinates": [
     -10.331399,
     52.154449
    ]
   },
   "properties": {
    "id": "I-KER-038",
    "title": "An Baile Riabhach | Ballymorereagh",
    "ciic": "170",
    "cisp": "BLYGH/1",
    "tm": "www.trismegistos.org/text/172463",
    "smr": "KE043-140008-",
    "townland": "Ballymorereagh",
    "county": "Co. Kerry",
    "country": "Ireland",
    "vern": "An Baile Riabhach (ga)",
    "cispUrl": "https://www.ucl.ac.uk/archaeology/cisp/database/stone/BLYGH/1.html",
    "logainm": "https://www.logainm.ie/en/22607"
   }
  },
  {
   "type": "Feature",
   "id": "I-KER-039",
   "geometry": {
    "type": "Point",
    "coordinates": [
     -10.0025,
     52.1829
    ]
   },
   "properties": {
    "id": "I-KER-039",
    "title": "Baile na Hunta | Ballynahunt",
    "ciic": "171",
    "cisp": "BLHUN/1",
    "tm": "www.trismegistos.org/text/172465",
    "smr": "KE045-008002-",
    "townland": "Ballynahunt",
    "county": "Co. Kerry",
    "country": "Ireland",
    "cispUrl": "https://www.ucl.ac.uk/archaeology/cisp/database/stone/BLHUN/1.html"
   }
  },
  {
   "type": "Feature",
   "id": "I-KER-040",
   "geometry": {
    "type": "Point",
    "coordinates": [
     -10.407534,
     52.156204
    ]
   },
   "properties": {
    "id": "I-KER-040",
    "title": "Baile Uí Bhaoithín | Ballywiheen",
    "ciic": "172",
    "cisp": "BWEEN/1",
    "tm": "www.trismegistos.org/text/172470",
    "smr": "KE042-093003-",
    "townland": "Ballywiheen",
    "county": "Co. Kerry",
    "country": "Ireland",
    "vern": "Baile Uí Bhaoithín (ga)",
    "cispUrl": "https://www.ucl.ac.uk/archaeology/cisp/database/stone/BWEEN/1.html",
    "logainm": "https://www.logainm.ie/en/22742"
   }
  },
  {
   "type": "Feature",
   "id": "I-KER-041",
   "geometry": {
    "type": "Point",
    "coordinates": [
     -10.045703,
     52.149426
    ]
   },
   "properties": {
    "id": "I-KER-041",
    "title": "An Bhreac-chluain | Brackloon",
    "ciic": "173",
    "cisp": "BRCKN/1",
    "tm": "www.trismegistos.org/text/172478",
    "smr": "KE045-081002-",
    "townland": "Brackloon (An Bhreac-chluain)",
    "county": "Co. Kerry",
    "country": "Ireland",
    "repo": "Músaem Chorca Dhuibhne",
    "cispUrl": "https://www.ucl.ac.uk/archaeology/cisp/database/stone/BRCKN/1.html"
   }
  },
  {
   "type": "Feature",
   "id": "I-KER-044",
   "geometry": {
    "type": "Point",
    "coordinates": [
     -9.90546,
     52.214573
    ]
   },
   "properties": {
    "id": "I-KER-044",
    "title": "An Com | Camp 1",
    "ciic": "176",
    "cisp": "CAMP/1",
    "tm": "www.trismegistos.org/text/172489",
    "smr": "KE036-046----",
    "townland": "Camp (An Com)",
    "county": "Co. Kerry",
    "country": "Ireland",
    "cispUrl": "https://www.ucl.ac.uk/archaeology/cisp/database/stone/CAMP/1 .html"
   }
  },
  {
   "type": "Feature",
   "id": "I-KER-045",
   "geometry": {
    "type": "Point",
    "coordinates": [
     -9.909784,
     52.215635
    ]
   },
   "properties": {
    "id": "I-KER-045",
    "title": "An Com | Camp 2",
    "ciic": "177",
    "cisp": "CAMP/2",
    "tm": "www.trismegistos.org/text/172786",
    "smr": "KE036-083----",
    "townland": "Camp (An Com 'near Camp' MAC1945)",
    "county": "Co. Kerry",
    "country": "Ireland",
    "cispUrl": "https://www.ucl.ac.uk/archaeology/cisp/database/stone/CAMP/2.html"
   }
  },
  {
   "type": "Feature",
   "id": "I-KER-046",
   "geometry": {
    "type": "Point",
    "coordinates": [
     -10.473175,
     52.110277
    ]
   },
   "properties": {
    "id": "I-KER-046",
    "title": "Com Dhíneol Thuaidh | Coumeenoole North",
    "ciic": "178",
    "cisp": "COUME/1",
    "tm": "www.trismegistos.org/text/172528",
    "smr": "KE052-059002-",
    "townland": "Coumeenoole North",
    "county": "Co. Kerry",
    "country": "Ireland",
    "vern": "Com Dhíneol Thuaidh (ga) | An Dún Mór (ga)",
    "cispUrl": "https://www.ucl.ac.uk/archaeology/cisp/database/stone/COUME/1.html",
    "logainm": "https://www.logainm.ie/en/22572"
   }
  },
  {
   "type": "Feature",
   "id": "I-KER-047",
   "geometry": {
    "type": "Point",
    "coordinates": [
     -10.264474,
     52.141376
    ]
   },
   "properties": {
    "id": "I-KER-047",
    "title": "Daingean Uí Chúis | Dingle",
    "ciic": "179",
    "tm": "www.trismegistos.org/text/172540",
    "smr": "KE043-224027-",
    "townland": "Dingle (Daingean Uí Chúis)",
    "county": "Co. Kerry",
    "country": "Ireland",
    "cispUrl": "https://www.ucl.ac.uk/archaeology/cisp/database/stone/.html"
   }
  },
  {
   "type": "Feature",
   "id": "I-KER-048",
   "geometry": {
    "type": "Point",
    "coordinates": [
     -10.21622,
     52.131598
    ]
   },
   "properties": {
    "id": "I-KER-048",
    "title": "Imleach Dhún Séann | Emlagh East",
    "ciic": "180",
    "tm": "www.trismegistos.org/text/172559",
    "smr": "KE053-040----",
    "townland": "Emlagh East",
    "county": "Co. Kerry",
    "country": "Ireland",
    "vern": "Imleach Dhún Séann (ga)",
    "cispUrl": "https://www.ucl.ac.uk/archaeology/cisp/database/stone/.html",
    "logainm": "https://www.logainm.ie/en/22621"
   }
  },
  {
   "type": "Feature",
   "id": "I-KER-049",
   "geometry": {
    "type": "Point",
    "coordinates": [
     -10.269093,
     52.136316
    ]
   },
   "properties": {
    "id": "I-KER-049",
    "title": "Imleach an Daingin | Emlagh West",
    "ciic": "181",
    "tm": "www.trismegistos.org/text/172560",
    "smr": "KE053-016002-",
    "townland": "Emlagh West",
    "county": "Co. Kerry",
    "country": "Ireland",
    "vern": "Imleach an Daingin (ga)",
    "repo": "Músaem Chorca Dhuibhne",
    "cispUrl": "https://www.ucl.ac.uk/archaeology/cisp/database/stone/.html",
    "logainm": "https://www.logainm.ie/en/22554"
   }
  },
  {
   "type": "Feature",
   "id": "I-KER-050",
   "geometry": {
    "type": "Point",
    "coordinates": [
     -9.956816,
     52.182005
    ]
   },
   "properties": {
    "id": "I-KER-050",
    "title": "An Gleann Mór | Glanmore",
    "ciic": "182",
    "cisp": "GLNMO/1",
    "tm": "www.trismegistos.org/text/172575",
    "smr": "KE045-044----",
    "townland": "Glanmore (An Gleann Mór)",
    "county": "Co. Kerry",
    "country": "Ireland",
    "cispUrl": "https://www.ucl.ac.uk/archaeology/cisp/database/stone/GLNMO/1.html"
   }
  },
  {
   "type": "Feature",
   "id": "I-KER-051",
   "geometry": {
    "type": "Point",
    "coordinates": [
     -10.434394,
     52.100774
    ]
   },
   "properties": {
    "id": "I-KER-051",
    "title": "Gleann Fán | Glanfahan",
    "ciic": "183",
    "cisp": "GLHAN/1",
    "tm": "www.trismegistos.org/text/172486",
    "smr": "KE052-188003-",
    "townland": "Glanfahan (Gleann Fán)",
    "county": "Co. Kerry",
    "country": "Ireland",
    "repo": "National Museum of Ireland",
    "cispUrl": "https://www.ucl.ac.uk/archaeology/cisp/database/stone/GLHAN/1.html"
   }
  },
  {
   "type": "Feature",
   "id": "I-KER-052",
   "geometry": {
    "type": "Point",
    "coordinates": [
     -10.123942,
     52.142167
    ]
   },
   "properties": {
    "id": "I-KER-052",
    "title": "Gort na gCuileannach | Gortnagullanagh",
    "ciic": "184",
    "cisp": "GORGH/1",
    "tm": "www.trismegistos.org/text/172580",
    "smr": "KE044-094002-",
    "townland": "Gortnagullanagh (Gort na gCuileannach)",
    "county": "Co. Kerry",
    "country": "Ireland",
    "repo": "National Museum of Ireland",
    "cispUrl": "https://www.ucl.ac.uk/archaeology/cisp/database/stone/GORGH/1.html"
   }
  },
  {
   "type": "Feature",
   "id": "I-KER-053",
   "geometry": {
    "type": "Point",
    "coordinates": [
     -10.606102,
     52.044062
    ]
   },
   "properties": {
    "id": "I-KER-053",
    "title": "Inis Mhic Aoibhleáin | Inishvickillane",
    "ciic": "185",
    "cisp": "INVIC/1",
    "tm": "www.trismegistos.org/text/172599",
    "smr": "KE061-006008-",
    "townland": "Inishvickillane",
    "county": "Co. Kerry",
    "country": "Ireland",
    "vern": "Inis Mhic Aoibhleáin (ga)",
    "repo": "Trinity College Dublin",
    "cispUrl": "https://www.ucl.ac.uk/archaeology/cisp/database/stone/INVIC/1.html",
    "logainm": "https://www.logainm.ie/en/22582"
   }
  },
  {
   "type": "Feature",
   "id": "I-KER-054",
   "geometry": {
    "type": "Point",
    "coordinates": [
     -10.306548,
     52.157745
    ]
   },
   "properties": {
    "id": "I-KER-054",
    "title": "Cill Fhiontain | Kilfountan",
    "ciic": "186",
    "cisp": "KFNTN/1",
    "tm": "www.trismegistos.org/text/172616",
    "smr": "KE043-144005-",
    "townland": "Kilfountan",
    "county": "Co. Kerry",
    "country": "Ireland",
    "vern": "Cill Fhiontain (ga)",
    "cispUrl": "https://www.ucl.ac.uk/archaeology/cisp/database/stone/KFNTN/1.html",
    "logainm": "https://www.logainm.ie/en/22654"
   }
  },
  {
   "type": "Feature",
   "id": "I-KER-055",
   "geometry": {
    "type": "Point",
    "coordinates": [
     -10.336555,
     52.18476
    ]
   },
   "properties": {
    "id": "I-KER-055",
    "title": "Cill Maoilchéadair | Kilmalkedar",
    "ciic": "187",
    "cisp": "KMKDR/3",
    "tm": "www.trismegistos.org/text/172874",
    "smr": "KE042-026001-",
    "townland": "Kilmalkedar",
    "county": "Co. Kerry",
    "country": "Ireland",
    "vern": "Cill Maoilchéadair (ga)",
    "cispUrl": "https://www.ucl.ac.uk/archaeology/cisp/database/stone/KMKDR/3.html",
    "logainm": "https://www.logainm.ie/en/22685"
   }
  },
  {
   "type": "Feature",
   "id": "I-KER-056",
   "geometry": {
    "type": "Point",
    "coordinates": [
     -10.19658,
     52.12619
    ]
   },
   "properties": {
    "id": "I-KER-056",
    "title": "Cinn Aird | Kinard East 1",
    "ciic": "188",
    "cisp": "KINET/1",
    "tm": "www.trismegistos.org/text/172636",
    "smr": "KE053-053005-",
    "townland": "Kinard East (Cinn Aird)",
    "county": "Co. Kerry",
    "country": "Ireland",
    "cispUrl": "https://www.ucl.ac.uk/archaeology/cisp/database/stone/KINET/1.html"
   }
  },
  {
   "type": "Feature",
   "id": "I-KER-057",
   "geometry": {
    "type": "Point",
    "coordinates": [
     -10.19661,
     52.12626
    ]
   },
   "properties": {
    "id": "I-KER-057",
    "title": "Cinn Aird | Kinard East 2",
    "ciic": "189",
    "cisp": "KINET/2",
    "tm": "www.trismegistos.org/text/172803",
    "smr": "KE053-053002-",
    "townland": "Kinard East (Cinn Aird)",
    "county": "Co. Kerry",
    "country": "Ireland",
    "cispUrl": "https://www.ucl.ac.uk/archaeology/cisp/database/stone/KINET/2.html"
   }
  },
  {
   "type": "Feature",
   "id": "I-KER-058",
   "geometry": {
    "type": "Point",
    "coordinates": [
     -10.13075,
     52.13585
    ]
   },
   "properties": {
    "id": "I-KER-058",
    "title": "Log na gCapall | Lugnagappul 1",
    "ciic": "190",
    "cisp": "LUGUL/1",
    "tm": "www.trismegistos.org/text/172651",
    "smr": "KE054-033002-",
    "townland": "Lugnagappul (Log na gCapall)",
    "county": "Co. Kerry",
    "country": "Ireland",
    "cispUrl": "https://www.ucl.ac.uk/archaeology/cisp/database/stone/LUGUL/1.html"
   }
  },
  {
   "type": "Feature",
   "id": "I-KER-059",
   "geometry": {
    "type": "Point",
    "coordinates": [
     -10.13075,
     52.13585
    ]
   },
   "properties": {
    "id": "I-KER-059",
    "title": "Log na gCapall | Lugnagappul 2",
    "ciic": "191",
    "cisp": "LUGUL/2",
    "tm": "www.trismegistos.org/text/172808",
    "smr": "KE054-033004-",
    "townland": "Lugnagappul (Log na gCapall)",
    "county": "Co. Kerry",
    "country": "Ireland",
    "cispUrl": "https://www.ucl.ac.uk/archaeology/cisp/database/stone/LUGUL/2.html"
   }
  },
  {
   "type": "Feature",
   "id": "I-KER-060",
   "geometry": {
    "type": "Point",
    "coordinates": [
     -10.019614,
     52.257493
    ]
   },
   "properties": {
    "id": "I-KER-060",
    "title": "Martromán | Martramane",
    "ciic": "192",
    "cisp": "MRAME/1",
    "tm": "www.trismegistos.org/text/172656",
    "smr": "KE036-084----",
    "townland": "Martramane (Martromán)",
    "county": "Co. Kerry",
    "country": "Ireland",
    "repo": "National Museum of Ireland",
    "cispUrl": "https://www.ucl.ac.uk/archaeology/cisp/database/stone/MRAME/1.html"
   }
  },
  {
   "type": "Feature",
   "id": "I-KER-061",
   "geometry": {
    "type": "Point",
    "coordinates": [
     -10.35836,
     52.14371
    ]
   },
   "properties": {
    "id": "I-KER-061",
    "title": "Mám an Óraigh | Maumanorig",
    "ciic": "193",
    "cisp": "MAUIG/1",
    "tm": "www.trismegistos.org/text/172609",
    "smr": "KE042-141006-",
    "townland": "Maumanorig (Mám an Óraigh)",
    "county": "Co. Kerry",
    "country": "Ireland",
    "cispUrl": "https://www.ucl.ac.uk/archaeology/cisp/database/stone/MAUIG/1.html"
   }
  },
  {
   "type": "Feature",
   "id": "I-KER-062",
   "geometry": {
    "type": "Point",
    "coordinates": [
     -10.02801,
     52.16851
    ]
   },
   "properties": {
    "id": "I-KER-062",
    "title": "An Ráth Dubh | Rathduff 1",
    "ciic": "194",
    "cisp": "RTHDF/1",
    "tm": "www.trismegistos.org/text/172682",
    "smr": "KE045-025003-",
    "townland": "Rathduff (An Ráth Dubh)",
    "county": "Co. Kerry",
    "country": "Ireland",
    "cispUrl": "https://www.ucl.ac.uk/archaeology/cisp/database/stone/RTHDF/1.html"
   }
  },
  {
   "type": "Feature",
   "id": "I-KER-063",
   "geometry": {
    "type": "Point",
    "coordinates": [
     -10.02826,
     52.16843
    ]
   },
   "properties": {
    "id": "I-KER-063",
    "title": "An Ráth Dubh | Rathduff 2",
    "ciic": "194A",
    "cisp": "RTHDF/2",
    "tm": "www.trismegistos.org/text/172815",
    "smr": "KE045-025004-",
    "townland": "Rathduff (An Ráth Dubh)",
    "county": "Co. Kerry",
    "country": "Ireland",
    "cispUrl": "https://www.ucl.ac.uk/archaeology/cisp/database/stone/RTHDF/2.html"
   }
  },
  {
   "type": "Feature",
   "id": "I-KER-064",
   "geometry": {
    "type": "Point",
    "coordinates": [
     -9.992082,
     52.171589
    ]
   },
   "properties": {
    "id": "I-KER-064",
    "title": "Ráth Málóid | Rathmalode 1",
    "ciic": "195",
    "cisp": "RTHOD/1",
    "tm": "www.trismegistos.org/text/172686",
    "smr": "KE045-035003-",
    "townland": "Rathmalode (Ráth Málóid)",
    "county": "Co. Kerry",
    "country": "Ireland",
    "repo": "National Museum of Ireland",
    "cispUrl": "https://www.ucl.ac.uk/archaeology/cisp/database/stone/RTHOD/1.html"
   }
  },
  {
   "type": "Feature",
   "id": "I-KER-065",
   "geometry": {
    "type": "Point",
    "coordinates": [
     -9.992082,
     52.171589
    ]
   },
   "properties": {
    "id": "I-KER-065",
    "title": "Ráth Málóid | Rathmalode 2",
    "ciic": "196",
    "cisp": "RTHOD/2",
    "tm": "www.trismegistos.org/text/172816",
    "smr": "KE045-035004-",
    "townland": "Rathmalode",
    "county": "Co. Kerry",
    "country": "Ireland",
    "repo": "Músaem Chorca Dhuibhne",
    "cispUrl": "https://www.ucl.ac.uk/archaeology/cisp/database/stone/RTHOD/2.html"
   }
  },
  {
   "type": "Feature",
   "id": "I-KER-066",
   "geometry": {
    "type": "Point",
    "coordinates": [
     -9.633728,
     52.0605
    ]
   },
   "properties": {
    "id": "I-KER-066",
    "title": "Cúil Má Gort | Coolmagort 1",
    "ciic": "197",
    "cisp": "COOLM/1",
    "tm": "www.trismegistos.org/text/172521",
    "smr": "KE065-078003-",
    "townland": "Coolmagort (Cúil Má Gort)",
    "county": "Co. Kerry",
    "country": "Ireland",
    "cispUrl": "https://www.ucl.ac.uk/archaeology/cisp/database/stone/COOLM/1.html"
   }
  },
  {
   "type": "Feature",
   "id": "I-KER-067",
   "geometry": {
    "type": "Point",
    "coordinates": [
     -9.633728,
     52.0605
    ]
   },
   "properties": {
    "id": "I-KER-067",
    "title": "Cúil Má Gort | Coolmagort 2",
    "ciic": "198",
    "cisp": "COOLM/2",
    "tm": "www.trismegistos.org/text/172957",
    "smr": "KE065-078004-",
    "townland": "Coolmagort (Cúil Má Gort)",
    "county": "Co. Kerry",
    "country": "Ireland",
    "cispUrl": "https://www.ucl.ac.uk/archaeology/cisp/database/stone/COOLM/2.html"
   }
  },
  {
   "type": "Feature",
   "id": "I-KER-068",
   "geometry": {
    "type": "Point",
    "coordinates": [
     -9.633728,
     52.0605
    ]
   },
   "properties": {
    "id": "I-KER-068",
    "title": "Cúil Má Gort | Coolmagort 3",
    "ciic": "199",
    "cisp": "COOLM/3",
    "tm": "www.trismegistos.org/text/172958",
    "smr": "KE065-078001-",
    "townland": "Coolmagort (Cúil Má Gort)",
    "county": "Co. Kerry",
    "country": "Ireland",
    "cispUrl": "https://www.ucl.ac.uk/archaeology/cisp/database/stone/COOLM/3.html"
   }
  },
  {
   "type": "Feature",
   "id": "I-KER-069",
   "geometry": {
    "type": "Point",
    "coordinates": [
     -9.633728,
     52.0605
    ]
   },
   "properties": {
    "id": "I-KER-069",
    "title": "Cúil Má Gort | Coolmagort 4",
    "ciic": "200",
    "cisp": "COOLM/4",
    "tm": "www.trismegistos.org/text/172959",
    "smr": "KE065-078005-",
    "townland": "Coolmagort (Cúil Má Gort)",
    "county": "Co. Kerry",
    "country": "Ireland",
    "cispUrl": "https://www.ucl.ac.uk/archaeology/cisp/database/stone/COOLM/4.html"
   }
  },
  {
   "type": "Feature",
   "id": "I-KER-070",
   "geometry": {
    "type": "Point",
    "coordinates": [
     -9.633728,
     52.0605
    ]
   },
   "properties": {
    "id": "I-KER-070",
    "title": "Cúil Má Gort | Coolmagort 5",
    "ciic": "201",
    "cisp": "COOLM/5",
    "tm": "www.trismegistos.org/text/172960",
    "smr": "KE065-078006-",
    "townland": "Coolmagort (Cúil Má Gort)",
    "county": "Co. Kerry",
    "country": "Ireland",
    "cispUrl": "https://www.ucl.ac.uk/archaeology/cisp/database/stone/COOLM/5.html"
   }
  },
  {
   "type": "Feature",
   "id": "I-KER-071",
   "geometry": {
    "type": "Point",
    "coordinates": [
     -9.633728,
     52.0605
    ]
   },
   "properties": {
    "id": "I-KER-071",
    "title": "Cúil Má Gort | Coolmagort 6",
    "ciic": "202",
    "cisp": "COOLM/6",
    "tm": "www.trismegistos.org/text/172961",
    "smr": "KE065-078007-",
    "townland": "Coolmagort (Cúil Má Gort)",
    "county": "Co. Kerry",
    "country": "Ireland",
    "cispUrl": "https://www.ucl.ac.uk/archaeology/cisp/database/stone/COOLM/6.html"
   }
  },
  {
   "type": "Feature",
   "id": "I-KER-072",
   "geometry": {
    "type": "Point",
    "coordinates": [
     -9.633728,
     52.0605
    ]
   },
   "properties": {
    "id": "I-KER-072",
    "title": "Cúil Má Gort | Coolmagort 7",
    "ciic": "203",
    "cisp": "COOLM/7",
    "tm": "www.trismegistos.org/text/172962",
    "smr": "KE065-078008-",
    "townland": "Coolmagort (Cúil Má Gort)",
    "county": "Co. Kerry",
    "country": "Ireland",
    "cispUrl": "https://www.ucl.ac.uk/archaeology/cisp/database/stone/COOLM/7.html"
   }
  },
  {
   "type": "Feature",
   "id": "I-KER-073",
   "geometry": {
    "type": "Point",
    "coordinates": [
     -9.622576,
     52.211384
    ]
   },
   "properties": {
    "id": "I-KER-073",
    "title": "An Currach Mór Thoir | Curraghmore East",
    "ciic": "204",
    "cisp": "CURMO/1",
    "tm": "www.trismegistos.org/text/173397",
    "smr": "KE038-059----",
    "townland": "Curraghmore East (An Currach Mór Thoir)",
    "county": "Co. Kerry",
    "country": "Ireland",
    "cispUrl": "https://www.ucl.ac.uk/archaeology/cisp/database/stone/CURMO/1.html"
   }
  },
  {
   "type": "Feature",
   "id": "I-KER-074",
   "geometry": {
    "type": "Point",
    "coordinates": [
     -9.8723,
     51.8183
    ]
   },
   "properties": {
    "id": "I-KER-074",
    "title": "\"Derrygarriv\" Doire Coinche | Derryquin 1",
    "ciic": "205",
    "cisp": "DERIV/1",
    "tm": "www.trismegistos.org/text/172537",
    "smr": "KE073-017----",
    "townland": "Derryquin (Doire Coinche)",
    "county": "Co. Kerry",
    "country": "Ireland",
    "repo": "National Museum of Ireland",
    "cispUrl": "https://www.ucl.ac.uk/archaeology/cisp/database/stone/DERIV/1.html"
   }
  },
  {
   "type": "Feature",
   "id": "I-KER-075",
   "geometry": {
    "type": "Point",
    "coordinates": [
     -9.7458,
     52.07402
    ]
   },
   "properties": {
    "id": "I-KER-075",
    "title": "Cill Chuallachta Thoir | Kilcoolaght East 1",
    "ciic": "206",
    "cisp": "KLCOO/1",
    "tm": "www.trismegistos.org/text/172611",
    "smr": "KE065-003002-",
    "townland": "Kilcoolaght East (Cill Chuallachta Thoir)",
    "county": "Co. Kerry",
    "country": "Ireland",
    "cispUrl": "https://www.ucl.ac.uk/archaeology/cisp/database/stone/KLCOO/1.html"
   }
  },
  {
   "type": "Feature",
   "id": "I-KER-076",
   "geometry": {
    "type": "Point",
    "coordinates": [
     -9.7458,
     52.07402
    ]
   },
   "properties": {
    "id": "I-KER-076",
    "title": "Cill Chuallachta Thoir | Kilcoolaght East 2",
    "ciic": "207",
    "cisp": "KLCOO/2",
    "tm": "www.trismegistos.org/text/172966",
    "smr": "KE065-003005-",
    "townland": "Kilcoolaght East (Cill Chuallachta Thoir)",
    "county": "Co. Kerry",
    "country": "Ireland",
    "cispUrl": "https://www.ucl.ac.uk/archaeology/cisp/database/stone/KLCOO/2.html"
   }
  },
  {
   "type": "Feature",
   "id": "I-KER-077",
   "geometry": {
    "type": "Point",
    "coordinates": [
     -9.7458,
     52.07402
    ]
   },
   "properties": {
    "id": "I-KER-077",
    "title": "Cill Chuallachta Thoir | Kilcoolaght East 3",
    "ciic": "208",
    "cisp": "KLCOO/3",
    "tm": "www.trismegistos.org/text/172971",
    "smr": "KE065-003006-",
    "townland": "Kilcoolaght East (Cill Chuallachta Thoir)",
    "county": "Co. Kerry",
    "country": "Ireland",
    "cispUrl": "https://www.ucl.ac.uk/archaeology/cisp/database/stone/KLCOO/3.html"
   }
  },
  {
   "type": "Feature",
   "id": "I-KER-078",
   "geometry": {
    "type": "Point",
    "coordinates": [
     -9.7458,
     52.07402
    ]
   },
   "properties": {
    "id": "I-KER-078",
    "title": "Cill Chuallachta Thoir | Kilcoolaght East 4",
    "ciic": "209",
    "cisp": "KLCOO/4",
    "tm": "www.trismegistos.org/text/172976",
    "smr": "KE065-003007-",
    "townland": "Kilcoolaght East (Cill Chuallachta Thoir)",
    "county": "Co. Kerry",
    "country": "Ireland",
    "cispUrl": "https://www.ucl.ac.uk/archaeology/cisp/database/stone/KLCOO/4.html"
   }
  },
  {
   "type": "Feature",
   "id": "I-KER-079",
   "geometry": {
    "type": "Point",
    "coordinates": [
     -9.7458,
     52.07402
    ]
   },
   "properties": {
    "id": "I-KER-079",
    "title": "Cill Chuallachta Thoir | Kilcoolaght East 5",
    "ciic": "210",
    "cisp": "KLCOO/5",
    "tm": "www.trismegistos.org/text/172981",
    "smr": "KE065-003009-",
    "townland": "Kilcoolaght East (Cill Chuallachta Thoir)",
    "county": "Co. Kerry",
    "country": "Ireland",
    "cispUrl": "https://www.ucl.ac.uk/archaeology/cisp/database/stone/KLCOO/5.html"
   }
  },
  {
   "type": "Feature",
   "id": "I-KER-080",
   "geometry": {
    "type": "Point",
    "coordinates": [
     -9.7458,
     52.07402
    ]
   },
   "properties": {
    "id": "I-KER-080",
    "title": "Cill Chuallachta Thoir | Kilcoolaght East 6",
    "ciic": "211",
    "cisp": "KLCOO/6",
    "tm": "www.trismegistos.org/text/172986",
    "smr": "KE065-003008-",
    "townland": "Kilcoolaght East (Cill Chuallachta Thoir)",
    "county": "Co. Kerry",
    "country": "Ireland",
    "cispUrl": "https://www.ucl.ac.uk/archaeology/cisp/database/stone/KLCOO/6.html"
   }
  },
  {
   "type": "Feature",
   "id": "I-KER-081",
   "geometry": {
    "type": "Point",
    "coordinates": [
     -9.7458,
     52.07402
    ]
   },
   "properties": {
    "id": "I-KER-081",
    "title": "Cill Chuallachta Thoir | Kilcoolaght East 7",
    "ciic": "212",
    "cisp": "KLCOO/7",
    "tm": "www.trismegistos.org/text/172991",
    "smr": "KE065-003009-",
    "townland": "Kilcoolaght East (Cill Chuallachta Thoir)",
    "county": "Co. Kerry",
    "country": "Ireland",
    "cispUrl": "https://www.ucl.ac.uk/archaeology/cisp/database/stone/KLCOO/7.html"
   }
  },
  {
   "type": "Feature",
   "id": "I-KER-082",
   "geometry": {
    "type": "Point",
    "coordinates": [
     -9.7458,
     52.07402
    ]
   },
   "properties": {
    "id": "I-KER-082",
    "title": "Cill Chuallachta Thoir | Kilcoolaght East 8",
    "ciic": "213",
    "cisp": "KLCOO/8",
    "tm": "www.trismegistos.org/text/172996",
    "smr": "KE065-003010-",
    "townland": "Kilcoolaght East (Cill Chuallachta Thoir)",
    "county": "Co. Kerry",
    "country": "Ireland",
    "cispUrl": "https://www.ucl.ac.uk/archaeology/cisp/database/stone/KLCOO/8.html"
   }
  },
  {
   "type": "Feature",
   "id": "I-KER-084",
   "geometry": {
    "type": "Point",
    "coordinates": [
     -9.722075,
     52.063009
    ]
   },
   "properties": {
    "id": "I-KER-084",
    "title": "Cill Ghobnait |Kilgobnet",
    "ciic": "214",
    "cisp": "KLGOB/1",
    "tm": "www.trismegistos.org/text/172844",
    "smr": "KE065-109001-",
    "townland": "Kilgobnet (Cill Ghobnait)",
    "county": "Co. Kerry",
    "country": "Ireland",
    "cispUrl": "https://www.ucl.ac.uk/archaeology/cisp/database/stone/KLGOB/1.html",
    "vague": true,
    "vagueWhy": "possible original location"
   }
  },
  {
   "type": "Feature",
   "id": "I-KER-085",
   "geometry": {
    "type": "Point",
    "coordinates": [
     -9.70064,
     52.08496
    ]
   },
   "properties": {
    "id": "I-KER-085",
    "title": "Bánchluain | Whitefield 1",
    "ciic": "215",
    "cisp": "WHFLD/1",
    "tm": "www.trismegistos.org/text/172727",
    "smr": "KE057-107----",
    "townland": "Whitefield (Bánchluain)",
    "county": "Co. Kerry",
    "country": "Ireland",
    "repo": "National Museum of Ireland",
    "cispUrl": "https://www.ucl.ac.uk/archaeology/cisp/database/stone/WHFLD/1.html"
   }
  },
  {
   "type": "Feature",
   "id": "I-KER-086",
   "geometry": {
    "type": "Point",
    "coordinates": [
     -9.70064,
     52.08496
    ]
   },
   "properties": {
    "id": "I-KER-086",
    "title": "Bánchluain | Whitefield 2",
    "ciic": "216",
    "cisp": "WHFLD/2",
    "tm": "www.trismegistos.org/text/172908",
    "smr": "KE057-107002-",
    "townland": "Whitefield (Bánchluain)",
    "county": "Co. Kerry",
    "country": "Ireland",
    "repo": "National Museum of Ireland",
    "cispUrl": "https://www.ucl.ac.uk/archaeology/cisp/database/stone/WHFLD/2.html"
   }
  },
  {
   "type": "Feature",
   "id": "I-KER-087",
   "geometry": {
    "type": "Point",
    "coordinates": [
     -9.70064,
     52.08496
    ]
   },
   "properties": {
    "id": "I-KER-087",
    "title": "Bánchluain | Whitefield 3",
    "ciic": "217",
    "cisp": "WHFLD/3",
    "tm": "www.trismegistos.org/text/172912",
    "smr": "KE057-107003-",
    "townland": "Whitefield (Bánchluain)",
    "county": "Co. Kerry",
    "country": "Ireland",
    "repo": "National Museum of Ireland",
    "cispUrl": "https://www.ucl.ac.uk/archaeology/cisp/database/stone/WHFLD/3.html"
   }
  },
  {
   "type": "Feature",
   "id": "I-KER-088",
   "geometry": {
    "type": "Point",
    "coordinates": [
     -9.70064,
     52.08496
    ]
   },
   "properties": {
    "id": "I-KER-088",
    "title": "Bánchluain | Whitefield 4",
    "ciic": "218",
    "cisp": "WHFLD/4",
    "tm": "www.trismegistos.org/text/172916",
    "smr": "KE057-107004-",
    "townland": "Whitefield (Bánchluain)",
    "county": "Co. Kerry",
    "country": "Ireland",
    "repo": "National Museum of Ireland",
    "cispUrl": "https://www.ucl.ac.uk/archaeology/cisp/database/stone/WHFLD/4.html"
   }
  },
  {
   "type": "Feature",
   "id": "I-KER-089",
   "geometry": {
    "type": "Point",
    "coordinates": [
     -9.70064,
     52.08496
    ]
   },
   "properties": {
    "id": "I-KER-089",
    "title": "Bánchluain | Whitefield 5",
    "ciic": "218A",
    "cisp": "WHFLD/5",
    "tm": "www.trismegistos.org/text/172920",
    "smr": "KE057-108----",
    "townland": "Whitefield (Bánchluain)",
    "county": "Co. Kerry",
    "country": "Ireland",
    "cispUrl": "https://www.ucl.ac.uk/archaeology/cisp/database/stone/WHFLD/5.html"
   }
  },
  {
   "type": "Feature",
   "id": "I-KER-090",
   "geometry": {
    "type": "Point",
    "coordinates": [
     -9.75202,
     51.90374
    ]
   },
   "properties": {
    "id": "I-KER-090",
    "title": "Doire Ghearráin Theas | Derrygarrane South",
    "ciic": "219",
    "cisp": "DEGAS/1",
    "tm": "www.trismegistos.org/text/172536",
    "smr": "KE092-001001-",
    "townland": "Derrygarrane South (Doire Ghearráin Theas)",
    "county": "Co. Kerry",
    "country": "Ireland",
    "cispUrl": "https://www.ucl.ac.uk/archaeology/cisp/database/stone/DEGAS/1.html"
   }
  },
  {
   "type": "Feature",
   "id": "I-KER-091",
   "geometry": {
    "type": "Point",
    "coordinates": [
     -10.1207,
     51.7636
    ]
   },
   "properties": {
    "id": "I-KER-091",
    "title": "Doire Fhíonáin Beag |Darrynane Beg",
    "ciic": "220",
    "cisp": "DENAN/1",
    "tm": "www.trismegistos.org/text/172538",
    "smr": "KE106-114----",
    "townland": "Darrynane (Doire Fhíonáin Beag)",
    "county": "Co. Kerry",
    "country": "Ireland",
    "cispUrl": "https://www.ucl.ac.uk/archaeology/cisp/database/stone/DENAN/1.html"
   }
  },
  {
   "type": "Feature",
   "id": "I-KER-092",
   "geometry": {
    "type": "Point",
    "coordinates": [
     -9.78809,
     51.87329
    ]
   },
   "properties": {
    "id": "I-KER-092",
    "title": "Drom Loiscthe | Dromlusk",
    "ciic": "221",
    "cisp": "DRLUS/1",
    "tm": "www.trismegistos.org/text/172546",
    "smr": "KE091-103001-",
    "townland": "Dromlusk (Drom Loiscthe)",
    "county": "Co. Kerry",
    "country": "Ireland",
    "cispUrl": "https://www.ucl.ac.uk/archaeology/cisp/database/stone/DRLUS/1.html"
   }
  },
  {
   "type": "Feature",
   "id": "I-KER-093",
   "geometry": {
    "type": "Point",
    "coordinates": [
     -9.4685,
     51.9532
    ]
   },
   "properties": {
    "id": "I-KER-093",
    "title": "An Mhangarta | Mangerton",
    "ciic": "222",
    "cisp": "MANGE/1",
    "tm": "www.trismegistos.org/text/172654",
    "smr": "KE074-009----",
    "townland": "Mangerton (An Mhangarta)",
    "county": "Co. Kerry",
    "country": "Ireland",
    "cispUrl": "https://www.ucl.ac.uk/archaeology/cisp/database/stone/MANGE/1.html"
   }
  },
  {
   "type": "Feature",
   "id": "I-KER-094",
   "geometry": {
    "type": "Point",
    "coordinates": [
     -9.872346,
     51.818379
    ]
   },
   "properties": {
    "id": "I-KER-094",
    "title": "\"Parknasilla\" Doire Coinche | Derryquin 2\"",
    "ciic": "223",
    "cisp": "PRKLA/1",
    "tm": "www.trismegistos.org/text/173401",
    "smr": "KE100-043----",
    "townland": "Derryquin (Doire Coinche).",
    "county": "Co. Kerry",
    "country": "Ireland",
    "repo": "National Museum of Ireland",
    "cispUrl": "https://www.ucl.ac.uk/archaeology/cisp/database/stone/PRKLA/1.html"
   }
  },
  {
   "type": "Feature",
   "id": "I-KER-095",
   "geometry": {
    "type": "Point",
    "coordinates": [
     -9.525148,
     51.884794
    ]
   },
   "properties": {
    "id": "I-KER-095",
    "title": "Drom an tSeabhaic | Dromatouk",
    "ciic": "224",
    "cisp": "DROUK/1",
    "tm": "www.trismegistos.org/text/172544",
    "smr": "KE093-026002-",
    "townland": "Dromatouk (Drom an tSeabhaic)",
    "county": "Co. Kerry",
    "country": "Ireland",
    "cispUrl": "https://www.ucl.ac.uk/archaeology/cisp/database/stone/DROUK/1.html"
   }
  },
  {
   "type": "Feature",
   "id": "I-KER-096",
   "geometry": {
    "type": "Point",
    "coordinates": [
     -9.445252,
     51.87221
    ]
   },
   "properties": {
    "id": "I-KER-096",
    "title": "\"\"\"Gortmaccree\"\" (Gurteenmacree, later Gurteen, parish of Kilgarvan)\"",
    "ciic": "225",
    "cisp": "GRTMA/1",
    "tm": "www.trismegistos.org/text/173399",
    "smr": "KE094-082----",
    "townland": "Gurteen",
    "county": "Co. Kerry",
    "country": "Ireland",
    "cispUrl": "https://www.ucl.ac.uk/archaeology/cisp/database/stone/GRTMA/1.html"
   }
  },
  {
   "type": "Feature",
   "id": "I-KER-097",
   "geometry": {
    "type": "Point",
    "coordinates": [
     -9.415211,
     51.840526
    ]
   },
   "properties": {
    "id": "I-KER-097",
    "title": "Inse na nEach | Inchinanagh",
    "ciic": "226",
    "cisp": "INAGH/1",
    "tm": "www.trismegistos.org/text/172593",
    "smr": "KE103-027----",
    "townland": "Inchinanagh (Inse na nEach)",
    "county": "Co. Kerry",
    "country": "Ireland",
    "cispUrl": "https://www.ucl.ac.uk/archaeology/cisp/database/stone/INAGH/1.html"
   }
  },
  {
   "type": "Feature",
   "id": "I-KER-098",
   "geometry": {
    "type": "Point",
    "coordinates": [
     -9.424806,
     51.883378
    ]
   },
   "properties": {
    "id": "I-KER-098",
    "title": "An Lománach | Lomanagh",
    "ciic": "227",
    "cisp": "LMNGH/1",
    "tm": "www.trismegistos.org/text/172650",
    "smr": "KE094-018001-",
    "townland": "Lomanagh (An Lománach)",
    "county": "Co. Kerry",
    "country": "Ireland",
    "cispUrl": "https://www.ucl.ac.uk/archaeology/cisp/database/stone/LMNGH/1.html"
   }
  },
  {
   "type": "Feature",
   "id": "I-KER-099",
   "geometry": {
    "type": "Point",
    "coordinates": [
     -9.421646,
     52.571346
    ]
   },
   "properties": {
    "id": "I-KER-099",
    "title": "Na Ceathrúna | Carhoona",
    "ciic": "228",
    "cisp": "COHIL/1",
    "tm": "www.trismegistos.org/text/172516",
    "smr": "KE003-070----",
    "townland": "Carhoona (Na Ceathrúna Kilnaughtin graveyard (KE003-008001) Cill Neachtain)",
    "county": "Co. Kerry",
    "country": "Ireland",
    "repo": "Pitt-Rivers Museum, Oxford",
    "cispUrl": "https://www.ucl.ac.uk/archaeology/cisp/database/stone/COHIL/1.html"
   }
  },
  {
   "type": "Feature",
   "id": "I-KER-100",
   "geometry": {
    "type": "Point",
    "coordinates": [
     -10.18551,
     51.92166
    ]
   },
   "properties": {
    "id": "I-KER-100",
    "title": "Ceann Boirinn | Canburrin",
    "ciic": "229",
    "cisp": "CARIN/1",
    "tm": "www.trismegistos.org/text/172490",
    "smr": "KE080-045----",
    "townland": "Canburrin (Ceann Boirinn)",
    "county": "Co. Kerry",
    "country": "Ireland",
    "cispUrl": "https://www.ucl.ac.uk/archaeology/cisp/database/stone/CARIN/1.html"
   }
  },
  {
   "type": "Feature",
   "id": "I-KER-101",
   "geometry": {
    "type": "Point",
    "coordinates": [
     -10.18373,
     51.8884
    ]
   },
   "properties": {
    "id": "I-KER-101",
    "title": "Clochán Cárthainn | Cloghanecarhan",
    "ciic": "230",
    "cisp": "CLCAH/1",
    "tm": "www.trismegistos.org/text/172504",
    "smr": "KE089-011008-",
    "townland": "Cloghanecarhan (Clochán Cárthainn)",
    "county": "Co. Kerry",
    "country": "Ireland",
    "cispUrl": "https://www.ucl.ac.uk/archaeology/cisp/database/stone/CLCAH/1.html"
   }
  },
  {
   "type": "Feature",
   "id": "I-KER-102",
   "geometry": {
    "type": "Point",
    "coordinates": [
     -10.3589,
     51.9111
    ]
   },
   "properties": {
    "id": "I-KER-102",
    "title": "An Chúil Thoir | Cool East 1",
    "ciic": "231",
    "cisp": "COOLE/1",
    "tm": "www.trismegistos.org/text/172519",
    "smr": "KE078-009003-",
    "townland": "Cool East (An Chúil Thoir)",
    "county": "Co. Kerry",
    "country": "Ireland",
    "cispUrl": "https://www.ucl.ac.uk/archaeology/cisp/database/stone/COOLE/1.html"
   }
  },
  {
   "type": "Feature",
   "id": "I-KER-103",
   "geometry": {
    "type": "Point",
    "coordinates": [
     -10.363032,
     51.908392
    ]
   },
   "properties": {
    "id": "I-KER-103",
    "title": "An Chúil Thoir | Cool East 2",
    "ciic": "232",
    "cisp": "COOLE/2",
    "tm": "www.trismegistos.org/text/172792",
    "smr": "KE078-007----",
    "townland": "Cool East (An Chúil Thoir)",
    "county": "Co. Kerry",
    "country": "Ireland",
    "cispUrl": "https://www.ucl.ac.uk/archaeology/cisp/database/stone/COOLE/2.html"
   }
  },
  {
   "type": "Feature",
   "id": "I-KER-104",
   "geometry": {
    "type": "Point",
    "coordinates": [
     -10.1118,
     51.84901
    ]
   },
   "properties": {
    "id": "I-KER-104",
    "title": "Drom Caor | Dromkeare",
    "ciic": "233",
    "cisp": "DKEAR/1",
    "tm": "www.trismegistos.org/text/172545",
    "smr": "KE098-021002- (classed as cross-slab)",
    "townland": "Dromkeare (Drom Caor)",
    "county": "Co. Kerry",
    "country": "Ireland",
    "cispUrl": "https://www.ucl.ac.uk/archaeology/cisp/database/stone/DKEAR/1.html"
   }
  },
  {
   "type": "Feature",
   "id": "I-KER-105",
   "geometry": {
    "type": "Point",
    "coordinates": [
     -10.045263,
     52.027716
    ]
   },
   "properties": {
    "id": "I-KER-105",
    "title": "Cill Choimhtheach | Kilkeehagh",
    "ciic": "234",
    "cisp": "KLKEE/1",
    "tm": "www.trismegistos.org/text/172620",
    "smr": "KE063-012001-",
    "townland": "Gleensk (Glísc),Kilkeehagh (Cill Choimhtheach)",
    "county": "Co. Kerry",
    "country": "Ireland",
    "cispUrl": "https://www.ucl.ac.uk/archaeology/cisp/database/stone/KLKEE/1.html"
   }
  },
  {
   "type": "Feature",
   "id": "I-KER-106",
   "geometry": {
    "type": "Point",
    "coordinates": [
     -10.17932,
     51.91854
    ]
   },
   "properties": {
    "id": "I-KER-106",
    "title": "Cill Ó gCróin | Killogrone",
    "ciic": "235",
    "cisp": "KLGRO/1",
    "tm": "www.trismegistos.org/text/172626",
    "smr": "KE080-046003-",
    "townland": "Killogrone (Cill Ó gCróin)",
    "county": "Co. Kerry",
    "country": "Ireland",
    "cispUrl": "https://www.ucl.ac.uk/archaeology/cisp/database/stone/KLGRO/1.html"
   }
  },
  {
   "type": "Feature",
   "id": "I-KER-107",
   "geometry": {
    "type": "Point",
    "coordinates": [
     -10.2992,
     51.8402
    ]
   },
   "properties": {
    "id": "I-KER-107",
    "title": "Cill Urlaí | Killurly 1",
    "ciic": "236",
    "cisp": "KLURL/1",
    "tm": "www.trismegistos.org/text/172628",
    "smr": "KE097-003004-",
    "townland": "Killurly (Cill Urlaí)",
    "county": "Co. Kerry",
    "country": "Ireland",
    "cispUrl": "https://www.ucl.ac.uk/archaeology/cisp/database/stone/KLURL/1.html"
   }
  },
  {
   "type": "Feature",
   "id": "I-KER-108",
   "geometry": {
    "type": "Point",
    "coordinates": [
     -10.219151,
     51.924969
    ]
   },
   "properties": {
    "id": "I-KER-108",
    "title": "Leitir | Letter",
    "ciic": "238",
    "cisp": "LETER/1",
    "tm": "www.trismegistos.org/text/172653",
    "smr": "KE079-086----  When first recorded by Macalister (1939a, 17), it was built into a stile a short distance S of MacCrehin's Castle (KE079-068001-)",
    "townland": "Letter (Leitir)",
    "county": "Co. Kerry",
    "country": "Ireland",
    "repo": "Kerry County Museum",
    "cispUrl": "https://www.ucl.ac.uk/archaeology/cisp/database/stone/LETER/1.html"
   }
  },
  {
   "type": "Feature",
   "id": "I-KER-109",
   "geometry": {
    "type": "Point",
    "coordinates": [
     -10.22427,
     51.92564
    ]
   },
   "properties": {
    "id": "I-KER-109",
    "title": "Leitir Thiar | Letter West",
    "ciic": "239",
    "cisp": "LETWE/1",
    "tm": "www.trismegistos.org/text/172487",
    "smr": "KE079-065002-",
    "townland": "Letter West (Leitir Thiar)",
    "county": "Co. Kerry",
    "country": "Ireland",
    "cispUrl": "https://www.ucl.ac.uk/archaeology/cisp/database/stone/LETWE/1.html"
   }
  },
  {
   "type": "Feature",
   "id": "I-KER-110",
   "geometry": {
    "type": "Point",
    "coordinates": [
     -10.07638,
     51.97193
    ]
   },
   "properties": {
    "id": "I-KER-110",
    "title": "Tír Ó Maoil | Teeromoyle",
    "ciic": "240",
    "cisp": "TERMY/1",
    "tm": "www.trismegistos.org/text/172705",
    "smr": "KE070-070001-",
    "townland": "Teeromoyle (Tír Ó Maoil)",
    "county": "Co. Kerry",
    "country": "Ireland",
    "cispUrl": "https://www.ucl.ac.uk/archaeology/cisp/database/stone/TERMY/1.html"
   }
  },
  {
   "type": "Feature",
   "id": "I-KER-111",
   "geometry": {
    "type": "Point",
    "coordinates": [
     -9.66846,
     52.08437
    ]
   },
   "properties": {
    "id": "I-KER-111",
    "title": "Cill Bheanáin | Kilbonane",
    "ciic": "241",
    "cisp": "KLBON/1",
    "tm": "www.trismegistos.org/text/172606",
    "smr": "KE057-078002-",
    "townland": "Kilbonane (Cill Bheanáin)",
    "county": "Co. Kerry",
    "country": "Ireland",
    "cispUrl": "https://www.ucl.ac.uk/archaeology/cisp/database/stone/KLBON/1.html"
   }
  },
  {
   "type": "Feature",
   "id": "I-KER-112",
   "geometry": {
    "type": "Point",
    "coordinates": [
     -9.554751,
     52.076337
    ]
   },
   "properties": {
    "id": "I-KER-112",
    "title": "Páirc an Mhóinéir | Parkavonear 1",
    "ciic": "242",
    "cisp": "PARAR/1",
    "tm": "www.trismegistos.org/text/172673",
    "smr": "KE066-016005-",
    "townland": "Parkavonear (Páirc an Mhóinéir)",
    "county": "Co. Kerry",
    "country": "Ireland",
    "cispUrl": "https://www.ucl.ac.uk/archaeology/cisp/database/stone/PARAR/1.html"
   }
  },
  {
   "type": "Feature",
   "id": "I-KER-113",
   "geometry": {
    "type": "Point",
    "coordinates": [
     -9.63087,
     52.12832
    ]
   },
   "properties": {
    "id": "I-KER-113",
    "title": "Gort na Cloiche Meánach | Rockfield Middle 1",
    "ciic": "243",
    "cisp": "RFILD/1",
    "tm": "www.trismegistos.org/text/172689",
    "smr": "KE057-023002-",
    "townland": "Rockfield Middle (Gort na Cloiche Meánach)",
    "county": "Co. Kerry",
    "country": "Ireland",
    "cispUrl": "https://www.ucl.ac.uk/archaeology/cisp/database/stone/RFILD/1.html"
   }
  },
  {
   "type": "Feature",
   "id": "I-KER-114",
   "geometry": {
    "type": "Point",
    "coordinates": [
     -9.63087,
     52.12832
    ]
   },
   "properties": {
    "id": "I-KER-114",
    "title": "Gort na Cloiche Meánach | Rockfield Middle 2",
    "ciic": "244",
    "cisp": "RFILD/2",
    "tm": "www.trismegistos.org/text/172926",
    "smr": "KE057-023003-",
    "townland": "Rockfield Middle (Gort na Cloiche Meánach)",
    "county": "Co. Kerry",
    "country": "Ireland",
    "cispUrl": "https://www.ucl.ac.uk/archaeology/cisp/database/stone/RFILD/2.html"
   }
  },
  {
   "type": "Feature",
   "id": "I-KER-115",
   "geometry": {
    "type": "Point",
    "coordinates": [
     -9.630876,
     52.128322
    ]
   },
   "properties": {
    "id": "I-KER-115",
    "title": "Gort na Cloiche Meánach | Rockfield Middle 3",
    "ciic": "245",
    "cisp": "RFILD/3",
    "tm": "www.trismegistos.org/text/172932",
    "smr": "KE057-023004-",
    "townland": "Rockfield Middle (Gort na Cloiche Meánach)",
    "county": "Co. Kerry",
    "country": "Ireland",
    "cispUrl": "https://www.ucl.ac.uk/archaeology/cisp/database/stone/RFILD/3.html"
   }
  },
  {
   "type": "Feature",
   "id": "I-KER-116",
   "geometry": {
    "type": "Point",
    "coordinates": [
     -9.63087,
     52.12832
    ]
   },
   "properties": {
    "id": "I-KER-116",
    "title": "Gort na Cloiche Meánach | Rockfield Middle 4",
    "ciic": "246",
    "cisp": "RFILD/4",
    "tm": "www.trismegistos.org/text/172938",
    "smr": "KE057-023005-",
    "townland": "Rockfield Middle (Gort na Cloiche Meánach)",
    "county": "Co. Kerry",
    "country": "Ireland",
    "cispUrl": "https://www.ucl.ac.uk/archaeology/cisp/database/stone/RFILD/4.html"
   }
  },
  {
   "type": "Feature",
   "id": "I-KER-117",
   "geometry": {
    "type": "Point",
    "coordinates": [
     -9.725042,
     52.165998
    ]
   },
   "properties": {
    "id": "I-KER-117",
    "title": "Aird Chánachta | Ardcanaght 1",
    "ciic": "246A",
    "cisp": "ARDCT/1",
    "tm": "www.trismegistos.org/text/172438",
    "smr": "KE047-026001-",
    "townland": "Ardcanaght (Aird Chánachta)",
    "county": "Co. Kerry",
    "country": "Ireland",
    "cispUrl": "https://www.ucl.ac.uk/archaeology/cisp/database/stone/ARDCT/1.html"
   }
  },
  {
   "type": "Feature",
   "id": "I-KER-118",
   "geometry": {
    "type": "Point",
    "coordinates": [
     -9.725042,
     52.165998
    ]
   },
   "properties": {
    "id": "I-KER-118",
    "title": "Aird Chánachta | Ardcanaght 2",
    "ciic": "246B",
    "cisp": "ARDCT/2",
    "tm": "www.trismegistos.org/text/172780",
    "smr": "KE047-026003-",
    "townland": "Ardcanaght (Aird Chánachta)",
    "county": "Co. Kerry",
    "country": "Ireland",
    "cispUrl": "https://www.ucl.ac.uk/archaeology/cisp/database/stone/ARDCT/2.html"
   }
  },
  {
   "type": "Feature",
   "id": "I-KER-119",
   "geometry": {
    "type": "Point",
    "coordinates": [
     -9.658615,
     52.152736
    ]
   },
   "properties": {
    "id": "I-KER-119",
    "title": "Ard Uí Mhánaigh | Ardywanig",
    "ciic": "247",
    "cisp": "AYWAG/1",
    "tm": "www.trismegistos.org/text/173395",
    "smr": "KE047-078001-",
    "townland": "Ardywanig (Ard Uí Mhánaigh)",
    "county": "Co. Kerry",
    "country": "Ireland",
    "cispUrl": "https://www.ucl.ac.uk/archaeology/cisp/database/stone/AYWAG/1.html"
   }
  },
  {
   "type": "Feature",
   "id": "I-KER-120",
   "geometry": {
    "type": "Point",
    "coordinates": [
     -9.443458,
     52.153985
    ]
   },
   "properties": {
    "id": "I-KER-120",
    "title": "Bán an Ghleanna | Bawnaglanna",
    "ciic": "248",
    "cisp": "BAWGL/1",
    "tm": "www.trismegistos.org/text/172474",
    "smr": "KE049-101002-",
    "townland": "Bawnaglanna (Bán an Ghleanna)",
    "county": "Co. Kerry",
    "country": "Ireland",
    "cispUrl": "https://www.ucl.ac.uk/archaeology/cisp/database/stone/BAWGL/1.html",
    "vague": true,
    "vagueWhy": "approximate"
   }
  },
  {
   "type": "Feature",
   "id": "I-KER-121",
   "geometry": {
    "type": "Point",
    "coordinates": [
     -9.674836,
     52.161889
    ]
   },
   "properties": {
    "id": "I-KER-121",
    "title": "An Bhreac-choill | Brackhill",
    "ciic": "249",
    "cisp": "BHILL/1",
    "tm": "www.trismegistos.org/text/172873",
    "smr": "KE047-080----",
    "townland": "Brackhill (An Bhreac-choill)",
    "county": "Co. Kerry",
    "country": "Ireland",
    "cispUrl": "https://www.ucl.ac.uk/archaeology/cisp/database/stone/BHILL/1.html"
   }
  },
  {
   "type": "Feature",
   "id": "I-KER-122",
   "geometry": {
    "type": "Point",
    "coordinates": [
     -9.77764,
     52.16566
    ]
   },
   "properties": {
    "id": "I-KER-122",
    "title": "Corcaigh Bhuí | Corkaboy",
    "ciic": "250",
    "cisp": "COBOY/1",
    "tm": "www.trismegistos.org/text/172524",
    "smr": "KE046-022002-",
    "townland": "Corkaboy (Corcaigh Bhuí)",
    "county": "Co. Kerry",
    "country": "Ireland",
    "cispUrl": "https://www.ucl.ac.uk/archaeology/cisp/database/stone/COBOY/1.html"
   }
  },
  {
   "type": "Feature",
   "id": "I-KER-123",
   "geometry": {
    "type": "Point",
    "coordinates": [
     -9.53331,
     52.19142
    ]
   },
   "properties": {
    "id": "I-KER-123",
    "title": "An Chraig | Crag",
    "ciic": "251",
    "cisp": "CRAG/1",
    "tm": "www.trismegistos.org/text/172529",
    "smr": "KE048-016----",
    "townland": "Crag (An Chraig)",
    "county": "Co. Kerry",
    "country": "Ireland",
    "cispUrl": "https://www.ucl.ac.uk/archaeology/cisp/database/stone/CRAG/1.html"
   }
  },
  {
   "type": "Feature",
   "id": "I-KER-124",
   "geometry": {
    "type": "Point",
    "coordinates": [
     -9.56944,
     52.212276
    ]
   },
   "properties": {
    "id": "I-KER-124",
    "title": "An Garrán Darach | Garraundarragh ('Gurrane')",
    "ciic": "252",
    "cisp": "GURAN/1",
    "tm": "https://www.trismegistos.org/text/172587",
    "smr": "KE039-148----",
    "townland": "Garraundarragh (An Garrán Darach)",
    "county": "Co. Kerry",
    "country": "Ireland",
    "repo": "National Museum of Ireland",
    "cispUrl": "https://www.ucl.ac.uk/archaeology/cisp/database/stone/GURAN/1.html"
   }
  },
  {
   "type": "Feature",
   "id": "I-KER-125",
   "geometry": {
    "type": "Point",
    "coordinates": [
     -9.777245,
     52.104272
    ]
   },
   "properties": {
    "id": "I-KER-125",
    "title": "Cill Orglan | Killorglin I ('near')",
    "ciic": "253",
    "cisp": "KLORG/1",
    "tm": "www.trismegistos.org/text/172627",
    "smr": "KE056-046----",
    "townland": "Unknown",
    "county": "Co. Kerry",
    "country": "Ireland",
    "repo": "National Museum of Ireland",
    "cispUrl": "https://www.ucl.ac.uk/archaeology/cisp/database/stone/KLORG/1.html"
   }
  },
  {
   "type": "Feature",
   "id": "I-KER-126",
   "geometry": {
    "type": "Point",
    "coordinates": [
     -9.6864,
     52.0727
    ]
   },
   "properties": {
    "id": "I-KER-126",
    "title": "Fearann na gCat | Churchtown",
    "ciic": "254",
    "cisp": "KLORG/2",
    "tm": "https://www.trismegistos.org/text/172846",
    "smr": "KE065-012004-",
    "townland": "Churchtown (Fearann na gCat)",
    "county": "Co. Kerry",
    "country": "Ireland",
    "repo": "National Museum of Ireland",
    "cispUrl": "https://www.ucl.ac.uk/archaeology/cisp/database/stone/KLORG/2.html"
   }
  },
  {
   "type": "Feature",
   "id": "I-KER-127",
   "geometry": {
    "type": "Point",
    "coordinates": [
     -9.749639,
     52.126506
    ]
   },
   "properties": {
    "id": "I-KER-127",
    "title": "Tigh na hAille | Tinnahally 1",
    "ciic": "255",
    "cisp": "TINAH/1",
    "tm": "https://www.trismegistos.org/text/172712",
    "smr": "KE057-105001-",
    "townland": "Tinnahally (Tigh na hAille)",
    "county": "Co. Kerry",
    "country": "Ireland",
    "repo": "National Museum of Ireland",
    "cispUrl": "https://www.ucl.ac.uk/archaeology/cisp/database/stone/TINAH/1.html"
   }
  },
  {
   "type": "Feature",
   "id": "I-KER-128",
   "geometry": {
    "type": "Point",
    "coordinates": [
     -9.749639,
     52.126506
    ]
   },
   "properties": {
    "id": "I-KER-128",
    "title": "Tigh na hAille | Tinnahally 2",
    "ciic": "256",
    "cisp": "TINAH/2",
    "tm": "https://www.trismegistos.org/text/172822",
    "smr": "KE057-105002-",
    "townland": "Tinnahally (Tigh na hAille)",
    "county": "Co. Kerry",
    "country": "Ireland",
    "repo": "National Museum of Ireland",
    "cispUrl": "https://www.ucl.ac.uk/archaeology/cisp/database/stone/TINAH/2.html"
   }
  },
  {
   "type": "Feature",
   "id": "I-KER-129",
   "geometry": {
    "type": "Point",
    "coordinates": [
     -9.694814,
     52.274656
    ]
   },
   "properties": {
    "id": "I-KER-129",
    "title": "Cluain na Lobhar | Cloonalour (Tralee)",
    "ciic": "256A",
    "cisp": "TRALE/1",
    "townland": "Cloonalour (Cluain na Lobhar)",
    "county": "Co. Kerry",
    "country": "Ireland",
    "cispUrl": "https://www.ucl.ac.uk/archaeology/cisp/database/stone/TRALE/1.html"
   }
  },
  {
   "type": "Feature",
   "id": "I-KER-130",
   "geometry": {
    "type": "Point",
    "coordinates": [
     -9.726037,
     52.335184
    ]
   },
   "properties": {
    "id": "I-KER-130",
    "title": "Baile Bhromáin | Ballybroman",
    "ciic": "1082",
    "cisp": "BALBR/1",
    "tm": "https://www.trismegistos.org/text/172458",
    "smr": "(souterrain KE021-084001-)",
    "townland": "Ballybroman (Baile Bhromáin)",
    "county": "Co. Kerry",
    "country": "Ireland",
    "cispUrl": "https://www.ucl.ac.uk/archaeology/cisp/database/stone/BALBR/1.html"
   }
  },
  {
   "type": "Feature",
   "id": "I-KER-131",
   "geometry": {
    "type": "Point",
    "coordinates": [
     -9.721501,
     52.333343
    ]
   },
   "properties": {
    "id": "I-KER-131",
    "title": "Ráth Cionaoith | Rathkenny 1",
    "ciic": "1083",
    "cisp": "RTHKE/1",
    "tm": "https://www.trismegistos.org/text/172684",
    "smr": "KE021-087002-",
    "townland": "Rathkenny (Ráth Cionaoith)",
    "county": "Co. Kerry",
    "country": "Ireland",
    "cispUrl": "https://www.ucl.ac.uk/archaeology/cisp/database/stone/RTHKE/1.html"
   }
  },
  {
   "type": "Feature",
   "id": "I-KER-132",
   "geometry": {
    "type": "Point",
    "coordinates": [
     -9.721501,
     52.333343
    ]
   },
   "properties": {
    "id": "I-KER-132",
    "title": "Ráth Cionaoith | Rathkenny 2",
    "ciic": "1084",
    "cisp": "RTHKE/2",
    "tm": "https://www.trismegistos.org/text/172850",
    "smr": "KE021-087005-",
    "townland": "Rathkenny (Ráth Cionaoith)",
    "county": "Co. Kerry",
    "country": "Ireland",
    "cispUrl": "https://www.ucl.ac.uk/archaeology/cisp/database/stone/RTHKE/2.html"
   }
  },
  {
   "type": "Feature",
   "id": "I-KER-133",
   "geometry": {
    "type": "Point",
    "coordinates": [
     -9.721501,
     52.333343
    ]
   },
   "properties": {
    "id": "I-KER-133",
    "title": "Ráth Cionaoith | Rathkenny 3",
    "ciic": "1085",
    "cisp": "RTHKE/3",
    "tm": "https://www.trismegistos.org/text/172877",
    "smr": "KE021-087004-",
    "townland": "Rathkenny (Ráth Cionaoith)",
    "county": "Co. Kerry",
    "country": "Ireland",
    "cispUrl": "https://www.ucl.ac.uk/archaeology/cisp/database/stone/RTHKE/3.html"
   }
  },
  {
   "type": "Feature",
   "id": "I-KER-134",
   "geometry": {
    "type": "Point",
    "coordinates": [
     -9.721501,
     52.333343
    ]
   },
   "properties": {
    "id": "I-KER-134",
    "title": "Ráth Cionaoith | Rathkenny 4",
    "smr": "KE021-087007-",
    "townland": "Rathkenny (Ráth Cionaoith)",
    "county": "Co. Kerry",
    "country": "Ireland",
    "cispUrl": "https://www.ucl.ac.uk/archaeology/cisp/database/stone/.html"
   }
  },
  {
   "type": "Feature",
   "id": "I-KER-135",
   "geometry": {
    "type": "Point",
    "coordinates": [
     -9.712,
     52.346
    ]
   },
   "properties": {
    "id": "I-KER-135",
    "title": "Cill Ghuilbin Thoir | Kilgulbin East",
    "ciic": "1086",
    "smr": "KE021-051----",
    "townland": "Kilgulbin East",
    "county": "Co. Kerry",
    "country": "Ireland",
    "vern": "Cill Ghuilbin Thoir (ga)",
    "repo": "National Museum of Ireland",
    "cispUrl": "https://www.ucl.ac.uk/archaeology/cisp/database/stone/.html",
    "logainm": "https://www.logainm.ie/en/24818"
   }
  },
  {
   "type": "Feature",
   "id": "I-KER-136",
   "geometry": {
    "type": "Point",
    "coordinates": [
     -10.283295,
     51.937578
    ]
   },
   "properties": {
    "id": "I-KER-136",
    "title": "Oileán an Teampaill | Church Island",
    "cisp": "CHUIS/1",
    "smr": "KE079-032004-",
    "townland": "Church Island (Oileán an Teampaill - wrong coords on logainm!)",
    "county": "Co. Kerry",
    "country": "Ireland",
    "repo": "Cork Public Museum",
    "cispUrl": "https://www.ucl.ac.uk/archaeology/cisp/database/stone/CHUIS/1.html"
   }
  },
  {
   "type": "Feature",
   "id": "I-KER-137",
   "geometry": {
    "type": "Point",
    "coordinates": [
     -9.761091,
     51.887801
    ]
   },
   "properties": {
    "id": "I-KER-137",
    "title": "An Gaorthadh Theas | Gearha South",
    "cisp": "GEARS/1",
    "smr": "KE092-049001-",
    "townland": "Gearha South (An Gaorthadh Theas)",
    "county": "Co. Kerry",
    "country": "Ireland",
    "repo": "Cork Public Museum",
    "cispUrl": "https://www.ucl.ac.uk/archaeology/cisp/database/stone/GEARS/1.html"
   }
  },
  {
   "type": "Feature",
   "id": "I-KER-138",
   "geometry": {
    "type": "Point",
    "coordinates": [
     -9.735859,
     52.072139
    ]
   },
   "properties": {
    "id": "I-KER-138",
    "title": "Caol na bhFuarán | Brookhill",
    "cisp": "BRHKL/1",
    "smr": "KE065-105----",
    "townland": "Brookhill (Caol na bhFuarán)",
    "county": "Co. Kerry",
    "country": "Ireland",
    "repo": "National Museum of Ireland",
    "cispUrl": "https://www.ucl.ac.uk/archaeology/cisp/database/stone/BRHKL/1.html"
   }
  },
  {
   "type": "Feature",
   "id": "I-KER-139",
   "geometry": {
    "type": "Point",
    "coordinates": [
     -9.681861,
     52.267045
    ]
   },
   "properties": {
    "id": "I-KER-139",
    "title": "Ráth Teas | Ratass",
    "cisp": "RATAS/1",
    "smr": "KE029-157002-",
    "townland": "Ratass",
    "county": "Co. Kerry",
    "country": "Ireland",
    "cispUrl": "https://www.ucl.ac.uk/archaeology/cisp/database/stone/RATAS/1.html"
   }
  },
  {
   "type": "Feature",
   "id": "I-KER-140",
   "geometry": {
    "type": "Point",
    "coordinates": [
     -9.731707,
     52.136824
    ]
   },
   "properties": {
    "id": "I-KER-140",
    "title": "Cnoc an Gharráin | Knockagarrane",
    "smr": "KE057-143----",
    "townland": "Knockagarrane (Cnoc an Gharráin)",
    "county": "Co. Kerry",
    "country": "Ireland",
    "cispUrl": "https://www.ucl.ac.uk/archaeology/cisp/database/stone/.html"
   }
  },
  {
   "type": "Feature",
   "id": "I-KER-141",
   "geometry": {
    "type": "Point",
    "coordinates": [
     -10.175898,
     52.125601
    ]
   },
   "properties": {
    "id": "I-KER-141",
    "title": "Com an Lóndraigh | Coumlanders",
    "smr": "KE054-094----",
    "townland": "Coumlanders (Com an Lóndraigh)",
    "county": "Co. Kerry",
    "country": "Ireland",
    "repo": "Músaem Chorca Dhuibhne",
    "cispUrl": "https://www.ucl.ac.uk/archaeology/cisp/database/stone/.html"
   }
  },
  {
   "type": "Feature",
   "id": "I-KER-142",
   "geometry": {
    "type": "Point",
    "coordinates": [
     -9.444296,
     52.154855
    ]
   },
   "properties": {
    "id": "I-KER-142",
    "title": "Inse an Chomair | Inchincummer",
    "smr": "KE049-122----",
    "townland": "Inchincummer (Inse an Chomair)",
    "county": "Co. Kerry",
    "country": "Ireland",
    "cispUrl": "https://www.ucl.ac.uk/archaeology/cisp/database/stone/.html"
   }
  },
  {
   "type": "Feature",
   "id": "I-KER-143",
   "geometry": {
    "type": "Point",
    "coordinates": [
     -9.723075,
     52.269425
    ]
   },
   "properties": {
    "id": "I-KER-143",
    "title": "Trá Lí | Tralee",
    "smr": "KE029-319----",
    "townland": "Tralee (Trá Lí)",
    "county": "Co. Kerry",
    "country": "Ireland",
    "repo": "Kerry County Museum",
    "cispUrl": "https://www.ucl.ac.uk/archaeology/cisp/database/stone/.html"
   }
  },
  {
   "type": "Feature",
   "id": "I-KER-144",
   "geometry": {
    "type": "Point",
    "coordinates": [
     -9.722726,
     51.96767
    ]
   },
   "properties": {
    "id": "I-KER-144",
    "title": "Bun Binne | Bunbinnia",
    "smr": "KE073-050001-",
    "townland": "Bunbinnia (Bun Binne)",
    "county": "Co. Kerry",
    "country": "Ireland",
    "cispUrl": "https://www.ucl.ac.uk/archaeology/cisp/database/stone/.html"
   }
  },
  {
   "type": "Feature",
   "id": "I-KER-145",
   "geometry": {
    "type": "Point",
    "coordinates": [
     -9.72426,
     52.319706
    ]
   },
   "properties": {
    "id": "I-KER-145",
    "title": "Tiobraid Bheag | Tubrid Beg",
    "smr": "KE021-122003-",
    "townland": "Tubrid Beg",
    "county": "Co. Kerry",
    "country": "Ireland",
    "cispUrl": "https://www.ucl.ac.uk/archaeology/cisp/database/stone/.html"
   }
  },
  {
   "type": "Feature",
   "id": "I-KER-146",
   "geometry": {
    "type": "Point",
    "coordinates": [
     -10.332104,
     51.848153
    ]
   },
   "properties": {
    "id": "I-KER-146",
    "title": "Ráth Ciaráin | Rathkieran",
    "cisp": "RATHK/1",
    "smr": "KE096-009001-",
    "townland": "Rathkieran (Ráth Ciaráin)",
    "county": "Co. Kerry",
    "country": "Ireland",
    "cispUrl": "https://www.ucl.ac.uk/archaeology/cisp/database/stone/RATHK/1.html"
   }
  },
  {
   "type": "Feature",
   "id": "I-KER-147",
   "geometry": {
    "type": "Point",
    "coordinates": [
     -9.5731,
     52.1419
    ]
   },
   "properties": {
    "id": "I-KER-147",
    "title": "An Gabhlán | Gowlane",
    "cisp": "GOWLA/1",
    "smr": "KE048-113003-",
    "townland": "Gowlane (An Gabhlán)",
    "county": "Co. Kerry",
    "country": "Ireland",
    "cispUrl": "https://www.ucl.ac.uk/archaeology/cisp/database/stone/GOWLA/1.html"
   }
  },
  {
   "type": "Feature",
   "id": "I-KER-148",
   "geometry": {
    "type": "Point",
    "coordinates": [
     -9.648659,
     52.196909
    ]
   },
   "properties": {
    "id": "I-KER-148",
    "title": "An Cnoc Breac | Knockbrack",
    "smr": "KE047-105001-",
    "townland": "Knockbrack (An Cnoc Breac)",
    "county": "Co. Kerry",
    "country": "Ireland",
    "cispUrl": "https://www.ucl.ac.uk/archaeology/cisp/database/stone/.html"
   }
  },
  {
   "type": "Feature",
   "id": "I-KER-149",
   "geometry": {
    "type": "Point",
    "coordinates": [
     -9.772241,
     52.376725
    ]
   },
   "properties": {
    "id": "I-KER-149",
    "title": "Cill Mhaoile Theas | Kilmoyly South",
    "smr": "KE014-089002-",
    "townland": "Kilmoyly South (Cill Mhaoile Theas)",
    "county": "Co. Kerry",
    "country": "Ireland",
    "cispUrl": "https://www.ucl.ac.uk/archaeology/cisp/database/stone/.html"
   }
  },
  {
   "type": "Feature",
   "id": "I-KER-150",
   "geometry": {
    "type": "Point",
    "coordinates": [
     -10.144093,
     52.244086
    ]
   },
   "properties": {
    "id": "I-KER-150",
    "title": "Formaoil |Fermoyle",
    "smr": "KE035-154----",
    "townland": "Fermoyle",
    "county": "Co. Kerry",
    "country": "Ireland",
    "vern": "Formaoil (ga)",
    "repo": "Kerry County Museum",
    "cispUrl": "https://www.ucl.ac.uk/archaeology/cisp/database/stone/.html",
    "logainm": "https://www.logainm.ie/en/22772"
   }
  },
  {
   "type": "Feature",
   "id": "I-KER-152",
   "geometry": {
    "type": "Point",
    "coordinates": [
     -9.729227,
     52.263227
    ]
   },
   "properties": {
    "id": "I-KER-152",
    "title": "Ballyvelly",
    "townland": "Ballyvelly",
    "county": "Co. Kerry",
    "country": "Ireland",
    "cispUrl": "https://www.ucl.ac.uk/archaeology/cisp/database/stone/.html"
   }
  },
  {
   "type": "Feature",
   "id": "I-KER-154",
   "geometry": {
    "type": "Point",
    "coordinates": [
     -10.058009,
     51.908253
    ]
   },
   "properties": {
    "id": "I-KER-154",
    "title": "An Chillín Liath | Killeenleagh",
    "smr": "KE089-010002-",
    "townland": "Killeenleagh",
    "county": "Co. Kerry",
    "country": "Ireland",
    "vern": "An Chillín Liath (ga)",
    "cispUrl": "https://www.ucl.ac.uk/archaeology/cisp/database/stone/.html",
    "logainm": "https://www.logainm.ie/en/1394104"
   }
  },
  {
   "type": "Feature",
   "id": "I-KER-L01",
   "geometry": {
    "type": "Point",
    "coordinates": [
     -10.3879,
     52.1788
    ]
   },
   "properties": {
    "id": "I-KER-L01",
    "title": "Baile an Reannaigh | Ballinrannig 8?",
    "ciic": "154A",
    "cisp": "BALIG/8",
    "tm": "www.trismegistos.org/text/172993",
    "smr": "KE042-057004-",
    "townland": "Ballinrannig",
    "county": "Co. Kerry",
    "country": "Ireland",
    "vern": "Baile an Reannaigh (ga)",
    "cispUrl": "https://www.ucl.ac.uk/archaeology/cisp/database/stone/BALIG/8.html",
    "logainm": "https://www.logainm.ie/en/22741"
   }
  },
  {
   "type": "Feature",
   "id": "I-KER-L08",
   "geometry": {
    "type": "Point",
    "coordinates": [
     -9.630876,
     52.128322
    ]
   },
   "properties": {
    "id": "I-KER-L08",
    "title": "Gort na Cloiche Meánach | Rockfield Middle 5",
    "cisp": "RFILD/5",
    "tm": "www.trismegistos.org/text/172944",
    "smr": "KE057-023006-",
    "townland": "Rockfield Middle (Gort na Cloiche Meánach)",
    "county": "Co. Kerry",
    "country": "Ireland",
    "cispUrl": "https://www.ucl.ac.uk/archaeology/cisp/database/stone/RFILD/5.html"
   }
  },
  {
   "type": "Feature",
   "id": "I-KER-L09",
   "geometry": {
    "type": "Point",
    "coordinates": [
     -9.630876,
     52.128322
    ]
   },
   "properties": {
    "id": "I-KER-L09",
    "title": "Gort na Cloiche Meánach | Rockfield Middle 6",
    "cisp": "RFILD/6",
    "tm": "www.trismegistos.org/text/172950",
    "smr": "KE057-023007-",
    "townland": "Rockfield Middle (Gort na Cloiche Meánach)",
    "county": "Co. Kerry",
    "country": "Ireland",
    "cispUrl": "https://www.ucl.ac.uk/archaeology/cisp/database/stone/RFILD/6.html"
   }
  },
  {
   "type": "Feature",
   "id": "I-KER-L10",
   "geometry": {
    "type": "Point",
    "coordinates": [
     -9.657641,
     52.146311
    ]
   },
   "properties": {
    "id": "I-KER-L10",
    "title": "Ard Uí Mhánaigh | Ardywanig",
    "smr": "KE047-068----",
    "townland": "Ardywanig (Ard Uí Mhánaigh)",
    "county": "Co. Kerry",
    "country": "Ireland",
    "cispUrl": "https://www.ucl.ac.uk/archaeology/cisp/database/stone/.html"
   }
  },
  {
   "type": "Feature",
   "id": "I-KER-X10",
   "geometry": {
    "type": "Point",
    "coordinates": [
     -9.711402,
     52.365387
    ]
   },
   "properties": {
    "id": "I-KER-X10",
    "title": "Cathair Néid |Cahernead",
    "smr": "KE021-017002-",
    "townland": "Cahernead",
    "county": "Co. Kerry",
    "country": "Ireland",
    "cispUrl": "https://www.ucl.ac.uk/archaeology/cisp/database/stone/.html"
   }
  },
  {
   "type": "Feature",
   "id": "I-KID-001",
   "geometry": {
    "type": "Point",
    "coordinates": [
     -6.76087,
     53.02854
    ]
   },
   "properties": {
    "id": "I-KID-001",
    "title": "Baile Choilbín | Colbinstown 1",
    "ciic": "19",
    "cisp": "COLIN/1",
    "smr": "KD032-044001-",
    "townland": "Colbinstown",
    "county": "Co. Kildare",
    "country": "Ireland",
    "vern": "Cillín Chormaic (ga) | Baile Choilbín (ga)",
    "repo": "National Museum of Ireland",
    "cispUrl": "https://www.ucl.ac.uk/archaeology/cisp/database/stone/COLIN/1.html",
    "logainm": "https://www.logainm.ie/en/109036"
   }
  },
  {
   "type": "Feature",
   "id": "I-KID-002",
   "geometry": {
    "type": "Point",
    "coordinates": [
     -6.76087,
     53.02854
    ]
   },
   "properties": {
    "id": "I-KID-002",
    "title": "Baile Choilbín | Colbinstown 2",
    "ciic": "20",
    "cisp": "COLIN/2",
    "smr": "KD032-044002-",
    "townland": "Colbinstown",
    "county": "Co. Kildare",
    "country": "Ireland",
    "vern": "Cillín Chormaic (ga) | Baile Choilbín (ga)",
    "repo": "National Museum of Ireland",
    "cispUrl": "https://www.ucl.ac.uk/archaeology/cisp/database/stone/COLIN/2.html",
    "logainm": "https://www.logainm.ie/en/109036"
   }
  },
  {
   "type": "Feature",
   "id": "I-KID-004",
   "geometry": {
    "type": "Point",
    "coordinates": [
     -6.760976,
     53.028539
    ]
   },
   "properties": {
    "id": "I-KID-004",
    "title": "Baile Choilbín | Colbinstown 4",
    "ciic": "22",
    "cisp": "COLIN/4",
    "smr": "KD032-044004-",
    "townland": "Colbinstown",
    "county": "Co. Kildare",
    "country": "Ireland",
    "vern": "Cillín Chormaic (ga) | Baile Choilbín (ga)",
    "cispUrl": "https://www.ucl.ac.uk/archaeology/cisp/database/stone/COLIN/4.html",
    "logainm": "https://www.logainm.ie/en/109036"
   }
  },
  {
   "type": "Feature",
   "id": "I-KID-005",
   "geometry": {
    "type": "Point",
    "coordinates": [
     -6.760801,
     53.028514
    ]
   },
   "properties": {
    "id": "I-KID-005",
    "title": "Baile Choilbín | Colbinstown 5",
    "ciic": "23",
    "cisp": "COLIN/5",
    "tm": "https://www.trismegistos.org/text/172954",
    "smr": "KD032-044005-",
    "townland": "Colbinstown",
    "county": "Co. Kildare",
    "country": "Ireland",
    "vern": "Cillín Chormaic (ga) | Baile Choilbín (ga)",
    "cispUrl": "https://www.ucl.ac.uk/archaeology/cisp/database/stone/COLIN_5.html",
    "logainm": "https://www.logainm.ie/en/109036"
   }
  },
  {
   "type": "Feature",
   "id": "I-KID-007",
   "geometry": {
    "type": "Point",
    "coordinates": [
     -6.760951,
     53.028323
    ]
   },
   "properties": {
    "id": "I-KID-007",
    "title": "Baile Choilbín | Colbinstown 7",
    "ciic": "25",
    "cisp": "COLIN/7",
    "tm": "https://www.trismegistos.org/text/172956",
    "smr": "KD032-044007-",
    "townland": "Colbinstown",
    "county": "Co. Kildare",
    "country": "Ireland",
    "vern": "Cillín Chormaic (ga) | Baile Choilbín (ga)",
    "cispUrl": "https://www.ucl.ac.uk/archaeology/cisp/database/stone/COLIN_7.html",
    "logainm": "https://www.logainm.ie/en/109036"
   }
  },
  {
   "type": "Feature",
   "id": "I-KID-008",
   "geometry": {
    "type": "Point",
    "coordinates": [
     -6.552943,
     53.377093
    ]
   },
   "properties": {
    "id": "I-KID-008",
    "title": "Domhnach Mór | Donaghmore",
    "ciic": "26",
    "cisp": "DNMOR/1",
    "smr": "KD006-005002-",
    "townland": "Donaghmore",
    "county": "Co. Kildare",
    "country": "Ireland",
    "vern": "Domhnach Mór (ga)",
    "repo": "National Museum of Ireland",
    "cispUrl": "https://www.ucl.ac.uk/archaeology/cisp/database/stone/DNMOR/1.html",
    "logainm": "https://www.logainm.ie/en/25412"
   }
  },
  {
   "type": "Feature",
   "id": "I-KIK-001",
   "geometry": {
    "type": "Point",
    "coordinates": [
     -7.511,
     52.761
    ]
   },
   "properties": {
    "id": "I-KIK-001",
    "title": "Baile Uí Spealáin | Ballyspellan",
    "ciic": "27",
    "townland": "Ballyspellan",
    "county": "Co. Kilkenny",
    "country": "Ireland",
    "vern": "Baile Uí Spealáin (ga)",
    "repo": "National Museum of Ireland",
    "cispUrl": "https://www.ucl.ac.uk/archaeology/cisp/database/stone/.html",
    "logainm": "https://www.logainm.ie/en/27449"
   }
  },
  {
   "type": "Feature",
   "id": "I-KIK-002",
   "geometry": {
    "type": "Point",
    "coordinates": [
     -7.145906,
     52.655447
    ]
   },
   "properties": {
    "id": "I-KIK-002",
    "title": "Clárach an Teampaill | Churchclara 1",
    "ciic": "28",
    "cisp": "CHLAR/1",
    "tm": "https://www.trismegistos.org/text/172501",
    "smr": "KK020-017003-",
    "townland": "Churchclara",
    "county": "Co. Kilkenny",
    "country": "Ireland",
    "vern": "Clárach an Teampaill (ga)",
    "cispUrl": "https://www.ucl.ac.uk/archaeology/cisp/database/stone/CHLAR/1.html",
    "logainm": "https://www.logainm.ie/en/26739"
   }
  },
  {
   "type": "Feature",
   "id": "I-KIK-003",
   "geometry": {
    "type": "Point",
    "coordinates": [
     -7.146098,
     52.655485
    ]
   },
   "properties": {
    "id": "I-KIK-003",
    "title": "Clárach an Teampaill | Churchclara 2",
    "cisp": "CHLAR/2",
    "smr": "KK020-017010-",
    "townland": "Churchclara",
    "county": "Co. Kilkenny",
    "country": "Ireland",
    "vern": "Clárach an Teampaill (ga)",
    "cispUrl": "https://www.ucl.ac.uk/archaeology/cisp/database/stone/CHLAR/2.html",
    "logainm": "https://www.logainm.ie/en/26739"
   }
  },
  {
   "type": "Feature",
   "id": "I-KIK-006",
   "geometry": {
    "type": "Point",
    "coordinates": [
     -7.037871,
     52.522596
    ]
   },
   "properties": {
    "id": "I-KIK-006",
    "title": "An Feadán Uachtarach | Fiddaun Upper",
    "ciic": "31",
    "cisp": "FIDUP/1",
    "tm": "https://www.trismegistos.org/text/172564",
    "smr": "KK029-020----",
    "townland": "Fiddaun Upper",
    "county": "Co. Kilkenny",
    "country": "Ireland",
    "vern": "An Feadán Uachtarach (ga)",
    "cispUrl": "https://www.ucl.ac.uk/archaeology/cisp/database/stone/FIDUP_1.html",
    "logainm": "https://www.logainm.ie/en/27197"
   }
  },
  {
   "type": "Feature",
   "id": "I-KIK-007",
   "geometry": {
    "type": "Point",
    "coordinates": [
     -7.064571,
     52.628928
    ]
   },
   "properties": {
    "id": "I-KIK-007",
    "title": "Gabhrán | Gowran",
    "ciic": "32",
    "cisp": "GOWRN/1",
    "tm": "https://www.trismegistos.org/text/173403",
    "smr": "KK020-060007-",
    "townland": "Gowran",
    "county": "Co. Kilkenny",
    "country": "Ireland",
    "vern": "Gabhrán (ga)",
    "cispUrl": "https://www.ucl.ac.uk/archaeology/cisp/database/stone/GOWRN/1.html",
    "logainm": "https://www.logainm.ie/en/1411890"
   }
  },
  {
   "type": "Feature",
   "id": "I-KIK-008",
   "geometry": {
    "type": "Point",
    "coordinates": [
     -7.163003,
     52.534759
    ]
   },
   "properties": {
    "id": "I-KIK-008",
    "title": "An Liagán | Legan",
    "ciic": "34",
    "cisp": "LEGAN/1",
    "tm": "https://www.trismegistos.org/text/172646",
    "smr": "KK028-026002-",
    "townland": "Legan",
    "county": "Co. Kilkenny",
    "country": "Ireland",
    "vern": "An Liagán (ga)",
    "cispUrl": "https://www.ucl.ac.uk/archaeology/cisp/database/stone/LEGAN/1.html",
    "logainm": "https://www.logainm.ie/en/27341"
   }
  },
  {
   "type": "Feature",
   "id": "I-KIK-009",
   "geometry": {
    "type": "Point",
    "coordinates": [
     -7.129977,
     52.579246
    ]
   },
   "properties": {
    "id": "I-KIK-009",
    "title": "An Tulaigh Thirim | Tullaherin 1",
    "ciic": "35",
    "cisp": "TULHE",
    "tm": "https://www.trismegistos.org/text/172721",
    "townland": "Tullaherin",
    "county": "Co. Kilkenny",
    "country": "Ireland",
    "vern": "An Tulaigh Thirim (ga)",
    "cispUrl": "http://www.ucl.ac.uk/archaeology/cisp/database/site/tulhe.html",
    "logainm": "https://www.logainm.ie/en/27360"
   }
  },
  {
   "type": "Feature",
   "id": "I-KIK-010",
   "geometry": {
    "type": "Point",
    "coordinates": [
     -7.130021,
     52.579246
    ]
   },
   "properties": {
    "id": "I-KIK-010",
    "title": "An Tulaigh Thirim | Tullaherin 2",
    "cisp": "TULHE",
    "townland": "Tullaherin",
    "county": "Co. Kilkenny",
    "country": "Ireland",
    "vern": "An Tulaigh Thirim (ga)",
    "cispUrl": "http://www.ucl.ac.uk/archaeology/cisp/database/site/tulhe.html",
    "logainm": "https://www.logainm.ie/en/27360"
   }
  },
  {
   "type": "Feature",
   "id": "I-KIK-011",
   "geometry": {
    "type": "Point",
    "coordinates": [
     -7.36596,
     52.44656
    ]
   },
   "properties": {
    "id": "I-KIK-011",
    "title": "Lamóg | Lamoge 1",
    "ciic": "36",
    "cisp": "LAMOG/1",
    "tm": "https://www.trismegistos.org/text/172645",
    "townland": "Lamoge",
    "county": "Co. Kilkenny",
    "country": "Ireland",
    "vern": "Lamóg (ga)",
    "cispUrl": "https://www.ucl.ac.uk/archaeology/cisp/database/stone/lamog_1.html",
    "logainm": "https://www.logainm.ie/en/26343"
   }
  },
  {
   "type": "Feature",
   "id": "I-KIK-012",
   "geometry": {
    "type": "Point",
    "coordinates": [
     -7.36596,
     52.44656
    ]
   },
   "properties": {
    "id": "I-KIK-012",
    "title": "Lamóg | Lamoge 2",
    "ciic": "37",
    "cisp": "LAMOG/2",
    "tm": "https://www.trismegistos.org/text/172806",
    "townland": "Lamoge",
    "county": "Co. Kilkenny",
    "country": "Ireland",
    "vern": "Lamóg (ga)",
    "cispUrl": "https://www.ucl.ac.uk/archaeology/cisp/database/stone/lamog_2.html",
    "logainm": "https://www.logainm.ie/en/26343"
   }
  },
  {
   "type": "Feature",
   "id": "I-KIK-013",
   "geometry": {
    "type": "Point",
    "coordinates": [
     -7.222619,
     52.470078
    ]
   },
   "properties": {
    "id": "I-KIK-013",
    "title": "Baile Mhuadáin | Ballyboodan",
    "ciic": "38",
    "cisp": "BALBO/1",
    "tm": "https://www.trismegistos.org/text/172457",
    "townland": "Ballyboodan",
    "county": "Co. Kilkenny",
    "country": "Ireland",
    "vern": "Baile Mhuadáin (ga)",
    "cispUrl": "https://www.ucl.ac.uk/archaeology/cisp/database/stone/balbo_1.html",
    "logainm": "https://www.logainm.ie/en/27279"
   }
  },
  {
   "type": "Feature",
   "id": "I-KIK-014",
   "geometry": {
    "type": "Point",
    "coordinates": [
     -7.0094,
     52.6873
    ]
   },
   "properties": {
    "id": "I-KIK-014",
    "title": "An tSeanchill |Shankill",
    "cisp": "SHANK/1",
    "townland": "Shankill",
    "county": "Co. Kilkenny",
    "country": "Ireland",
    "vern": "An tSeanchill (ga)",
    "repo": "Rothe House Museum",
    "cispUrl": "https://www.ucl.ac.uk/archaeology/cisp/database/stone/shank_1.html",
    "logainm": "https://www.logainm.ie/en/27060"
   }
  },
  {
   "type": "Feature",
   "id": "I-LDY-001",
   "geometry": {
    "type": "Point",
    "coordinates": [
     -6.74001,
     55.11652
    ]
   },
   "properties": {
    "id": "I-LDY-001",
    "title": "Dún Oilí Uachtarach | Dunalis Upper",
    "ciic": "316",
    "cisp": "DUNAL/1",
    "townland": "Dunalis Upper",
    "county": "Co. Derry | Londonderry",
    "country": "Northern Ireland",
    "vern": "Dún Oilí Uachtarach (ga)",
    "cispUrl": "https://www.ucl.ac.uk/archaeology/cisp/database/stone/DUNAL/1.html",
    "logainm": "https://www.logainm.ie/ga/57618"
   }
  },
  {
   "type": "Feature",
   "id": "I-LOU-002",
   "geometry": {
    "type": "Point",
    "coordinates": [
     -6.424458,
     53.986176
    ]
   },
   "properties": {
    "id": "I-LOU-002",
    "title": "Baile Bhalraic | Ballybarrack",
    "cisp": "BALBA/1",
    "smr": "LH007-072006-",
    "townland": "Ballybarrack",
    "county": "Co. Louth",
    "country": "Ireland",
    "vern": "Baile Bhalraic (ga)",
    "repo": "National Museum of Ireland",
    "cispUrl": "https://www.ucl.ac.uk/archaeology/cisp/database/stone/BALBA/1.html",
    "logainm": "https://www.logainm.ie/ga/33821"
   }
  },
  {
   "type": "Feature",
   "id": "I-MAY-001",
   "geometry": {
    "type": "Point",
    "coordinates": [
     -8.799564,
     53.773466
    ]
   },
   "properties": {
    "id": "I-MAY-001",
    "title": "An tOileán | Island",
    "ciic": "3",
    "cisp": "ISLAN/1",
    "tm": "172600",
    "smr": "MA093-038001-",
    "townland": "Island",
    "county": "Co. Mayo",
    "country": "Ireland",
    "vern": "An tOileán (ga)",
    "cispUrl": "https://www.ucl.ac.uk/archaeology/cisp/database/stone/islan_1.html",
    "logainm": "https://www.logainm.ie/ga/36095"
   }
  },
  {
   "type": "Feature",
   "id": "I-MAY-002",
   "geometry": {
    "type": "Point",
    "coordinates": [
     -8.76517,
     53.772989
    ]
   },
   "properties": {
    "id": "I-MAY-002",
    "title": "Cill Mhainín | Kilmannin",
    "ciic": "4",
    "cisp": "KILMA/1",
    "tm": "172630",
    "smr": "MA093-045003-",
    "townland": "Kilmannin (‘Mainín’s church’?)",
    "county": "Co. Mayo",
    "country": "Ireland",
    "vern": "Cill Mhainín (ga)",
    "repo": "National Museum of Ireland",
    "cispUrl": "https://www.ucl.ac.uk/archaeology/cisp/database/stone/kilma_1.html",
    "logainm": "https://www.logainm.ie/ga/36377"
   }
  },
  {
   "type": "Feature",
   "id": "I-MAY-003",
   "geometry": {
    "type": "Point",
    "coordinates": [
     -8.674923,
     53.896213
    ]
   },
   "properties": {
    "id": "I-MAY-003",
    "title": "An Roisín Thiar | Rusheens West",
    "ciic": "5",
    "cisp": "RUSHE/1",
    "smr": "MA073-012----",
    "townland": "Rusheens West",
    "parish": "Kilmovee",
    "county": "Co. Mayo",
    "country": "Ireland",
    "vern": "An Roisín Thiar (ga) | Cill Moibhí (ga)",
    "cispUrl": "https://www.ucl.ac.uk/archaeology/cisp/database/stone/rushe_1.html",
    "logainm": "https://www.logainm.ie/ga/36692"
   }
  },
  {
   "type": "Feature",
   "id": "I-MAY-004",
   "geometry": {
    "type": "Point",
    "coordinates": [
     -8.697455,
     53.726342
    ]
   },
   "properties": {
    "id": "I-MAY-004",
    "title": "An Baile Beag | Ballybeg",
    "ciic": "6",
    "cisp": "TULLA/1",
    "tm": "172720",
    "townland": "Ballybeg",
    "county": "Co. Mayo",
    "country": "Ireland",
    "vern": "An Baile Beag (ga)",
    "cispUrl": "https://www.ucl.ac.uk/archaeology/cisp/database/stone/tulla_1.html",
    "logainm": "https://www.logainm.ie/ga/36181"
   }
  },
  {
   "type": "Feature",
   "id": "I-MAY-005",
   "geometry": {
    "type": "Point",
    "coordinates": [
     -9.078265,
     54.072257
    ]
   },
   "properties": {
    "id": "I-MAY-005",
    "title": "Corr Odhar | Corrower",
    "ciic": "7",
    "cisp": "CORRO/1",
    "tm": "172525",
    "smr": "MA040-048----",
    "townland": "Corrower",
    "county": "Co. Mayo",
    "country": "Ireland",
    "vern": "Corr Odhar (ga)",
    "logainm": "https://www.logainm.ie/ga/34668"
   }
  },
  {
   "type": "Feature",
   "id": "I-MAY-006",
   "geometry": {
    "type": "Point",
    "coordinates": [
     -9.89389,
     53.742054
    ]
   },
   "properties": {
    "id": "I-MAY-006",
    "title": "Dumhach Mhic Eoghain | Dooghmakeon",
    "ciic": "8",
    "cisp": "DOOGH/1",
    "tm": "172543",
    "townland": "Dooghmakeon",
    "county": "Co. Mayo",
    "country": "Ireland",
    "vern": "Dumhach Mhic Eoghain (ga)",
    "logainm": "https://www.logainm.ie/ga/37144"
   }
  },
  {
   "type": "Feature",
   "id": "I-MAY-007",
   "geometry": {
    "type": "Point",
    "coordinates": [
     -9.332316,
     54.257414
    ]
   },
   "properties": {
    "id": "I-MAY-007",
    "title": "Achadh Liag | Aghaleague",
    "ciic": "9",
    "cisp": "AGHAL/1",
    "tm": "172432",
    "smr": "MA014-101----",
    "townland": "Aghaleague",
    "county": "Co. Mayo",
    "country": "Ireland",
    "vern": "Achadh Liag (ga)",
    "logainm": "https://www.logainm.ie/ga/34228"
   }
  },
  {
   "type": "Feature",
   "id": "I-MAY-008",
   "geometry": {
    "type": "Point",
    "coordinates": [
     -9.25363,
     54.246449
    ]
   },
   "properties": {
    "id": "I-MAY-008",
    "title": "Bréisteach | Breastagh",
    "ciic": "10",
    "cisp": "BREAS/1",
    "tm": "172479",
    "smr": "MA015-018001-",
    "townland": "Breastagh",
    "county": "Co. Mayo",
    "country": "Ireland",
    "vern": "Bréisteach (ga)",
    "logainm": "https://www.logainm.ie/ga/34606"
   }
  },
  {
   "type": "Feature",
   "id": "I-MAY-009",
   "geometry": {
    "type": "Point",
    "coordinates": [
     -10.083446,
     54.208993
    ]
   },
   "properties": {
    "id": "I-MAY-009",
    "title": "Mainistir na Croise | Cross Abbey",
    "smr": "MA016-004004-",
    "townland": "Cross (Boyd)",
    "county": "Co. Mayo",
    "country": "Ireland",
    "vern": "Mainistir na Croise (ga) | An Chrois (ga)",
    "logainm": "https://www.logainm.ie/ga/1399343"
   }
  },
  {
   "type": "Feature",
   "id": "I-MAY-010",
   "geometry": {
    "type": "Point",
    "coordinates": [
     -9.027587,
     54.089953
    ]
   },
   "properties": {
    "id": "I-MAY-010",
    "title": "Cill na nGarbhán | Kilgarvan",
    "cisp": "KILGA/1",
    "smr": "MA040-031004-",
    "townland": "Kilgarvan",
    "county": "Co. Mayo",
    "country": "Ireland",
    "vern": "Cill na nGarbhán (ga)",
    "logainm": "https://www.logainm.ie/ga/34677"
   }
  },
  {
   "type": "Feature",
   "id": "I-MAY-X02",
   "geometry": {
    "type": "Point",
    "coordinates": [
     -10.202474,
     53.968912
    ]
   },
   "properties": {
    "id": "I-MAY-X02",
    "title": "An Caol Thiar | Keel West",
    "cisp": "KEELW/1",
    "townland": "Keel West",
    "county": "Co. Mayo",
    "country": "Ireland",
    "vern": "An Caol Thiar (ga)",
    "repo": "National Museum of Ireland",
    "cispUrl": "https://www.ucl.ac.uk/archaeology/cisp/database/stone/keelw_1.html",
    "logainm": "https://www.logainm.ie/ga/37548"
   }
  },
  {
   "type": "Feature",
   "id": "I-MEA-001",
   "geometry": {
    "type": "Point",
    "coordinates": [
     -6.565704,
     53.667656
    ]
   },
   "properties": {
    "id": "I-MEA-001",
    "title": "Baile Phaghain | Painestown",
    "ciic": "40",
    "cisp": "PAINT/1",
    "tm": "https://www.trismegistos.org/text/172672",
    "townland": "Painestown",
    "county": "Co. Meath",
    "country": "Ireland",
    "vern": "Baile Phaghain (ga)",
    "repo": "National Museum of Ireland",
    "cispUrl": "https://www.ucl.ac.uk/archaeology/cisp/database/stone/paint_1.html",
    "logainm": "https://www.logainm.ie/ga/38701"
   }
  },
  {
   "type": "Feature",
   "id": "I-MEA-003",
   "geometry": {
    "type": "Point",
    "coordinates": [
     -6.75564,
     53.81765
    ]
   },
   "properties": {
    "id": "I-MEA-003",
    "title": "Moynagh Lough",
    "smr": "ME005-088001-",
    "townland": "Brittas",
    "county": "Co. Meath",
    "country": "Ireland",
    "vern": "An Briotás (ga)",
    "repo": "National Museum of Ireland",
    "logainm": "https://www.logainm.ie/ga/38158"
   }
  },
  {
   "type": "Feature",
   "id": "I-MEA-004",
   "geometry": {
    "type": "Point",
    "coordinates": [
     -6.476,
     53.694
    ]
   },
   "properties": {
    "id": "I-MEA-004",
    "title": "Sí an Bhrú | Newgrange",
    "townland": "Newgrange",
    "county": "Co. Meath",
    "country": "Ireland",
    "vern": "An Ghráinseach Nua (ga)",
    "repo": "National Museum of Ireland",
    "logainm": "https://www.logainm.ie/en/38473"
   }
  },
  {
   "type": "Feature",
   "id": "I-OFF-001",
   "geometry": {
    "type": "Point",
    "coordinates": [
     -7.98755,
     53.32577
    ]
   },
   "properties": {
    "id": "I-OFF-001",
    "title": "Cluain Mhic Nóis | Clonmacnoise",
    "ciic": "749",
    "cisp": "CLMAC/152",
    "smr": "OF005-023018-",
    "townland": "Clonmacnoise",
    "county": "Co. Offaly",
    "country": "Ireland",
    "vern": "Cluain Mhic Nóis (ga)",
    "logainm": "https://www.logainm.ie/en/41215"
   }
  },
  {
   "type": "Feature",
   "id": "I-OFF-002",
   "geometry": {
    "type": "Point",
    "coordinates": [
     -7.67659,
     53.40075
    ]
   },
   "properties": {
    "id": "I-OFF-002",
    "title": "Baile na hInse | Ballynahinch (Ballinderry Crannóg)",
    "smr": "OF001-001----",
    "townland": "Ballinahinch",
    "county": "Co. Offaly",
    "country": "Ireland",
    "vern": "Baile na hInse (ga)",
    "repo": "National Museum of Ireland",
    "logainm": "https://www.logainm.ie/en/42122"
   }
  },
  {
   "type": "Feature",
   "id": "I-OFF-005",
   "geometry": {
    "type": "Point",
    "coordinates": [
     -7.731,
     53.302
    ]
   },
   "properties": {
    "id": "I-OFF-005",
    "title": "An Liath Beag | Leabeg",
    "townland": "Leabeg",
    "county": "Co. Offaly",
    "country": "Ireland",
    "vern": "An Liath Beag (ga)",
    "repo": "National Museum of Ireland",
    "logainm": "https://www.logainm.ie/en/41148"
   }
  },
  {
   "type": "Feature",
   "id": "I-ROS-001",
   "geometry": {
    "type": "Point",
    "coordinates": [
     -8.369948,
     53.834347
    ]
   },
   "properties": {
    "id": "I-ROS-001",
    "title": "An Dromainn | Drummin 1",
    "ciic": "11",
    "cisp": "DRUMM/1",
    "tm": "https://www.trismegistos.org/text/172550",
    "townland": "Drummin",
    "county": "Co. Roscommon",
    "country": "Ireland",
    "vern": "An Dromainn (ga)",
    "cispUrl": "https://www.ucl.ac.uk/archaeology/cisp/database/stone/drumm_1.html",
    "logainm": "https://www.logainm.ie/ga/43413"
   }
  },
  {
   "type": "Feature",
   "id": "I-ROS-002",
   "geometry": {
    "type": "Point",
    "coordinates": [
     -8.369956,
     53.834307
    ]
   },
   "properties": {
    "id": "I-ROS-002",
    "title": "An Dromainn | Drummin 2",
    "townland": "Drummin",
    "county": "Co. Roscommon",
    "country": "Ireland",
    "vern": "An Dromainn (ga)",
    "logainm": "https://www.logainm.ie/ga/43413"
   }
  },
  {
   "type": "Feature",
   "id": "I-ROS-003",
   "geometry": {
    "type": "Point",
    "coordinates": [
     -8.310569,
     53.797308
    ]
   },
   "properties": {
    "id": "I-ROS-003",
    "title": "Ráth Cruachan | Rathcroghan 1",
    "ciic": "12",
    "cisp": "RCROG/1",
    "tm": "https://www.trismegistos.org/text/172680",
    "townland": "Glenballythomas",
    "county": "Co. Roscommon",
    "country": "Ireland",
    "vern": "Ráth Cruachan (sga)",
    "cispUrl": "https://www.ucl.ac.uk/archaeology/cisp/database/stone/rcrog_1.html",
    "logainm": "https://www.logainm.ie/en/110097"
   }
  },
  {
   "type": "Feature",
   "id": "I-ROS-004",
   "geometry": {
    "type": "Point",
    "coordinates": [
     -8.310569,
     53.797308
    ]
   },
   "properties": {
    "id": "I-ROS-004",
    "title": "Ráth Cruachan | Rathcroghan 2",
    "ciic": "13",
    "cisp": "RCROG/2",
    "tm": "https://www.trismegistos.org/text/172814",
    "townland": "Glenballythomas",
    "county": "Co. Roscommon",
    "country": "Ireland",
    "vern": "Ráth Cruachan (sga)",
    "cispUrl": "https://www.ucl.ac.uk/archaeology/cisp/database/stone/rcrog_2.html",
    "logainm": "https://www.logainm.ie/en/110097"
   }
  },
  {
   "type": "Feature",
   "id": "I-TIP-X01",
   "geometry": {
    "type": "Point",
    "coordinates": [
     -7.661,
     52.673
    ]
   },
   "properties": {
    "id": "I-TIP-X01",
    "title": "Liath | Leigh",
    "townland": "Leigh",
    "county": "Co. Tipperary",
    "country": "Ireland",
    "vern": "Liath (ga)",
    "repo": "National Museum of Ireland",
    "logainm": "https://www.logainm.ie/en/47322"
   }
  },
  {
   "type": "Feature",
   "id": "I-TYR-001",
   "geometry": {
    "type": "Point",
    "coordinates": [
     -7.042515,
     54.699406
    ]
   },
   "properties": {
    "id": "I-TYR-001",
    "title": "Achadh Scríobach | Aghascrebagh",
    "ciic": "317",
    "cisp": "AGHAS/1",
    "townland": "Aghascrebagh",
    "county": "Co. Tyrone",
    "country": "Northern Ireland",
    "vern": "Achadh Scríobach (ga)",
    "cispUrl": "https://www.ucl.ac.uk/archaeology/cisp/database/stone/AGHAS/1.html"
   }
  },
  {
   "type": "Feature",
   "id": "I-WAT-001",
   "geometry": {
    "type": "Point",
    "coordinates": [
     -7.99903,
     52.20345
    ]
   },
   "properties": {
    "id": "I-WAT-001",
    "title": "Suí Mochuda | Seemochuda",
    "ciic": "262",
    "cisp": "SCHUD/1",
    "tm": "www.trismegistos.org/text/172697",
    "smr": "WA011-003001-",
    "townland": "Seemochuda",
    "county": "Co. Waterford",
    "country": "Ireland",
    "vern": "Suí Mochuda (ga)",
    "repo": "University College Cork",
    "cispUrl": "https://www.ucl.ac.uk/archaeology/cisp/database/stone/SCHUD/1.html",
    "logainm": "https://www.logainm.ie/ga/50003"
   }
  },
  {
   "type": "Feature",
   "id": "I-WAT-002",
   "geometry": {
    "type": "Point",
    "coordinates": [
     -7.725633,
     51.948696
    ]
   },
   "properties": {
    "id": "I-WAT-002",
    "title": "Aird Mhór | Ardmore 1",
    "ciic": "263",
    "cisp": "AMORE/1",
    "smr": "WA040-008005-",
    "townland": "Ardocheasty",
    "county": "Co. Waterford",
    "country": "Ireland",
    "vern": "Aird Mhór (ga) | Ard Ó Séasta (ga)",
    "logainm": "https://www.logainm.ie/ga/2367"
   }
  },
  {
   "type": "Feature",
   "id": "I-WAT-003",
   "geometry": {
    "type": "Point",
    "coordinates": [
     -7.726118,
     51.948819
    ]
   },
   "properties": {
    "id": "I-WAT-003",
    "title": "Aird Mhór | Ardmore 2",
    "ciic": "264",
    "cisp": "AMORE/2",
    "smr": "WA040-008006-",
    "townland": "Ardocheasty",
    "county": "Co. Waterford",
    "country": "Ireland",
    "vern": "Aird Mhór (ga) | Ard Ó Séasta (ga)",
    "repo": "National Museum of Ireland",
    "logainm": "https://www.logainm.ie/ga/2367"
   }
  },
  {
   "type": "Feature",
   "id": "I-WAT-004",
   "geometry": {
    "type": "Point",
    "coordinates": [
     -7.72592,
     51.94853
    ]
   },
   "properties": {
    "id": "I-WAT-004",
    "title": "Aird Mhór | Ardmore 3",
    "ciic": "265",
    "cisp": "AMORE/3",
    "smr": "WA040-008007-",
    "townland": "Ardocheasty",
    "county": "Co. Waterford",
    "country": "Ireland",
    "vern": "Aird Mhór (ga) | Ard Ó Séasta (ga)",
    "logainm": "https://www.logainm.ie/ga/2367"
   }
  },
  {
   "type": "Feature",
   "id": "I-WAT-005",
   "geometry": {
    "type": "Point",
    "coordinates": [
     -7.8477,
     52.0743
    ]
   },
   "properties": {
    "id": "I-WAT-005",
    "title": "An Drom Mór | Dromore 1 (Cill Tíre)",
    "ciic": "266",
    "cisp": "DROMR/1",
    "smr": "WA029-042003-",
    "townland": "Dromore",
    "county": "Co. Waterford",
    "country": "Ireland",
    "vern": "Cill Tíre (ga) | An Drom Mór (ga)",
    "logainm": "https://www.logainm.ie/en/1421662"
   }
  },
  {
   "type": "Feature",
   "id": "I-WAT-006",
   "geometry": {
    "type": "Point",
    "coordinates": [
     -7.8477,
     52.0743
    ]
   },
   "properties": {
    "id": "I-WAT-006",
    "title": "An Drom Mór | Dromore 2 (Cill Tíre)",
    "ciic": "267",
    "cisp": "DROMR/2",
    "smr": "WA029-042006-",
    "townland": "Dromore",
    "county": "Co. Waterford",
    "country": "Ireland",
    "vern": "Cill Tíre (ga) | An Drom Mór (ga)",
    "logainm": "https://www.logainm.ie/en/1421662"
   }
  },
  {
   "type": "Feature",
   "id": "I-WAT-007",
   "geometry": {
    "type": "Point",
    "coordinates": [
     -7.8477,
     52.0743
    ]
   },
   "properties": {
    "id": "I-WAT-007",
    "title": "An Drom Mór | Dromore 3 (Cill Tíre)",
    "ciic": "268",
    "cisp": "DROMR/3",
    "smr": "WA029-042010-",
    "townland": "Dromore",
    "county": "Co. Waterford",
    "country": "Ireland",
    "vern": "Cill Tíre (ga) | An Drom Mór (ga)",
    "repo": "National Museum of Ireland",
    "logainm": "https://www.logainm.ie/en/1421662"
   }
  },
  {
   "type": "Feature",
   "id": "I-WAT-008",
   "geometry": {
    "type": "Point",
    "coordinates": [
     -7.75392,
     51.9801
    ]
   },
   "properties": {
    "id": "I-WAT-008",
    "title": "Ceathrú an Teampaill | Mill and Churchquarter (Grange)",
    "ciic": "269",
    "cisp": "GRANG/1",
    "tm": "www.trismegistos.org/text/172584",
    "townland": "Mill and Churchquarter",
    "parish": "Lisgenan or Grange parish",
    "county": "Co. Waterford",
    "country": "Ireland",
    "vern": "Ceathrú an Teampaill (ga)",
    "cispUrl": "https://www.ucl.ac.uk/archaeology/cisp/database/stone/grang_1.html",
    "logainm": "https://www.logainm.ie/en/50638"
   }
  },
  {
   "type": "Feature",
   "id": "I-WAT-009",
   "geometry": {
    "type": "Point",
    "coordinates": [
     -7.449916,
     52.133213
    ]
   },
   "properties": {
    "id": "I-WAT-009",
    "title": "An tSráidbhaile Mór | Stradbally More 1",
    "ciic": "270",
    "cisp": "BLVOO/1",
    "tm": "www.trismegistos.org/text/172469",
    "smr": "WA024-061002-",
    "townland": "Stradbally More",
    "county": "Co. Waterford",
    "country": "Ireland",
    "vern": "An tSráidbhaile Mór (ga)",
    "cispUrl": "https://www.ucl.ac.uk/archaeology/cisp/database/stone/BLVOO/1.html",
    "logainm": "https://www.logainm.ie/ga/49850"
   }
  },
  {
   "type": "Feature",
   "id": "I-WAT-010",
   "geometry": {
    "type": "Point",
    "coordinates": [
     -7.449916,
     52.133213
    ]
   },
   "properties": {
    "id": "I-WAT-010",
    "title": "An tSráidbhaile Mór | Stradbally More 2",
    "ciic": "271",
    "cisp": "BLVOO/2",
    "tm": "https://www.trismegistos.org/text/172785",
    "smr": "WA024-061003-",
    "townland": "Stradbally More",
    "county": "Co. Waterford",
    "country": "Ireland",
    "vern": "An tSráidbhaile Mór (ga)",
    "cispUrl": "https://www.ucl.ac.uk/archaeology/cisp/database/stone/BLVOO/2.html",
    "logainm": "https://www.logainm.ie/ga/49850"
   }
  },
  {
   "type": "Feature",
   "id": "I-WAT-011",
   "geometry": {
    "type": "Point",
    "coordinates": [
     -7.465345,
     52.163305
    ]
   },
   "properties": {
    "id": "I-WAT-011",
    "title": "Drom Lócháin | Drumlohan 1",
    "ciic": "272",
    "cisp": "DRUML/1",
    "tm": "https://www.trismegistos.org/text/172549",
    "smr": "WA024-033006-",
    "townland": "Drumlohan",
    "county": "Co. Waterford",
    "country": "Ireland",
    "vern": "Drom Lócháin (ga)",
    "cispUrl": "https://www.ucl.ac.uk/archaeology/cisp/database/stone/druml_1.html",
    "logainm": "https://www.logainm.ie/ga/49746"
   }
  },
  {
   "type": "Feature",
   "id": "I-WAT-012",
   "geometry": {
    "type": "Point",
    "coordinates": [
     -7.465327,
     52.163279
    ]
   },
   "properties": {
    "id": "I-WAT-012",
    "title": "Drom Lócháin | Drumlohan 2",
    "ciic": "273",
    "cisp": "DRUML/2/1",
    "tm": "www.trismegistos.org/text/173007",
    "smr": "WA024-033007-",
    "townland": "Drumlohan",
    "county": "Co. Waterford",
    "country": "Ireland",
    "vern": "Drom Lócháin (ga)",
    "cispUrl": "https://www.ucl.ac.uk/archaeology/cisp/database/stone/druml_2.html",
    "logainm": "https://www.logainm.ie/ga/49746"
   }
  },
  {
   "type": "Feature",
   "id": "I-WAT-013",
   "geometry": {
    "type": "Point",
    "coordinates": [
     -7.465337,
     52.163276
    ]
   },
   "properties": {
    "id": "I-WAT-013",
    "title": "Drom Lócháin | Drumlohan 3",
    "ciic": "274",
    "cisp": "DRUML/3",
    "tm": "www.trismegistos.org/text/173008",
    "smr": "WA024-033008-",
    "townland": "Drumlohan",
    "county": "Co. Waterford",
    "country": "Ireland",
    "vern": "Drom Lócháin (ga)",
    "cispUrl": "https://www.ucl.ac.uk/archaeology/cisp/database/stone/druml_3.html",
    "logainm": "https://www.logainm.ie/ga/49746"
   }
  },
  {
   "type": "Feature",
   "id": "I-WAT-014",
   "geometry": {
    "type": "Point",
    "coordinates": [
     -7.465364,
     52.163299
    ]
   },
   "properties": {
    "id": "I-WAT-014",
    "title": "Drom Lócháin | Drumlohan 4",
    "ciic": "275",
    "cisp": "DRUML/4",
    "tm": "https://www.trismegistos.org/text/173009",
    "smr": "WA024-033009-",
    "townland": "Drumlohan",
    "county": "Co. Waterford",
    "country": "Ireland",
    "vern": "Drom Lócháin (ga)",
    "cispUrl": "https://www.ucl.ac.uk/archaeology/cisp/database/stone/druml_4.html",
    "logainm": "https://www.logainm.ie/ga/49746"
   }
  },
  {
   "type": "Feature",
   "id": "I-WAT-015",
   "geometry": {
    "type": "Point",
    "coordinates": [
     -7.465351,
     52.163271
    ]
   },
   "properties": {
    "id": "I-WAT-015",
    "title": "Drom Lócháin | Drumlohan 5",
    "ciic": "276",
    "cisp": "DRUML/5",
    "tm": "www.trismegistos.org/text/173010",
    "smr": "WA024-033010-",
    "townland": "Drumlohan",
    "county": "Co. Waterford",
    "country": "Ireland",
    "vern": "Drom Lócháin (ga)",
    "cispUrl": "https://www.ucl.ac.uk/archaeology/cisp/database/stone/druml_5.html",
    "logainm": "https://www.logainm.ie/ga/49746"
   }
  },
  {
   "type": "Feature",
   "id": "I-WAT-016",
   "geometry": {
    "type": "Point",
    "coordinates": [
     -7.46533,
     52.163291
    ]
   },
   "properties": {
    "id": "I-WAT-016",
    "title": "Drom Lócháin | Drumlohan 6",
    "ciic": "277",
    "cisp": "DRUML/6",
    "tm": "www.trismegistos.org/text/173011",
    "smr": "WA024-033011-",
    "townland": "Drumlohan",
    "county": "Co. Waterford",
    "country": "Ireland",
    "vern": "Drom Lócháin (ga)",
    "cispUrl": "https://www.ucl.ac.uk/archaeology/cisp/database/stone/druml_6.html",
    "logainm": "https://www.logainm.ie/ga/49746"
   }
  },
  {
   "type": "Feature",
   "id": "I-WAT-017",
   "geometry": {
    "type": "Point",
    "coordinates": [
     -7.465341,
     52.163287
    ]
   },
   "properties": {
    "id": "I-WAT-017",
    "title": "Drom Lócháin | Drumlohan 7",
    "ciic": "278",
    "cisp": "DRUML/7",
    "tm": "https://www.trismegistos.org/text/173012",
    "smr": "WA024-033012-",
    "townland": "Drumlohan",
    "county": "Co. Waterford",
    "country": "Ireland",
    "vern": "Drom Lócháin (ga)",
    "cispUrl": "https://www.ucl.ac.uk/archaeology/cisp/database/stone/druml_7.html",
    "logainm": "https://www.logainm.ie/ga/49746"
   }
  },
  {
   "type": "Feature",
   "id": "I-WAT-018",
   "geometry": {
    "type": "Point",
    "coordinates": [
     -7.465359,
     52.16328
    ]
   },
   "properties": {
    "id": "I-WAT-018",
    "title": "Drom Lócháin | Drumlohan 8",
    "ciic": "279",
    "cisp": "DRUML/8",
    "tm": "https://www.trismegistos.org/text/173013",
    "smr": "WA024-033013-",
    "townland": "Drumlohan",
    "county": "Co. Waterford",
    "country": "Ireland",
    "vern": "Drom Lócháin (ga)",
    "cispUrl": "https://www.ucl.ac.uk/archaeology/cisp/database/stone/druml_8.html",
    "logainm": "https://www.logainm.ie/ga/49746"
   }
  },
  {
   "type": "Feature",
   "id": "I-WAT-019",
   "geometry": {
    "type": "Point",
    "coordinates": [
     -7.465332,
     52.1633
    ]
   },
   "properties": {
    "id": "I-WAT-019",
    "title": "Drom Lócháin | Drumlohan 9",
    "ciic": "280",
    "cisp": "DRUML/9",
    "tm": "https://www.trismegistos.org/text/173014",
    "smr": "WA024-033014-",
    "townland": "Drumlohan",
    "county": "Co. Waterford",
    "country": "Ireland",
    "vern": "Drom Lócháin (ga)",
    "cispUrl": "https://www.ucl.ac.uk/archaeology/cisp/database/stone/druml_9.html",
    "logainm": "https://www.logainm.ie/ga/49746"
   }
  },
  {
   "type": "Feature",
   "id": "I-WAT-020",
   "geometry": {
    "type": "Point",
    "coordinates": [
     -7.465345,
     52.163296
    ]
   },
   "properties": {
    "id": "I-WAT-020",
    "title": "Drom Lócháin | Drumlohan 10",
    "ciic": "281",
    "cisp": "DRUML/10",
    "tm": "https://www.trismegistos.org/text/173014",
    "smr": "WA024-033015-",
    "townland": "Drumlohan",
    "county": "Co. Waterford",
    "country": "Ireland",
    "vern": "Drom Lócháin (ga)",
    "cispUrl": "https://www.ucl.ac.uk/archaeology/cisp/database/stone/druml_10.html",
    "logainm": "https://www.logainm.ie/ga/49746"
   }
  },
  {
   "type": "Feature",
   "id": "I-WAT-021",
   "geometry": {
    "type": "Point",
    "coordinates": [
     -7.50168,
     52.15361
    ]
   },
   "properties": {
    "id": "I-WAT-021",
    "title": "An Baile Beag | Fox’s Castle",
    "ciic": "282",
    "cisp": "FOXCA/1",
    "smr": "WA024-080002-",
    "townland": "Fox’s Castle",
    "county": "Co. Waterford",
    "country": "Ireland",
    "vern": "An Baile Beag (ga)",
    "repo": "National Museum of Ireland",
    "logainm": "https://www.logainm.ie/ga/49749"
   }
  },
  {
   "type": "Feature",
   "id": "I-WAT-024",
   "geometry": {
    "type": "Point",
    "coordinates": [
     -7.316,
     52.164
    ]
   },
   "properties": {
    "id": "I-WAT-024",
    "title": "An Chill Bheag | Kilbeg",
    "ciic": "285",
    "cisp": "KLBEG/1",
    "smr": "WA025-078----",
    "townland": "Kilbeg",
    "parish": "​Kilbarrymeaden/",
    "county": "Co. Waterford",
    "country": "Ireland",
    "vern": "An Chill Bheag (ga) | Cill Bhairméidín (ga)",
    "repo": "National Museum of Ireland",
    "logainm": "https://www.logainm.ie/ga/49777"
   }
  },
  {
   "type": "Feature",
   "id": "I-WAT-025",
   "geometry": {
    "type": "Point",
    "coordinates": [
     -7.549858,
     52.089906
    ]
   },
   "properties": {
    "id": "I-WAT-025",
    "title": "Cill Ghruabháin | Kilgrovan 1",
    "ciic": "286",
    "cisp": "KLGRV/1",
    "smr": "WA031-045002-",
    "townland": "Kilgrovan",
    "county": "Co. Waterford",
    "country": "Ireland",
    "vern": "Cill Ghruabháin (ga)",
    "repo": "Mount Mellary Abbey Heritage Center",
    "logainm": "https://www.logainm.ie/ga/49368"
   }
  },
  {
   "type": "Feature",
   "id": "I-WAT-030",
   "geometry": {
    "type": "Point",
    "coordinates": [
     -7.5498,
     52.0899
    ]
   },
   "properties": {
    "id": "I-WAT-030",
    "title": "Cill Ghruabháin | Kilgrovan 6",
    "cisp": "KLGRV/6",
    "smr": "WA031-045008-",
    "townland": "Kilgrovan",
    "county": "Co. Waterford",
    "country": "Ireland",
    "vern": "Cill Ghruabháin (ga)",
    "repo": "National Museum of Ireland",
    "logainm": "https://www.logainm.ie/ga/49368"
   }
  },
  {
   "type": "Feature",
   "id": "I-WAT-031",
   "geometry": {
    "type": "Point",
    "coordinates": [
     -7.549858,
     52.089906
    ]
   },
   "properties": {
    "id": "I-WAT-031",
    "title": "Cill Ghruabháin | Kilgrovan 7",
    "smr": "WA031-045015-",
    "townland": "Kilgrovan",
    "county": "Co. Waterford",
    "country": "Ireland",
    "vern": "Cill Ghruabháin (ga)",
    "repo": "National Museum of Ireland",
    "logainm": "https://www.logainm.ie/ga/49368"
   }
  },
  {
   "type": "Feature",
   "id": "I-WAT-033",
   "geometry": {
    "type": "Point",
    "coordinates": [
     -7.684811,
     52.194752
    ]
   },
   "properties": {
    "id": "I-WAT-033",
    "title": "An Cnoc Buí | Knockboy 1",
    "ciic": "292",
    "cisp": "KNBOY/1",
    "tm": "www.trismegistos.org/text/172699",
    "smr": "WA013-034006-",
    "townland": "Knockboy",
    "county": "Co. Waterford",
    "country": "Ireland",
    "vern": "An Cnoc Buí (ga)",
    "cispUrl": "https://www.ucl.ac.uk/archaeology/cisp/database/stone/knboy_1.html",
    "logainm": "https://www.logainm.ie/en/49621"
   }
  },
  {
   "type": "Feature",
   "id": "I-WAT-034",
   "geometry": {
    "type": "Point",
    "coordinates": [
     -7.684797,
     52.194685
    ]
   },
   "properties": {
    "id": "I-WAT-034",
    "title": "An Cnoc Buí | Knockboy 2",
    "ciic": "293",
    "cisp": "KNBOY/2",
    "tm": "www.trismegistos.org/text/172967",
    "smr": "WA013-034007-",
    "townland": "Knockboy",
    "county": "Co. Waterford",
    "country": "Ireland",
    "vern": "An Cnoc Buí (ga)",
    "cispUrl": "https://www.ucl.ac.uk/archaeology/cisp/database/stone/knboy_2.html",
    "logainm": "https://www.logainm.ie/en/49621"
   }
  },
  {
   "type": "Feature",
   "id": "I-WAT-035",
   "geometry": {
    "type": "Point",
    "coordinates": [
     -7.684797,
     52.194685
    ]
   },
   "properties": {
    "id": "I-WAT-035",
    "title": "An Cnoc Buí | Knockboy 3",
    "ciic": "294",
    "cisp": "KNBOY/3",
    "tm": "www.trismegistos.org/text/172972",
    "smr": "WA013-034008-",
    "townland": "Knockboy",
    "county": "Co. Waterford",
    "country": "Ireland",
    "vern": "An Cnoc Buí (ga)",
    "cispUrl": "https://www.ucl.ac.uk/archaeology/cisp/database/stone/knboy_3.html",
    "logainm": "https://www.logainm.ie/en/49621"
   }
  },
  {
   "type": "Feature",
   "id": "I-WAT-036",
   "geometry": {
    "type": "Point",
    "coordinates": [
     -7.684959,
     52.194671
    ]
   },
   "properties": {
    "id": "I-WAT-036",
    "title": "An Cnoc Buí | Knockboy 4",
    "ciic": "295",
    "cisp": "KNBOY/4",
    "tm": "https://www.trismegistos.org/text/172977",
    "smr": "WA013-034009-",
    "townland": "Knockboy",
    "county": "Co. Waterford",
    "country": "Ireland",
    "vern": "An Cnoc Buí (ga)",
    "cispUrl": "https://www.ucl.ac.uk/archaeology/cisp/database/stone/knboy_4.html",
    "logainm": "https://www.logainm.ie/en/49621"
   }
  },
  {
   "type": "Feature",
   "id": "I-WAT-037",
   "geometry": {
    "type": "Point",
    "coordinates": [
     -7.685088,
     52.194699
    ]
   },
   "properties": {
    "id": "I-WAT-037",
    "title": "An Cnoc Buí | Knockboy 5",
    "ciic": "296",
    "cisp": "KNBOY/5",
    "tm": "https://www.trismegistos.org/text/172982",
    "smr": "WA013-034010-",
    "townland": "Knockboy",
    "county": "Co. Waterford",
    "country": "Ireland",
    "vern": "An Cnoc Buí (ga)",
    "cispUrl": "https://www.ucl.ac.uk/archaeology/cisp/database/stone/knboy_5.html",
    "logainm": "https://www.logainm.ie/en/49621"
   }
  },
  {
   "type": "Feature",
   "id": "I-WAT-038",
   "geometry": {
    "type": "Point",
    "coordinates": [
     -7.685088,
     52.194699
    ]
   },
   "properties": {
    "id": "I-WAT-038",
    "title": "An Cnoc Buí | Knockboy 6",
    "ciic": "297",
    "cisp": "KNBOY/6",
    "tm": "https://www.trismegistos.org/text/172987",
    "smr": "WA013-034014-",
    "townland": "Knockboy",
    "county": "Co. Waterford",
    "country": "Ireland",
    "vern": "An Cnoc Buí (ga)",
    "cispUrl": "https://www.ucl.ac.uk/archaeology/cisp/database/stone/knboy_6.html",
    "logainm": "https://www.logainm.ie/en/49621"
   }
  },
  {
   "type": "Feature",
   "id": "I-WAT-039",
   "geometry": {
    "type": "Point",
    "coordinates": [
     -7.685075,
     52.194723
    ]
   },
   "properties": {
    "id": "I-WAT-039",
    "title": "An Cnoc Buí | Knockboy 7",
    "ciic": "298",
    "cisp": "KNBOY/7",
    "tm": "https://www.trismegistos.org/text/172992",
    "smr": "WA013-034005-",
    "townland": "Knockboy",
    "county": "Co. Waterford",
    "country": "Ireland",
    "vern": "An Cnoc Buí (ga)",
    "cispUrl": "https://www.ucl.ac.uk/archaeology/cisp/database/stone/knboy_7.html",
    "logainm": "https://www.logainm.ie/en/49621"
   }
  },
  {
   "type": "Feature",
   "id": "I-WAT-040",
   "geometry": {
    "type": "Point",
    "coordinates": [
     -7.685,
     52.1947
    ]
   },
   "properties": {
    "id": "I-WAT-040",
    "title": "An Cnoc Buí | Knockboy 8",
    "ciic": "299",
    "cisp": "KNBOY/8",
    "tm": "https://www.trismegistos.org/text/172997",
    "smr": "WA013-034015-",
    "townland": "Knockboy",
    "county": "Co. Waterford",
    "country": "Ireland",
    "vern": "An Cnoc Buí (ga)",
    "cispUrl": "https://www.ucl.ac.uk/archaeology/cisp/database/stone/KNBOY/8.html",
    "logainm": "https://www.logainm.ie/en/49621"
   }
  },
  {
   "type": "Feature",
   "id": "I-WAT-041",
   "geometry": {
    "type": "Point",
    "coordinates": [
     -7.684895,
     52.194667
    ]
   },
   "properties": {
    "id": "I-WAT-041",
    "title": "An Cnoc Buí | Knockboy 9",
    "townland": "Knockboy",
    "county": "Co. Waterford",
    "country": "Ireland",
    "vern": "An Cnoc Buí (ga)",
    "repo": "National Museum of Ireland",
    "logainm": "https://www.logainm.ie/en/49621"
   }
  },
  {
   "type": "Feature",
   "id": "I-WAT-042",
   "geometry": {
    "type": "Point",
    "coordinates": [
     -7.4816,
     52.1138
    ]
   },
   "properties": {
    "id": "I-WAT-042",
    "title": "An tOileán | Island",
    "ciic": "300",
    "cisp": "OLDIS/1",
    "smr": "WA032-029002",
    "townland": "Island",
    "county": "Co. Waterford",
    "country": "Ireland",
    "vern": "An tOileán (ga)",
    "logainm": "https://www.logainm.ie/en/49839"
   }
  },
  {
   "type": "Feature",
   "id": "I-WAT-048",
   "geometry": {
    "type": "Point",
    "coordinates": [
     -7.49245,
     52.34163
    ]
   },
   "properties": {
    "id": "I-WAT-048",
    "title": "Bearna na Gaoithe | Windgap",
    "ciic": "307",
    "cisp": "WINDG/1",
    "tm": "https://www.trismegistos.org/text/172728",
    "townland": "Windgap",
    "county": "Co. Waterford",
    "country": "Ireland",
    "vern": "Bearna na Gaoithe (ga)",
    "cispUrl": "https://www.ucl.ac.uk/archaeology/cisp/database/stone/windg_1.html",
    "logainm": "https://www.logainm.ie/en/49060"
   }
  },
  {
   "type": "Feature",
   "id": "I-WAT-049",
   "geometry": {
    "type": "Point",
    "coordinates": [
     -7.35436,
     52.137783
    ]
   },
   "properties": {
    "id": "I-WAT-049",
    "title": "Cnocán Machan | Knockmahon 1",
    "townland": "Knockmahon",
    "county": "Co. Waterford",
    "country": "Ireland",
    "vern": "Cnocán Machan (ga)",
    "logainm": "https://www.logainm.ie/en/49802"
   }
  },
  {
   "type": "Feature",
   "id": "I-WAT-050",
   "geometry": {
    "type": "Point",
    "coordinates": [
     -7.35436,
     52.137783
    ]
   },
   "properties": {
    "id": "I-WAT-050",
    "title": "Cnocán Machan | Knockmahon 2",
    "townland": "Knockmahon",
    "county": "Co. Waterford",
    "country": "Ireland",
    "vern": "Cnocán Machan (ga)",
    "logainm": "https://www.logainm.ie/en/49802"
   }
  },
  {
   "type": "Feature",
   "id": "I-WEX-003",
   "geometry": {
    "type": "Point",
    "coordinates": [
     -6.8894,
     52.1514
    ]
   },
   "properties": {
    "id": "I-WEX-003",
    "title": "Geata an Phóirtéaraigh | Portersgate",
    "ciic": "46",
    "cisp": "HLAND/1",
    "tm": "172590",
    "smr": "WX054-004----",
    "townland": "Portersgate",
    "county": "Co. Wexford",
    "country": "Ireland",
    "vern": "Geata an Phóirtéaraigh (ga)",
    "repo": "National Museum of Ireland",
    "logainm": "https://www.logainm.ie/ga/53564"
   }
  },
  {
   "type": "Feature",
   "id": "I-WIC-001",
   "geometry": {
    "type": "Point",
    "coordinates": [
     -6.071241,
     52.904532
    ]
   },
   "properties": {
    "id": "I-WIC-001",
    "title": "Cáisleán tSíomoin | Castletimon",
    "ciic": "47",
    "tm": "https://www.trismegistos.org/text/172498",
    "townland": "Castletimon",
    "county": "Co. Wicklow",
    "country": "Ireland",
    "vern": "Cáisleán tSíomoin (ga)",
    "logainm": "https://www.logainm.ie/en/55352"
   }
  },
  {
   "type": "Feature",
   "id": "I-WIC-002",
   "geometry": {
    "type": "Point",
    "coordinates": [
     -6.633596,
     53.009083
    ]
   },
   "properties": {
    "id": "I-WIC-002",
    "title": "Dún Ard | Donard",
    "ciic": "48",
    "tm": "https://www.trismegistos.org/text/172542",
    "townland": "Donard",
    "county": "Co. Wicklow",
    "country": "Ireland",
    "vern": "Dún Ard (ga)",
    "logainm": "https://www.logainm.ie/en/54683"
   }
  },
  {
   "type": "Feature",
   "id": "I-WIC-003",
   "geometry": {
    "type": "Point",
    "coordinates": [
     -6.711,
     52.94
    ]
   },
   "properties": {
    "id": "I-WIC-003",
    "title": "Bealach Conglais | Baltinglass",
    "ciic": "49",
    "tm": "https://www.trismegistos.org/text/172471",
    "townland": "Baltinglass",
    "county": "Co. Wicklow",
    "country": "Ireland",
    "vern": "Bealach Conglais (ga)",
    "repo": "National Museum of Ireland",
    "logainm": "https://www.logainm.ie/en/1416543"
   }
  },
  {
   "type": "Feature",
   "id": "I-WIC-004",
   "geometry": {
    "type": "Point",
    "coordinates": [
     -6.613903,
     52.944176
    ]
   },
   "properties": {
    "id": "I-WIC-004",
    "title": "Buaile an Charraigín | Boleycarrigeen",
    "ciic": "50",
    "tm": "https://www.trismegistos.org/text/172476",
    "townland": "Boleycarrigeen",
    "county": "Co. Wicklow",
    "country": "Ireland",
    "vern": "Buaile an Charraigín (ga)",
    "logainm": "https://www.logainm.ie/ga/54734"
   }
  },
  {
   "type": "Feature",
   "id": "I-WIC-005",
   "geometry": {
    "type": "Point",
    "coordinates": [
     -6.53639,
     52.995927
    ]
   },
   "properties": {
    "id": "I-WIC-005",
    "title": "An Cnoicín | Knickeen",
    "ciic": "51",
    "tm": "https://www.trismegistos.org/text/172639",
    "townland": "Knickeen",
    "county": "Co. Wicklow",
    "country": "Ireland",
    "vern": "An Cnoicín (ga)",
    "logainm": "https://www.logainm.ie/ga/54817"
   }
  },
  {
   "type": "Feature",
   "id": "M-IOM-001",
   "geometry": {
    "type": "Point",
    "coordinates": [
     -4.752794,
     54.076378
    ]
   },
   "properties": {
    "id": "M-IOM-001",
    "title": "Ballaqueeney 1",
    "ciic": "503",
    "cisp": "RUSHN/1",
    "parish": "Rushen",
    "country": "Isle of Man",
    "repo": "Manx Museum",
    "cispUrl": "https://www.ucl.ac.uk/archaeology/cisp/database/stone/rushn_1.html"
   }
  },
  {
   "type": "Feature",
   "id": "M-IOM-002",
   "geometry": {
    "type": "Point",
    "coordinates": [
     -4.752794,
     54.076378
    ]
   },
   "properties": {
    "id": "M-IOM-002",
    "title": "Ballaqueeney 2",
    "ciic": "504",
    "cisp": "RUSHN/2",
    "parish": "Rushen",
    "country": "Isle of Man",
    "repo": "Manx Museum",
    "cispUrl": "https://www.ucl.ac.uk/archaeology/cisp/database/stone/rushn_2.html"
   }
  },
  {
   "type": "Feature",
   "id": "M-IOM-003",
   "geometry": {
    "type": "Point",
    "coordinates": [
     -4.679378,
     54.099614
    ]
   },
   "properties": {
    "id": "M-IOM-003",
    "title": "Bimaken Friary 1",
    "ciic": "501",
    "cisp": "ARBRY/1",
    "parish": "Kirk Arbory",
    "country": "Isle of Man",
    "repo": "Manx Museum",
    "cispUrl": "https://www.ucl.ac.uk/archaeology/cisp/database/stone/arbry_1.html"
   }
  },
  {
   "type": "Feature",
   "id": "M-IOM-004",
   "geometry": {
    "type": "Point",
    "coordinates": [
     -4.679378,
     54.099614
    ]
   },
   "properties": {
    "id": "M-IOM-004",
    "title": "Bimaken Friary 2",
    "ciic": "502",
    "cisp": "ARBRY/2",
    "parish": "Kirk Arbory",
    "country": "Isle of Man",
    "repo": "Manx Museum",
    "cispUrl": "https://www.ucl.ac.uk/archaeology/cisp/database/stone/arbry_2.html"
   }
  },
  {
   "type": "Feature",
   "id": "M-IOM-005",
   "geometry": {
    "type": "Point",
    "coordinates": [
     -4.586922,
     54.285039
    ]
   },
   "properties": {
    "id": "M-IOM-005",
    "title": "Kirk Michael",
    "cisp": "KMICH/1",
    "parish": "Kirk Michael",
    "country": "Isle of Man",
    "cispUrl": "https://www.ucl.ac.uk/archaeology/cisp/database/stone/kmich_1.html"
   }
  },
  {
   "type": "Feature",
   "id": "M-IOM-006",
   "geometry": {
    "type": "Point",
    "coordinates": [
     -4.317214,
     54.297719
    ]
   },
   "properties": {
    "id": "M-IOM-006",
    "title": "Maghal | Maughold 2",
    "cisp": "MAUGH/2",
    "parish": "Kirk Maughold",
    "country": "Isle of Man",
    "cispUrl": "https://www.ucl.ac.uk/archaeology/cisp/database/stone/maugh_2.html"
   }
  },
  {
   "type": "Feature",
   "id": "M-IOM-007",
   "geometry": {
    "type": "Point",
    "coordinates": [
     -4.459517,
     54.390192
    ]
   },
   "properties": {
    "id": "M-IOM-007",
    "title": "Knoc y Doonee",
    "ciic": "500",
    "cisp": "ANDRS/1",
    "townland": "Knoc y Doonee",
    "parish": "Kirk Andreas",
    "country": "Isle of Man",
    "repo": "Manx Museum",
    "cispUrl": "https://www.ucl.ac.uk/archaeology/cisp/database/stone/andrs_1.html"
   }
  },
  {
   "type": "Feature",
   "id": "M-IOM-008",
   "geometry": {
    "type": "Point",
    "coordinates": [
     -4.373056,
     54.378889
    ]
   },
   "properties": {
    "id": "M-IOM-008",
    "title": "Ballavarkish",
    "ciic": "1068",
    "cisp": "BRIDE/1",
    "townland": "Bride",
    "country": "Isle of Man",
    "cispUrl": "https://www.ucl.ac.uk/archaeology/cisp/database/stone/bride_1.html"
   }
  },
  {
   "type": "Feature",
   "id": "M-IOM-009",
   "geometry": {
    "type": "Point",
    "coordinates": [
     -4.559436,
     54.139086
    ]
   },
   "properties": {
    "id": "M-IOM-009",
    "title": "Speke Farm Keeill Stone",
    "parish": "Santon",
    "country": "Isle of Man",
    "repo": "Manx Museum"
   }
  },
  {
   "type": "Feature",
   "id": "S-ABD-001",
   "geometry": {
    "type": "Point",
    "coordinates": [
     -2.562778,
     57.356667
    ]
   },
   "properties": {
    "id": "S-ABD-001",
    "title": "Newton",
    "cisp": "NEWT/1",
    "parish": "Culsalmond",
    "county": "Aberdeenshire",
    "country": "Scotland",
    "cispUrl": "https://www.ucl.ac.uk/archaeology/cisp/database/stone/newt_1.html"
   }
  },
  {
   "type": "Feature",
   "id": "S-ABD-002",
   "geometry": {
    "type": "Point",
    "coordinates": [
     -2.494167,
     57.3225
    ]
   },
   "properties": {
    "id": "S-ABD-002",
    "title": "Logie Elphinstone",
    "cisp": "LPHIN/1",
    "parish": "Chapel Of Garioch",
    "county": "Aberdeenshire",
    "country": "Scotland",
    "cispUrl": "https://www.ucl.ac.uk/archaeology/cisp/database/stone/lphin_1.html"
   }
  },
  {
   "type": "Feature",
   "id": "S-ABD-003",
   "geometry": {
    "type": "Point",
    "coordinates": [
     -2.758611,
     57.09
    ]
   },
   "properties": {
    "id": "S-ABD-003",
    "title": "Formaston",
    "cisp": "FRMSN/1",
    "parish": "Aboyne",
    "county": "Aberdeenshire",
    "country": "Scotland",
    "cispUrl": "https://www.ucl.ac.uk/archaeology/cisp/database/stone/frmsn_1.html"
   }
  },
  {
   "type": "Feature",
   "id": "S-ABD-004",
   "geometry": {
    "type": "Point",
    "coordinates": [
     -2.4,
     57.291667
    ]
   },
   "properties": {
    "id": "S-ABD-004",
    "title": "Brandsbutt",
    "cisp": "BRATT/1",
    "parish": "Inverurie",
    "county": "Aberdeenshire",
    "country": "Scotland",
    "cispUrl": "https://www.ucl.ac.uk/archaeology/cisp/database/stone/bratt_1.html"
   }
  },
  {
   "type": "Feature",
   "id": "S-ABD-005",
   "geometry": {
    "type": "Point",
    "coordinates": [
     -2.506389,
     57.277222
    ]
   },
   "properties": {
    "id": "S-ABD-005",
    "title": "Afforsk",
    "cisp": "MAINS/1",
    "parish": "Oyne",
    "county": "Aberdeenshire",
    "country": "Scotland",
    "cispUrl": "https://www.ucl.ac.uk/archaeology/cisp/database/stone/mains_1.html"
   }
  },
  {
   "type": "Feature",
   "id": "S-ABD-006",
   "geometry": {
    "type": "Point",
    "coordinates": [
     -2.208333,
     57.229167
    ]
   },
   "properties": {
    "id": "S-ABD-006",
    "title": "Dyce",
    "cisp": "DYCE/1",
    "parish": "Dyce",
    "county": "Aberdeenshire",
    "country": "Scotland"
   }
  },
  {
   "type": "Feature",
   "id": "S-ABD-007",
   "geometry": {
    "type": "Point",
    "coordinates": [
     -2.493333,
     57.311944
    ]
   },
   "properties": {
    "id": "S-ABD-007",
    "title": "Chapel of Garioch",
    "parish": "Chapel Of Garioch",
    "county": "Aberdeenshire",
    "country": "Scotland"
   }
  },
  {
   "type": "Feature",
   "id": "S-ANS-001",
   "geometry": {
    "type": "Point",
    "coordinates": [
     -2.590278,
     56.576944
    ]
   },
   "properties": {
    "id": "S-ANS-001",
    "title": "St Vigeans",
    "parish": "St Vigeans",
    "county": "Angus",
    "country": "Scotland",
    "repo": "St Vigeans Museum"
   }
  },
  {
   "type": "Feature",
   "id": "S-ANS-002",
   "geometry": {
    "type": "Point",
    "coordinates": [
     -2.998056,
     56.678056
    ]
   },
   "properties": {
    "id": "S-ANS-002",
    "title": "Kirriemuir",
    "parish": "Kirriemuir",
    "county": "Angus",
    "country": "Scotland",
    "repo": "Meffan Museum and Gallery, Forfar"
   }
  },
  {
   "type": "Feature",
   "id": "S-ANS-003",
   "geometry": {
    "type": "Point",
    "coordinates": [
     -2.821111,
     56.480556
    ]
   },
   "properties": {
    "id": "S-ANS-003",
    "title": "Monifieth",
    "parish": "Monifieth",
    "county": "Angus",
    "country": "Scotland",
    "repo": "National Museums of Scotland"
   }
  },
  {
   "type": "Feature",
   "id": "S-ARL-001",
   "geometry": {
    "type": "Point",
    "coordinates": [
     -5.750278,
     55.669722
    ]
   },
   "properties": {
    "id": "S-ARL-001",
    "title": "Gigha 1",
    "ciic": "506",
    "cisp": "GIGHA/1",
    "parish": "Gigha and Cara",
    "county": "Argyll",
    "country": "Scotland"
   }
  },
  {
   "type": "Feature",
   "id": "S-ARL-002",
   "geometry": {
    "type": "Point",
    "coordinates": [
     -5.507222,
     56.1175
    ]
   },
   "properties": {
    "id": "S-ARL-002",
    "title": "Poltalloch",
    "ciic": "507",
    "cisp": "POLCH/1",
    "parish": "Kilmartin",
    "county": "Argyll and Bute",
    "country": "Scotland",
    "repo": "National Museums of Scotland"
   }
  },
  {
   "type": "Feature",
   "id": "S-ARL-003",
   "geometry": {
    "type": "Point",
    "coordinates": [
     -5.478889,
     56.085833
    ]
   },
   "properties": {
    "id": "S-ARL-003",
    "title": "Dún Ad | Dunadd",
    "cisp": "DUNAD/1",
    "parish": "Kilmichael Glassary",
    "county": "Argyll",
    "country": "Scotland"
   }
  },
  {
   "type": "Feature",
   "id": "S-ARL-004",
   "geometry": {
    "type": "Point",
    "coordinates": [
     -4.903333,
     56.171667
    ]
   },
   "properties": {
    "id": "S-ARL-004",
    "title": "Lochgoilhead",
    "cisp": "LOHED/1",
    "parish": "Lochgoilhead and Kilmorich",
    "county": "Argyll",
    "country": "Scotland"
   }
  },
  {
   "type": "Feature",
   "id": "S-BUT-001",
   "geometry": {
    "type": "Point",
    "coordinates": [
     -5.353333,
     55.526111
    ]
   },
   "properties": {
    "id": "S-BUT-001",
    "title": "Blackwaterfoot 1",
    "cisp": "BLFOO/1",
    "parish": "Kilmory",
    "county": "Bute",
    "country": "Scotland",
    "cispUrl": "https://www.ucl.ac.uk/archaeology/cisp/database/stone/blfoo_1.html"
   }
  },
  {
   "type": "Feature",
   "id": "S-BUT-002",
   "geometry": {
    "type": "Point",
    "coordinates": [
     -5.153611,
     55.789444
    ]
   },
   "properties": {
    "id": "S-BUT-002",
    "title": "Inchmarnock 1",
    "cisp": "x",
    "parish": "North Bute",
    "county": "Bute",
    "country": "Scotland",
    "repo": "Bute Museum"
   }
  },
  {
   "type": "Feature",
   "id": "S-BUT-003",
   "geometry": {
    "type": "Point",
    "coordinates": [
     -5.153611,
     55.789444
    ]
   },
   "properties": {
    "id": "S-BUT-003",
    "title": "Inchmarnock 2",
    "cisp": "x",
    "parish": "North Bute",
    "county": "Bute",
    "country": "Scotland",
    "repo": "National Museum of Scotland"
   }
  },
  {
   "type": "Feature",
   "id": "S-BUT-004",
   "geometry": {
    "type": "Point",
    "coordinates": [
     -5.153611,
     55.789444
    ]
   },
   "properties": {
    "id": "S-BUT-004",
    "title": "Inchmarnock 3",
    "cisp": "x",
    "parish": "North Bute",
    "county": "Bute",
    "country": "Scotland",
    "repo": "National Museum of Scotland"
   }
  },
  {
   "type": "Feature",
   "id": "S-CAI-001",
   "geometry": {
    "type": "Point",
    "coordinates": [
     -3.119167,
     58.478333
    ]
   },
   "properties": {
    "id": "S-CAI-001",
    "title": "Ackergill",
    "cisp": "ACKGL/1",
    "parish": "Wick",
    "county": "Caithness",
    "country": "Scotland",
    "repo": "National Museums of Scotland",
    "cispUrl": "https://www.ucl.ac.uk/archaeology/cisp/database/stone/ackgl_1.html"
   }
  },
  {
   "type": "Feature",
   "id": "S-DGY-001",
   "geometry": {
    "type": "Point",
    "coordinates": [
     -5.137222,
     54.912222
    ]
   },
   "properties": {
    "id": "S-DGY-001",
    "title": "Lochnaw",
    "cisp": "LONAW/1",
    "parish": "Leswalt",
    "county": "Dumfries and Galloway",
    "country": "Scotland",
    "repo": "Dumfries Museum"
   }
  },
  {
   "type": "Feature",
   "id": "S-FIF-001",
   "geometry": {
    "type": "Point",
    "coordinates": [
     -2.994444,
     56.203611
    ]
   },
   "properties": {
    "id": "S-FIF-001",
    "title": "Scoonie",
    "cisp": "SCNIE/1",
    "parish": "Scoonie (Kirkcaldy)",
    "county": "Fife",
    "country": "Scotland",
    "repo": "National Museums of Scotland"
   }
  },
  {
   "type": "Feature",
   "id": "S-INV-001",
   "geometry": {
    "type": "Point",
    "coordinates": [
     -7.419167,
     57.659167
    ]
   },
   "properties": {
    "id": "S-INV-001",
    "title": "Bac Mhic Connain",
    "parish": "North Uist",
    "county": "Inverness-shire",
    "country": "Scotland",
    "repo": "National Museums of Scotland"
   }
  },
  {
   "type": "Feature",
   "id": "S-INV-002",
   "geometry": {
    "type": "Point",
    "coordinates": [
     -7.425,
     57.245
    ]
   },
   "properties": {
    "id": "S-INV-002",
    "title": "Bornais",
    "parish": "South Uist",
    "county": "Inverness-shire",
    "country": "Scotland",
    "repo": "Museum nan Eilean in Steòrnabhagh | Stornoway"
   }
  },
  {
   "type": "Feature",
   "id": "S-KCD-001",
   "geometry": {
    "type": "Point",
    "coordinates": [
     -2.2925,
     57.008056
    ]
   },
   "properties": {
    "id": "S-KCD-001",
    "title": "Auquhollie",
    "cisp": "AUQUH/1",
    "parish": "Fetteresso",
    "county": "Kincardineshire",
    "country": "Scotland"
   }
  },
  {
   "type": "Feature",
   "id": "S-KCD-002",
   "geometry": {
    "type": "Point",
    "coordinates": [
     -2.451111,
     56.896111
    ]
   },
   "properties": {
    "id": "S-KCD-002",
    "title": "Fordoun",
    "cisp": "FORDN/1",
    "parish": "Fordoun",
    "county": "Kincardineshire",
    "country": "Scotland"
   }
  },
  {
   "type": "Feature",
   "id": "S-LKS-X01",
   "geometry": {
    "type": "Point",
    "coordinates": [
     -4.100278,
     55.876389
    ]
   },
   "properties": {
    "id": "S-LKS-X01",
    "title": "Bishop Loch",
    "cisp": "x",
    "parish": "Old Monkland",
    "county": "Lanarkshire",
    "country": "Scotland",
    "repo": "National Museums of Scotland"
   }
  },
  {
   "type": "Feature",
   "id": "S-MOR-001",
   "geometry": {
    "type": "Point",
    "coordinates": [
     -3.701111,
     57.5975
    ]
   },
   "properties": {
    "id": "S-MOR-001",
    "title": "Dyke",
    "cisp": "BROD/1",
    "parish": "Dyke and Moy",
    "county": "Moray",
    "country": "Scotland"
   }
  },
  {
   "type": "Feature",
   "id": "S-MOR-002",
   "geometry": {
    "type": "Point",
    "coordinates": [
     -3.608611,
     57.578056
    ]
   },
   "properties": {
    "id": "S-MOR-002",
    "title": "Altyre",
    "cisp": "ALTYR/1",
    "parish": "Rafford",
    "county": "Moray",
    "country": "Scotland"
   }
  },
  {
   "type": "Feature",
   "id": "S-ORK-001",
   "geometry": {
    "type": "Point",
    "coordinates": [
     -2.418889,
     59.348056
    ]
   },
   "properties": {
    "id": "S-ORK-001",
    "title": "Burrian",
    "cisp": "BURIN/1",
    "parish": "North Ronaldsay",
    "county": "Orkney",
    "country": "Scotland",
    "repo": "National Museums of Scotland",
    "cispUrl": "http://www.ucl.ac.uk/archaeology/cisp/database/stone/burin_1.html"
   }
  },
  {
   "type": "Feature",
   "id": "S-ORK-002",
   "geometry": {
    "type": "Point",
    "coordinates": [
     -3.081111,
     59.123889
    ]
   },
   "properties": {
    "id": "S-ORK-002",
    "title": "Gurness",
    "parish": "Evie and Rendall",
    "county": "Orkney",
    "country": "Scotland",
    "repo": "National Museums of Scotland"
   }
  },
  {
   "type": "Feature",
   "id": "S-ORK-003",
   "geometry": {
    "type": "Point",
    "coordinates": [
     -3.330278,
     59.136389
    ]
   },
   "properties": {
    "id": "S-ORK-003",
    "title": "Birsay 1",
    "cisp": "BIRSY/1",
    "parish": "Birsay and Harray",
    "county": "Orkney",
    "country": "Scotland",
    "repo": "National Museums of Scotland",
    "cispUrl": "http://www.ucl.ac.uk/archaeology/cisp/database/stone/birsy_1.html"
   }
  },
  {
   "type": "Feature",
   "id": "S-ORK-004",
   "geometry": {
    "type": "Point",
    "coordinates": [
     -3.330278,
     59.136389
    ]
   },
   "properties": {
    "id": "S-ORK-004",
    "title": "Birsay 2",
    "cisp": "BIRSY/2",
    "parish": "Birsay and Harray",
    "county": "Orkney",
    "country": "Scotland",
    "repo": "National Museums of Scotland",
    "cispUrl": "http://www.ucl.ac.uk/archaeology/cisp/database/stone/birsy_2.html"
   }
  },
  {
   "type": "Feature",
   "id": "S-ORK-005",
   "geometry": {
    "type": "Point",
    "coordinates": [
     -3.323333,
     59.134167
    ]
   },
   "properties": {
    "id": "S-ORK-005",
    "title": "Buckquoy",
    "parish": "Birsay",
    "county": "Orkney",
    "country": "Scotland",
    "repo": "Orkney Museum"
   }
  },
  {
   "type": "Feature",
   "id": "S-ORK-006",
   "geometry": {
    "type": "Point",
    "coordinates": [
     -3.330278,
     59.136389
    ]
   },
   "properties": {
    "id": "S-ORK-006",
    "title": "Birsay 3",
    "cisp": "BIRSY/3",
    "parish": "Birsay and Harray",
    "county": "Orkney",
    "country": "Scotland",
    "repo": "National Museums of Scotland",
    "cispUrl": "http://www.ucl.ac.uk/archaeology/cisp/database/stone/birsy_3.html"
   }
  },
  {
   "type": "Feature",
   "id": "S-ORK-007",
   "geometry": {
    "type": "Point",
    "coordinates": [
     -3.330278,
     59.136389
    ]
   },
   "properties": {
    "id": "S-ORK-007",
    "title": "Birsay 4",
    "parish": "Birsay and Harray",
    "county": "Orkney",
    "country": "Scotland",
    "repo": "National Museums of Scotland"
   }
  },
  {
   "type": "Feature",
   "id": "S-ORK-008",
   "geometry": {
    "type": "Point",
    "coordinates": [
     -2.668611,
     59.225556
    ]
   },
   "properties": {
    "id": "S-ORK-008",
    "title": "Pool 1",
    "cisp": "POOL/1",
    "parish": "Sanday",
    "county": "Orkney",
    "country": "Scotland",
    "repo": "Orkney Museum",
    "cispUrl": "http://www.ucl.ac.uk/archaeology/cisp/database/stone/pool_1.html"
   }
  },
  {
   "type": "Feature",
   "id": "S-ORK-X01",
   "geometry": {
    "type": "Point",
    "coordinates": [
     -2.668612,
     59.225556
    ]
   },
   "properties": {
    "id": "S-ORK-X01",
    "title": "Pool 2",
    "townland": "Sanday",
    "county": "Orkney",
    "country": "Scotland",
    "repo": "Orkney Museum"
   }
  },
  {
   "type": "Feature",
   "id": "S-PER-001",
   "geometry": {
    "type": "Point",
    "coordinates": [
     -3.311667,
     56.333056
    ]
   },
   "properties": {
    "id": "S-PER-001",
    "title": "Abernethy 1",
    "cisp": "ABNTY/1",
    "parish": "Abernethy",
    "county": "Perthshire",
    "country": "Scotland",
    "repo": "National Museums of Scotland"
   }
  },
  {
   "type": "Feature",
   "id": "S-PER-002",
   "geometry": {
    "type": "Point",
    "coordinates": [
     -3.311668,
     56.333056
    ]
   },
   "properties": {
    "id": "S-PER-002",
    "title": "Abernethy 2",
    "cisp": "x",
    "parish": "Abernethy",
    "county": "Perthshire",
    "country": "Scotland"
   }
  },
  {
   "type": "Feature",
   "id": "S-PER-003",
   "geometry": {
    "type": "Point",
    "coordinates": [
     -3.3125,
     56.376111
    ]
   },
   "properties": {
    "id": "S-PER-003",
    "title": "Inchyra",
    "cisp": "INCHY/1",
    "parish": "St Madoes",
    "county": "Perthshire",
    "country": "Scotland",
    "repo": "Perth Museum"
   }
  },
  {
   "type": "Feature",
   "id": "S-PER-004",
   "geometry": {
    "type": "Point",
    "coordinates": [
     -4.086111,
     56.197222
    ]
   },
   "properties": {
    "id": "S-PER-004",
    "title": "Old Kilmadock",
    "parish": "Kilmadock",
    "county": "Perthshire",
    "country": "Scotland"
   }
  },
  {
   "type": "Feature",
   "id": "S-PER-X01",
   "geometry": {
    "type": "Point",
    "coordinates": [
     -4.385556,
     56.496944
    ]
   },
   "properties": {
    "id": "S-PER-X01",
    "title": "Duncroisk",
    "cisp": "x",
    "parish": "Killin",
    "county": "Perthshire",
    "country": "Scotland"
   }
  },
  {
   "type": "Feature",
   "id": "S-SEL-X01",
   "geometry": {
    "type": "Point",
    "coordinates": [
     -2.836667,
     55.538333
    ]
   },
   "properties": {
    "id": "S-SEL-X01",
    "title": "Selkirk",
    "parish": "Selkirk",
    "county": "Selkirkshire",
    "country": "Scotland",
    "repo": "Live Borders Library HQ, Selkirk"
   }
  },
  {
   "type": "Feature",
   "id": "S-SHE-001",
   "geometry": {
    "type": "Point",
    "coordinates": [
     -1.063056,
     60.161944
    ]
   },
   "properties": {
    "id": "S-SHE-001",
    "title": "Bressay",
    "cisp": "BREAY/1",
    "parish": "Bressay",
    "county": "Shetland",
    "country": "Scotland",
    "repo": "National Museums of Scotland",
    "cispUrl": "http://www.ucl.ac.uk/archaeology/cisp/database/stone/breay_1.html"
   }
  },
  {
   "type": "Feature",
   "id": "S-SHE-002",
   "geometry": {
    "type": "Point",
    "coordinates": [
     -1.224722,
     60.033611
    ]
   },
   "properties": {
    "id": "S-SHE-002",
    "title": "Cunningsburgh 1",
    "cisp": "CBURG/1",
    "parish": "Dunrossness",
    "county": "Shetland",
    "country": "Scotland",
    "repo": "National Museums of Scotland",
    "cispUrl": "http://www.ucl.ac.uk/archaeology/cisp/database/stone/cburg_1.html"
   }
  },
  {
   "type": "Feature",
   "id": "S-SHE-003",
   "geometry": {
    "type": "Point",
    "coordinates": [
     -1.224722,
     60.033611
    ]
   },
   "properties": {
    "id": "S-SHE-003",
    "title": "Cunningsburgh 2",
    "cisp": "CBURG/2",
    "parish": "Dunrossness",
    "county": "Shetland",
    "country": "Scotland",
    "repo": "National Museums of Scotland",
    "cispUrl": "http://www.ucl.ac.uk/archaeology/cisp/database/stone/cburg_2.html"
   }
  },
  {
   "type": "Feature",
   "id": "S-SHE-004",
   "geometry": {
    "type": "Point",
    "coordinates": [
     -1.341667,
     59.971389
    ]
   },
   "properties": {
    "id": "S-SHE-004",
    "title": "St Ninian's Isle 1",
    "cisp": "STNIN/1",
    "townland": "Dunrossness",
    "county": "Shetland",
    "country": "Scotland",
    "repo": "National Museums of Scotland",
    "cispUrl": "http://www.ucl.ac.uk/archaeology/cisp/database/stone/stnin_1.html"
   }
  },
  {
   "type": "Feature",
   "id": "S-SHE-005",
   "geometry": {
    "type": "Point",
    "coordinates": [
     -1.341667,
     59.971389
    ]
   },
   "properties": {
    "id": "S-SHE-005",
    "title": "St Ninian's Isle 2",
    "cisp": "STNIN/2",
    "townland": "Dunrossness",
    "county": "Shetland",
    "country": "Scotland",
    "repo": "National Museums of Scotland",
    "cispUrl": "http://www.ucl.ac.uk/archaeology/cisp/database/stone/stnin_2.html"
   }
  },
  {
   "type": "Feature",
   "id": "S-SHE-006",
   "geometry": {
    "type": "Point",
    "coordinates": [
     -1.341667,
     59.971389
    ]
   },
   "properties": {
    "id": "S-SHE-006",
    "title": "St Ninian's Isle 3",
    "cisp": "STNIN/3",
    "townland": "Dunrossness",
    "county": "Shetland",
    "country": "Scotland",
    "repo": "National Museums of Scotland",
    "cispUrl": "http://www.ucl.ac.uk/archaeology/cisp/database/stone/stnin_3.html"
   }
  },
  {
   "type": "Feature",
   "id": "S-SHE-007",
   "geometry": {
    "type": "Point",
    "coordinates": [
     -1.167778,
     60.366389
    ]
   },
   "properties": {
    "id": "S-SHE-007",
    "title": "Lunnasting",
    "cisp": "LTING/1",
    "townland": "Nesting",
    "county": "Shetland",
    "country": "Scotland",
    "repo": "National Museums of Scotland",
    "cispUrl": "http://www.ucl.ac.uk/archaeology/cisp/database/stone/lting_1.html"
   }
  },
  {
   "type": "Feature",
   "id": "S-SHE-008",
   "geometry": {
    "type": "Point",
    "coordinates": [
     -1.224722,
     60.033611
    ]
   },
   "properties": {
    "id": "S-SHE-008",
    "title": "Cunningsburgh 3",
    "cisp": "CBURG/3",
    "parish": "Dunrossness",
    "county": "Shetland",
    "country": "Scotland",
    "cispUrl": "http://www.ucl.ac.uk/archaeology/cisp/database/stone/cburg_3.html"
   }
  },
  {
   "type": "Feature",
   "id": "S-SHE-009",
   "geometry": {
    "type": "Point",
    "coordinates": [
     -1.224722,
     60.033611
    ]
   },
   "properties": {
    "id": "S-SHE-009",
    "title": "Cunningsburgh 4",
    "cisp": "CBURG/3",
    "parish": "Dunrossness",
    "county": "Shetland",
    "country": "Scotland",
    "repo": "National Museums of Scotland",
    "cispUrl": "http://www.ucl.ac.uk/archaeology/cisp/database/stone/cburg_3.html"
   }
  },
  {
   "type": "Feature",
   "id": "S-SHE-010",
   "geometry": {
    "type": "Point",
    "coordinates": [
     -1.304722,
     60.1825
    ]
   },
   "properties": {
    "id": "S-SHE-010",
    "title": "Whiteness",
    "cisp": "WNESS/1",
    "townland": "Tingwall",
    "county": "Shetland",
    "country": "Scotland",
    "repo": "National Museums of Scotland",
    "cispUrl": "http://www.ucl.ac.uk/archaeology/cisp/database/stone/wness_1.html"
   }
  },
  {
   "type": "Feature",
   "id": "S-SHE-011",
   "geometry": {
    "type": "Point",
    "coordinates": [
     -1.323333,
     59.973333
    ]
   },
   "properties": {
    "id": "S-SHE-011",
    "title": "Bigton",
    "townland": "Dunrossness",
    "county": "Shetland",
    "country": "Scotland",
    "repo": "Shetland Museum"
   }
  },
  {
   "type": "Feature",
   "id": "S-SUT-001",
   "geometry": {
    "type": "Point",
    "coordinates": [
     -3.968056,
     57.975833
    ]
   },
   "properties": {
    "id": "S-SUT-001",
    "title": "Golspie",
    "cisp": "GOLPI/1",
    "parish": "Golspie",
    "county": "Sutherland",
    "country": "Scotland",
    "repo": "Dunrobin Castle Museum"
   }
  },
  {
   "type": "Feature",
   "id": "S-SUT-002",
   "geometry": {
    "type": "Point",
    "coordinates": [
     -3.369167,
     58.279722
    ]
   },
   "properties": {
    "id": "S-SUT-002",
    "title": "Latheron",
    "cisp": "LARON/1",
    "parish": "Latheron",
    "county": "Sutherland",
    "country": "Scotland",
    "repo": "National Museums of Scotland"
   }
  },
  {
   "type": "Feature",
   "id": "W-AGY-001",
   "geometry": {
    "type": "Point",
    "coordinates": [
     -4.497758,
     53.221267
    ]
   },
   "properties": {
    "id": "W-AGY-001",
    "title": "Llanfaelog",
    "cisp": "LFAEL/1",
    "parish": "Llanfaelog",
    "county": "Anglesey",
    "country": "Wales",
    "vern": "Ynys Môn (cy)",
    "cispUrl": "https://www.ucl.ac.uk/archaeology/cisp/database/stone/lfael_1.html"
   }
  },
  {
   "type": "Feature",
   "id": "W-BRE-001",
   "geometry": {
    "type": "Point",
    "coordinates": [
     -3.346017,
     51.809722
    ]
   },
   "properties": {
    "id": "W-BRE-001",
    "title": "Llanddeti",
    "ciic": "336",
    "cisp": "PONTS/1",
    "tm": "172420",
    "parish": "Llanddeti",
    "county": "Brecknockshire",
    "country": "Wales",
    "vern": "Llanddetty (cy) | Brycheiniog (cy)",
    "cispUrl": "https://www.ucl.ac.uk/archaeology/cisp/database/stone/crckh_1.html",
    "logainm": "https://historicplacenames.rcahmw.gov.uk/placenames/recordedname/ff45ec70-3997-4418-94b8-eab1be934f74"
   }
  },
  {
   "type": "Feature",
   "id": "W-BRE-002",
   "geometry": {
    "type": "Point",
    "coordinates": [
     -3.63355,
     51.898694
    ]
   },
   "properties": {
    "id": "W-BRE-002",
    "title": "Crai | Llywel",
    "ciic": "329",
    "cisp": "CRAI/1",
    "tm": "172364",
    "county": "Brecknockshire",
    "country": "Wales",
    "vern": "Brycheiniog (cy)",
    "cispUrl": "https://www.ucl.ac.uk/archaeology/cisp/database/site/crai.html",
    "logainm": "https://historicplacenames.rcahmw.gov.uk/placenames/recordedname/0ead4636-55e5-4003-9e90-bf1eb4b46549"
   }
  },
  {
   "type": "Feature",
   "id": "W-BRE-003",
   "geometry": {
    "type": "Point",
    "coordinates": [
     -3.553209,
     51.809528
    ]
   },
   "properties": {
    "id": "W-BRE-003",
    "title": "Ystradfellte",
    "ciic": "345",
    "cisp": "YFLL2/1",
    "tm": "168540",
    "county": "Brecknockshire",
    "country": "Wales",
    "vern": "Brycheiniog (cy)",
    "repo": "Cyfarthfa Museum",
    "cispUrl": "https://www.ucl.ac.uk/archaeology/cisp/database/stone/yfll2_1.html",
    "logainm": "https://historicplacenames.rcahmw.gov.uk/placenames/recordedname/91839515-f596-49c4-9687-644651f5b094",
    "vague": true,
    "vagueWhy": "cert=\"low\""
   }
  },
  {
   "type": "Feature",
   "id": "W-BRE-004",
   "geometry": {
    "type": "Point",
    "coordinates": [
     -3.126958,
     51.866872
    ]
   },
   "properties": {
    "id": "W-BRE-004",
    "title": "Crickhowell",
    "ciic": "327",
    "cisp": "CRCKH/1",
    "tm": "172260",
    "parish": "Crickhowell",
    "county": "Brecknockshire",
    "country": "Wales",
    "vern": "Brycheiniog (cy)",
    "repo": "Brecknock Museum",
    "cispUrl": "https://www.ucl.ac.uk/archaeology/cisp/database/stone/crckh_1.html",
    "logainm": "https://historicplacenames.rcahmw.gov.uk/placenames/recordedname/6d25abb9-918e-4aca-98ce-9c921395aec5"
   }
  },
  {
   "type": "Feature",
   "id": "W-BRE-005",
   "geometry": {
    "type": "Point",
    "coordinates": [
     -3.505871,
     51.955282
    ]
   },
   "properties": {
    "id": "W-BRE-005",
    "title": "Trallwng",
    "ciic": "342",
    "cisp": "TRLLW/1",
    "tm": "168536",
    "county": "Brecknockshire",
    "country": "Wales",
    "vern": "Brycheiniog (cy)",
    "cispUrl": "https://www.ucl.ac.uk/archaeology/cisp/database/stone/trllw_1.html",
    "logainm": "https://historicplacenames.rcahmw.gov.uk/placenames/recordedname/c8fd5c9e-35b2-4a4f-bda9-c78eb1bd467d"
   }
  },
  {
   "type": "Feature",
   "id": "W-BRE-006",
   "geometry": {
    "type": "Point",
    "coordinates": [
     -3.625936,
     51.925325
    ]
   },
   "properties": {
    "id": "W-BRE-006",
    "title": "Pentre Poeth | Llywel",
    "ciic": "341",
    "cisp": "TCSTL/1",
    "tm": "172362",
    "county": "Brecknockshire",
    "country": "Wales",
    "vern": "Brycheiniog (cy)",
    "repo": "British Museum",
    "cispUrl": "https://www.ucl.ac.uk/archaeology/cisp/database/stone/tcstl_1.html",
    "logainm": "https://historicplacenames.rcahmw.gov.uk/placenames/recordedname/0ead4636-55e5-4003-9e90-bf1eb4b46549"
   }
  },
  {
   "type": "Feature",
   "id": "W-BRE-007",
   "geometry": {
    "type": "Point",
    "coordinates": [
     -3.565192,
     51.939186
    ]
   },
   "properties": {
    "id": "W-BRE-007",
    "title": "Defynnog",
    "ciic": "328",
    "cisp": "DFYNG/1",
    "tm": "172263",
    "county": "Brecknockshire",
    "country": "Wales",
    "vern": "Brycheiniog (cy)",
    "cispUrl": "https://www.ucl.ac.uk/archaeology/cisp/database/stone/dfyng_1.html",
    "logainm": "https://historicplacenames.rcahmw.gov.uk/placenames/recordedname/6d25abb9-918e-4aca-98ce-9c921395aec5"
   }
  },
  {
   "type": "Feature",
   "id": "W-BRE-008",
   "geometry": {
    "type": "Point",
    "coordinates": [
     -3.661125,
     51.936972
    ]
   },
   "properties": {
    "id": "W-BRE-008",
    "title": "Aberhydfer | Llywel",
    "cisp": "ABHYD/1",
    "county": "Brecknockshire",
    "country": "Wales",
    "vern": "Brycheiniog (cy)",
    "cispUrl": "https://www.ucl.ac.uk/archaeology/cisp/database/stone/abhyd_1.html",
    "logainm": "https://historicplacenames.rcahmw.gov.uk/placenames/recordedname/0ead4636-55e5-4003-9e90-bf1eb4b46549"
   }
  },
  {
   "type": "Feature",
   "id": "W-BRE-X01",
   "geometry": {
    "type": "Point",
    "coordinates": [
     -3.236375,
     51.884656
    ]
   },
   "properties": {
    "id": "W-BRE-X01",
    "title": "Bwlch",
    "ciic": "338",
    "cisp": "-",
    "parish": "Bwlch",
    "county": "Brecknockshire",
    "country": "Wales",
    "vern": "Brycheiniog (cy)",
    "logainm": "https://historicplacenames.rcahmw.gov.uk/placenames/recordedname/6d25abb9-918e-4aca-98ce-9c921395aec5"
   }
  },
  {
   "type": "Feature",
   "id": "W-BRE-X02",
   "geometry": {
    "type": "Point",
    "coordinates": [
     -3.563928,
     51.860975
    ]
   },
   "properties": {
    "id": "W-BRE-X02",
    "title": "Ystradfellte",
    "ciic": "343",
    "cisp": "-",
    "parish": "Ystradfellte",
    "county": "Brecknockshire",
    "country": "Wales",
    "vern": "Brycheiniog (cy)",
    "logainm": "https://historicplacenames.rcahmw.gov.uk/placenames/recordedname/6d25abb9-918e-4aca-98ce-9c921395aec5"
   }
  },
  {
   "type": "Feature",
   "id": "W-BRE-X03",
   "geometry": {
    "type": "Point",
    "coordinates": [
     -3.204539,
     51.889481
    ]
   },
   "properties": {
    "id": "W-BRE-X03",
    "title": "Llanfihangel Cwm Du",
    "ciic": "334",
    "cisp": "LFIC1/1",
    "tm": "168523",
    "parish": "Llanfihangel Cwm Du",
    "county": "Brecknockshire",
    "country": "Wales",
    "vern": "Brycheiniog (cy)",
    "cispUrl": "https://www.ucl.ac.uk/archaeology/cisp/database/stone/lfic1_1.html",
    "logainm": "https://historicplacenames.rcahmw.gov.uk/placenames/recordedname/6d25abb9-918e-4aca-98ce-9c921395aec5"
   }
  },
  {
   "type": "Feature",
   "id": "W-CAE-001",
   "geometry": {
    "type": "Point",
    "coordinates": [
     -4.261431,
     52.983411
    ]
   },
   "properties": {
    "id": "W-CAE-001",
    "title": "Dolbenmaen 2",
    "ciic": "380",
    "cisp": "BRYNK/1",
    "tm": "172332",
    "parish": "Dolbenmaen",
    "county": "Caithness",
    "country": "Wales",
    "cispUrl": "https://www.ucl.ac.uk/archaeology/cisp/database/stone/brynk_1.html"
   }
  },
  {
   "type": "Feature",
   "id": "W-CAE-X01",
   "geometry": {
    "type": "Point",
    "coordinates": [
     -4.181561,
     52.918011
    ]
   },
   "properties": {
    "id": "W-CAE-X01",
    "title": "Treflys",
    "ciic": "398",
    "cisp": "TFLYS/1",
    "tm": "172404",
    "parish": "Treflys",
    "county": "Caithness",
    "country": "Wales",
    "cispUrl": "https://www.ucl.ac.uk/archaeology/cisp/database/stone/tflys_1.html"
   }
  },
  {
   "type": "Feature",
   "id": "W-CGN-001",
   "geometry": {
    "type": "Point",
    "coordinates": [
     -4.209772,
     52.059325
    ]
   },
   "properties": {
    "id": "W-CGN-001",
    "title": "Llanwenog",
    "ciic": "353",
    "cisp": "RHDDL/1",
    "tm": "168603",
    "county": "Cardiganshire",
    "country": "Wales",
    "vern": "Ceredigion (cy)",
    "repo": "National Museum Wales",
    "cispUrl": "https://www.ucl.ac.uk/archaeology/cisp/database/stone/rhddl_1.html",
    "logainm": "https://historicplacenames.rcahmw.gov.uk/placenames/recordedname/987b0ae0-a75c-4ecc-9142-f6ef8cfe6d06"
   }
  },
  {
   "type": "Feature",
   "id": "W-CGN-X01",
   "geometry": {
    "type": "Point",
    "coordinates": [
     -4.306581,
     52.041192
    ]
   },
   "properties": {
    "id": "W-CGN-X01",
    "title": "Llandysul",
    "ciic": "349",
    "cisp": "LDYSL/1",
    "tm": "168601",
    "county": "Cardiganshire",
    "country": "Wales",
    "vern": "Ceredigion (cy)",
    "cispUrl": "https://www.ucl.ac.uk/archaeology/cisp/database/stone/ldysl_1.html",
    "logainm": "https://historicplacenames.rcahmw.gov.uk/placenames/recordedname/1b2b0f27-b4bb-42e8-bcc2-dcb791111d4d"
   }
  },
  {
   "type": "Feature",
   "id": "W-CMN-001",
   "geometry": {
    "type": "Point",
    "coordinates": [
     -4.328672,
     52.017378
    ]
   },
   "properties": {
    "id": "W-CMN-001",
    "title": "Llangeler",
    "ciic": "372",
    "cisp": "LGELR/1",
    "tm": "172316",
    "county": "Carmarthenshire",
    "country": "Wales",
    "cispUrl": "https://www.ucl.ac.uk/archaeology/cisp/database/stone/lgelr_1.html",
    "logainm": "https://historicplacenames.rcahmw.gov.uk/placenames/recordedname/71662acc-06aa-4396-8261-f59aab07909e"
   }
  },
  {
   "type": "Feature",
   "id": "W-CMN-002",
   "geometry": {
    "type": "Point",
    "coordinates": [
     -4.52955,
     51.909456
    ]
   },
   "properties": {
    "id": "W-CMN-002",
    "title": "Llanwinio",
    "ciic": "378",
    "cisp": "LWNIO/1",
    "tm": "168578",
    "county": "Carmarthenshire",
    "country": "Wales",
    "repo": "Carmarthen Museum, Abergwili",
    "cispUrl": "https://www.ucl.ac.uk/archaeology/cisp/database/stone/lwnio_1.html",
    "logainm": "https://historicplacenames.rcahmw.gov.uk/placenames/recordedname/6192f338-6461-450a-a45c-02bb13967c42"
   }
  },
  {
   "type": "Feature",
   "id": "W-CMN-003",
   "geometry": {
    "type": "Point",
    "coordinates": [
     -4.490461,
     51.773147
    ]
   },
   "properties": {
    "id": "W-CMN-003",
    "title": "Llandawke",
    "ciic": "368",
    "cisp": "LDWKE/1",
    "tm": "172302",
    "county": "Carmarthenshire",
    "country": "Wales",
    "cispUrl": "https://www.ucl.ac.uk/archaeology/cisp/database/stone/ldwke_1.html",
    "logainm": "https://historicplacenames.rcahmw.gov.uk/placenames/recordedname/f29e8abd-0eec-4498-8a49-a0bc8707b220"
   }
  },
  {
   "type": "Feature",
   "id": "W-CMN-004",
   "geometry": {
    "type": "Point",
    "coordinates": [
     -4.565031,
     51.766506
    ]
   },
   "properties": {
    "id": "W-CMN-004",
    "title": "Eglwys Gymyn",
    "ciic": "362",
    "cisp": "EGLWC/1",
    "tm": "172269",
    "county": "Carmarthenshire",
    "country": "Wales",
    "cispUrl": "https://www.ucl.ac.uk/archaeology/cisp/database/stone/eglwc_1.html",
    "logainm": "https://historicplacenames.rcahmw.gov.uk/placenames/recordedname/e76a8444-d2f6-44bc-9308-e80ecfcdd300"
   }
  },
  {
   "type": "Feature",
   "id": "W-CMN-005",
   "geometry": {
    "type": "Point",
    "coordinates": [
     -4.695,
     51.831406
    ]
   },
   "properties": {
    "id": "W-CMN-005",
    "title": "Castell Dwyran",
    "ciic": "358",
    "cisp": "CDWYR/1",
    "tm": "172256",
    "county": "Carmarthenshire",
    "country": "Wales",
    "repo": "Carmarthen Museum, Abergwili",
    "cispUrl": "https://www.ucl.ac.uk/archaeology/cisp/database/stone/cdwyr_1.html",
    "logainm": "https://historicplacenames.rcahmw.gov.uk/placenames/recordedname/1919c09b-b994-4833-b2f9-47ac9fa5ae6c"
   }
  },
  {
   "type": "Feature",
   "id": "W-CMN-X01",
   "geometry": {
    "type": "Point",
    "coordinates": [
     -4.650858,
     51.845989
    ]
   },
   "properties": {
    "id": "W-CMN-X01",
    "title": "Henllan Amgoed",
    "ciic": "364",
    "cisp": "HENLL/1",
    "tm": "172356",
    "county": "Carmarthenshire",
    "country": "Wales",
    "cispUrl": "https://www.ucl.ac.uk/archaeology/cisp/database/stone/henll_1.html",
    "logainm": "https://historicplacenames.rcahmw.gov.uk/placenames/recordedname/d2fd482d-5804-4570-b658-748ca28e1b06"
   }
  },
  {
   "type": "Feature",
   "id": "W-CMN-X02",
   "geometry": {
    "type": "Point",
    "coordinates": [
     -4.341428,
     51.747706
    ]
   },
   "properties": {
    "id": "W-CMN-X02",
    "title": "St Ishmaels",
    "ciic": "376",
    "cisp": "SISHM/1",
    "tm": "172326",
    "parish": "St Ishamels",
    "county": "Carmarthenshire",
    "country": "Wales",
    "repo": "Llansaint Chapel (All Saints' Church)",
    "cispUrl": "https://www.ucl.ac.uk/archaeology/cisp/database/stone/sishm_1.html"
   }
  },
  {
   "type": "Feature",
   "id": "W-DEN-001",
   "geometry": {
    "type": "Point",
    "coordinates": [
     -3.415525,
     53.067967
    ]
   },
   "properties": {
    "id": "W-DEN-001",
    "title": "Clocaenog",
    "ciic": "399",
    "cisp": "CLOCG/1",
    "tm": "172239",
    "county": "Denbighshire",
    "country": "Wales",
    "repo": "National Museum Wales",
    "cispUrl": "https://www.ucl.ac.uk/archaeology/cisp/database/stone/clocg_1.html",
    "logainm": "https://historicplacenames.rcahmw.gov.uk/placenames/recordedname/6903fb0c-b7c1-41bd-99ec-353670017de2"
   }
  },
  {
   "type": "Feature",
   "id": "W-DEN-X01",
   "geometry": {
    "type": "Point",
    "coordinates": [
     -3.703458,
     53.045853
    ]
   },
   "properties": {
    "id": "W-DEN-X01",
    "title": "Pentrefoelas",
    "ciic": "401",
    "cisp": "PTREF/1",
    "tm": "172363",
    "county": "Denbighshire",
    "country": "Wales",
    "cispUrl": "https://www.ucl.ac.uk/archaeology/cisp/database/stone/ptref_1.html",
    "logainm": "https://historicplacenames.rcahmw.gov.uk/placenames/recordedname/fb2e9f22-fcd7-4258-9e82-e3c7cee370d3"
   }
  },
  {
   "type": "Feature",
   "id": "W-GLA-001",
   "geometry": {
    "type": "Point",
    "coordinates": [
     -3.727606,
     51.545939
    ]
   },
   "properties": {
    "id": "W-GLA-001",
    "title": "Egylwys Nynnid | Margam",
    "ciic": "409",
    "cisp": "KENFG/1",
    "tm": "168558",
    "county": "Glamorgan",
    "country": "Wales",
    "repo": "Margam Stones Museum",
    "cispUrl": "https://www.ucl.ac.uk/archaeology/cisp/database/stone/kenfg_1.html",
    "logainm": "https://historicplacenames.rcahmw.gov.uk/placenames/recordedname/93692a56-6a9d-4aee-bd2a-90d3514ded78"
   }
  },
  {
   "type": "Feature",
   "id": "W-GLA-002",
   "geometry": {
    "type": "Point",
    "coordinates": [
     -4.06135,
     51.664108
    ]
   },
   "properties": {
    "id": "W-GLA-002",
    "title": "Loughor",
    "ciic": "405",
    "cisp": "LOUGH/1",
    "tm": "168570",
    "county": "Glamorgan",
    "country": "Wales",
    "repo": "Swansea Museum",
    "cispUrl": "https://www.ucl.ac.uk/archaeology/cisp/database/stone/lough_1.html",
    "logainm": "https://historicplacenames.rcahmw.gov.uk/placenames/recordedname/906f430b-33cf-4712-b3a8-8a1ee8693ea3"
   }
  },
  {
   "type": "Feature",
   "id": "W-GLA-X01",
   "geometry": {
    "type": "Point",
    "coordinates": [
     -3.249856,
     51.715653
    ]
   },
   "properties": {
    "id": "W-GLA-X01",
    "title": "Gelli-Gaer",
    "ciic": "404",
    "cisp": "TIRPH/1",
    "tm": "168547",
    "county": "Glamorgan",
    "country": "Wales",
    "repo": "National Museum Cardiff",
    "cispUrl": "https://www.ucl.ac.uk/archaeology/cisp/database/stone/tirph_1.html",
    "logainm": "https://historicplacenames.rcahmw.gov.uk/placenames/recordedname/46d4e9b7-d6d4-4ca8-8e06-b605f61f8d89"
   }
  },
  {
   "type": "Feature",
   "id": "W-GLA-X02",
   "geometry": {
    "type": "Point",
    "coordinates": [
     -3.689275,
     51.585703
    ]
   },
   "properties": {
    "id": "W-GLA-X02",
    "title": "Margam",
    "ciic": "408",
    "cisp": "MARG1/1",
    "tm": "168560",
    "county": "Glamorgan",
    "country": "Wales",
    "repo": "Margam Stones Museum",
    "cispUrl": "https://www.ucl.ac.uk/archaeology/cisp/database/stone/marg1_1.html",
    "logainm": "https://historicplacenames.rcahmw.gov.uk/placenames/recordedname/93692a56-6a9d-4aee-bd2a-90d3514ded78"
   }
  },
  {
   "type": "Feature",
   "id": "W-PEM-001",
   "geometry": {
    "type": "Point",
    "coordinates": [
     -4.680767,
     52.080031
    ]
   },
   "properties": {
    "id": "W-PEM-001",
    "title": "St Dogmaels",
    "ciic": "449",
    "cisp": "SDOGM/1",
    "tm": "168595",
    "parish": "St Dogmaels",
    "county": "Pembrokeshire",
    "country": "Wales",
    "cispUrl": "https://www.ucl.ac.uk/archaeology/cisp/database/stone/sdogm_1.html"
   }
  },
  {
   "type": "Feature",
   "id": "W-PEM-002",
   "geometry": {
    "type": "Point",
    "coordinates": [
     -4.548961,
     51.990242
    ]
   },
   "properties": {
    "id": "W-PEM-002",
    "title": "Clydai 3",
    "ciic": "431",
    "cisp": "CLYDI/3",
    "tm": "168598",
    "parish": "Clydau",
    "county": "Pembrokeshire",
    "country": "Wales",
    "cispUrl": "https://www.ucl.ac.uk/archaeology/cisp/database/stone/clydi_3.html"
   }
  },
  {
   "type": "Feature",
   "id": "W-PEM-003",
   "geometry": {
    "type": "Point",
    "coordinates": [
     -4.764158,
     51.908222
    ]
   },
   "properties": {
    "id": "W-PEM-003",
    "title": "Llandeilo 2",
    "ciic": "433",
    "cisp": "LDEIL/1",
    "tm": "172305",
    "parish": "Llandeilo Llwydarth",
    "county": "Pembrokeshire",
    "country": "Wales",
    "cispUrl": "https://www.ucl.ac.uk/archaeology/cisp/database/stone/ldeil_1.html"
   }
  },
  {
   "type": "Feature",
   "id": "W-PEM-004",
   "geometry": {
    "type": "Point",
    "coordinates": [
     -4.640536,
     52.056211
    ]
   },
   "properties": {
    "id": "W-PEM-004",
    "title": "Cilgerran",
    "ciic": "428",
    "cisp": "CILGN/1",
    "tm": "168526",
    "county": "Pembrokeshire",
    "country": "Wales",
    "cispUrl": "https://www.ucl.ac.uk/archaeology/cisp/database/stone/cilgn_1.html",
    "logainm": "https://historicplacenames.rcahmw.gov.uk/placenames/recordedname/995a8a89-beba-4c5f-9889-7db94ec85a5f"
   }
  },
  {
   "type": "Feature",
   "id": "W-PEM-005",
   "geometry": {
    "type": "Point",
    "coordinates": [
     -4.548961,
     51.990242
    ]
   },
   "properties": {
    "id": "W-PEM-005",
    "title": "Clydai 2",
    "ciic": "430",
    "cisp": "CLYDI/1",
    "tm": "168599",
    "parish": "Clydau",
    "county": "Pembrokeshire",
    "country": "Wales",
    "cispUrl": "https://www.ucl.ac.uk/archaeology/cisp/database/stone/clydi_1.html"
   }
  },
  {
   "type": "Feature",
   "id": "W-PEM-006",
   "geometry": {
    "type": "Point",
    "coordinates": [
     -4.660403,
     52.046861
    ]
   },
   "properties": {
    "id": "W-PEM-006",
    "title": "Bridell",
    "ciic": "426",
    "cisp": "BRIDL/1",
    "tm": "168596",
    "parish": "Bridell",
    "county": "Pembrokeshire",
    "country": "Wales",
    "cispUrl": "https://www.ucl.ac.uk/archaeology/cisp/database/stone/bridl_1.html"
   }
  },
  {
   "type": "Feature",
   "id": "W-PEM-007",
   "geometry": {
    "type": "Point",
    "coordinates": [
     -4.689097,
     51.634675
    ]
   },
   "properties": {
    "id": "W-PEM-007",
    "title": "Caldy Island",
    "ciic": "427",
    "cisp": "CALDY/1",
    "tm": "168583",
    "parish": "Caldy Island",
    "county": "Pembrokeshire",
    "country": "Wales",
    "cispUrl": "https://www.ucl.ac.uk/archaeology/cisp/database/stone/caldy_1.html"
   }
  },
  {
   "type": "Feature",
   "id": "W-PEM-008",
   "geometry": {
    "type": "Point",
    "coordinates": [
     -4.794869,
     52.025669
    ]
   },
   "properties": {
    "id": "W-PEM-008",
    "title": "Nevern 2",
    "ciic": "445",
    "cisp": "NEVRN/2",
    "tm": "168591",
    "parish": "Nevern",
    "county": "Pembrokeshire",
    "country": "Wales",
    "cispUrl": "https://www.ucl.ac.uk/archaeology/cisp/database/stone/nevrn_2.html"
   }
  },
  {
   "type": "Feature",
   "id": "W-PEM-009",
   "geometry": {
    "type": "Point",
    "coordinates": [
     -4.959414,
     51.879097
    ]
   },
   "properties": {
    "id": "W-PEM-009",
    "title": "St Dogwells",
    "ciic": "450",
    "cisp": "SDOGW/1",
    "tm": "172383",
    "parish": "St Dogwells",
    "county": "Pembrokeshire",
    "country": "Wales",
    "cispUrl": "https://www.ucl.ac.uk/archaeology/cisp/database/stone/sdogw_1.html"
   }
  },
  {
   "type": "Feature",
   "id": "W-PEM-010",
   "geometry": {
    "type": "Point",
    "coordinates": [
     -5.016294,
     51.73015
    ]
   },
   "properties": {
    "id": "W-PEM-010",
    "title": "Steynton",
    "ciic": "456",
    "cisp": "STNTN/1",
    "tm": "172395",
    "parish": "Steynton",
    "county": "Pembrokeshire",
    "country": "Wales",
    "cispUrl": "https://www.ucl.ac.uk/archaeology/cisp/database/stone/stntn_1.html"
   }
  },
  {
   "type": "Feature",
   "id": "W-PEM-011",
   "geometry": {
    "type": "Point",
    "coordinates": [
     -5.080456,
     51.906567
    ]
   },
   "properties": {
    "id": "W-PEM-011",
    "title": "Brawdy 2",
    "ciic": "423",
    "cisp": "BRAW1/1",
    "tm": "172249",
    "parish": "Brawdy",
    "county": "Pembrokeshire",
    "country": "Wales",
    "cispUrl": "https://www.ucl.ac.uk/archaeology/cisp/database/stone/braw1_1.html"
   }
  },
  {
   "type": "Feature",
   "id": "W-PEM-012",
   "geometry": {
    "type": "Point",
    "coordinates": [
     -5.077492,
     51.905744
    ]
   },
   "properties": {
    "id": "W-PEM-012",
    "title": "Brawdy 3",
    "ciic": "422",
    "cisp": "BRAW3/1",
    "tm": "172248",
    "parish": "Brawdy",
    "county": "Pembrokeshire",
    "country": "Wales",
    "cispUrl": "https://www.ucl.ac.uk/archaeology/cisp/database/stone/braw3_1.html"
   }
  },
  {
   "type": "Feature",
   "id": "W-PEM-013",
   "geometry": {
    "type": "Point",
    "coordinates": [
     -5.014458,
     51.941556
    ]
   },
   "properties": {
    "id": "W-PEM-013",
    "title": "Jordanston",
    "ciic": "432",
    "cisp": "JRDNS/1",
    "tm": "172282",
    "parish": "Jordanston",
    "county": "Pembrokeshire",
    "country": "Wales",
    "cispUrl": "https://www.ucl.ac.uk/archaeology/cisp/database/stone/jrdns_1.html"
   }
  },
  {
   "type": "Feature",
   "id": "W-PEM-014",
   "geometry": {
    "type": "Point",
    "coordinates": [
     -4.795144,
     52.025392
    ]
   },
   "properties": {
    "id": "W-PEM-014",
    "title": "Nevern 1",
    "ciic": "446",
    "cisp": "NEVRN/1",
    "tm": "172349",
    "parish": "Nevern",
    "county": "Pembrokeshire",
    "country": "Wales",
    "repo": "St. Brynach's Church",
    "cispUrl": "https://www.ucl.ac.uk/archaeology/cisp/database/stone/nevrn_1.html"
   }
  },
  {
   "type": "Feature",
   "id": "W-PEM-015",
   "geometry": {
    "type": "Point",
    "coordinates": [
     -4.657342,
     51.931278
    ]
   },
   "properties": {
    "id": "W-PEM-015",
    "title": "Llanfyrnach 2",
    "ciic": "439",
    "cisp": "LFRN2/1",
    "tm": "172312",
    "parish": "Llanfyrnach",
    "county": "Pembrokeshire",
    "country": "Wales",
    "cispUrl": "https://www.ucl.ac.uk/archaeology/cisp/database/stone/lfrn2_1.html"
   }
  },
  {
   "type": "Feature",
   "id": "W-PEM-016",
   "geometry": {
    "type": "Point",
    "coordinates": [
     -5.087522,
     51.945956
    ]
   },
   "properties": {
    "id": "W-PEM-016",
    "title": "Mathry",
    "ciic": "442",
    "cisp": "MTHRY/1",
    "tm": "172345",
    "parish": "Mathry",
    "county": "Pembrokeshire",
    "country": "Wales",
    "cispUrl": "https://www.ucl.ac.uk/archaeology/cisp/database/stone/mthry_1.html"
   }
  },
  {
   "type": "Feature",
   "id": "W-PEM-X01",
   "geometry": {
    "type": "Point",
    "coordinates": [
     -4.941539,
     51.867944
    ]
   },
   "properties": {
    "id": "W-PEM-X01",
    "title": "Spittal",
    "ciic": "402",
    "cisp": "SPTTL/1",
    "tm": "172367",
    "parish": "Spittal",
    "county": "Pembrokeshire",
    "country": "Wales",
    "cispUrl": "https://www.ucl.ac.uk/archaeology/cisp/database/stone/spttl_1.html"
   }
  }
 ]
}